==== stream: olmo2-7b-finetuned-2026-05-31-06-39-50-569/algo-1-1780209658 ====
[2026-05-31T06:44:56.788000+00:00] bash: cannot set terminal process group (-1): Inappropriate ioctl for device
[2026-05-31T06:44:56.788000+00:00] bash: no job control in this shell
[2026-05-31T06:44:56.788000+00:00] CUDA compat package should be installed for NVIDIA driver smaller than 580.126.20
[2026-05-31T06:44:56.788000+00:00] Current installed NVIDIA driver version is 570.211.01
[2026-05-31T06:44:56.788000+00:00] Adding CUDA compat to LD_LIBRARY_PATH
[2026-05-31T06:44:56.788000+00:00] /usr/local/cuda/compat:/usr/local/lib:/opt/amazon/ofi-nccl/lib:/opt/amazon/openmpi/lib:/opt/amazon/efa/lib:/usr/local/cuda/lib64:/usr/local/lib:/usr/local/cuda/lib64:/opt/amazon/ofi-nccl/lib:/opt/amazon/efa/lib:/opt/amazon/openmpi/lib:/usr/local/nvidia/lib:/usr/local/nvidia/lib64:/usr/local/cuda/lib64
[2026-05-31T06:44:56.788000+00:00] 2026-05-31 06:44:55,234 sagemaker-training-toolkit INFO     Imported framework sagemaker_pytorch_container.training
[2026-05-31T06:44:56.788000+00:00] 2026-05-31 06:44:55,253 sagemaker-training-toolkit INFO     No Neurons detected (normal if no neurons installed)
[2026-05-31T06:44:56.788000+00:00] 2026-05-31 06:44:55,274 sagemaker_pytorch_container.training INFO     Block until all host DNS lookups succeed.
[2026-05-31T06:44:56.788000+00:00] 2026-05-31 06:44:55,275 sagemaker_pytorch_container.training INFO     Invoking user training script.
[2026-05-31T06:44:56.788000+00:00] 2026-05-31 06:44:56,295 sagemaker-training-toolkit INFO     Provided path: /opt/ml/code  is empty, unzipping
[2026-05-31T06:44:56.788000+00:00] 2026-05-31 06:44:56,628 sagemaker-training-toolkit INFO     No Neurons detected (normal if no neurons installed)
[2026-05-31T06:44:56.788000+00:00] 2026-05-31 06:44:56,659 sagemaker-training-toolkit INFO     No Neurons detected (normal if no neurons installed)
[2026-05-31T06:44:56.788000+00:00] 2026-05-31 06:44:56,699 sagemaker-training-toolkit INFO     No Neurons detected (normal if no neurons installed)
[2026-05-31T06:44:56.788000+00:00] 2026-05-31 06:44:56,708 sagemaker-training-toolkit INFO     Invoking user script
[2026-05-31T06:44:56.788000+00:00] Training Env:
[2026-05-31T06:44:56.789000+00:00] {
    "additional_framework_parameters": {},
    "channel_input_dirs": {
        "training": "/opt/ml/input/data/training"
    },
    "current_host": "algo-1",
    "current_instance_group": "homogeneousCluster",
    "current_instance_group_hosts": [
        "algo-1"
    ],
    "current_instance_type": "ml.g6e.2xlarge",
    "distribution_hosts": [],
    "distribution_instance_groups": [],
    "framework_module": "sagemaker_pytorch_container.training:main",
    "hosts": [
        "algo-1"
    ],
    "hyperparameters": {
        "base_model": "allenai/OLMo-2-1124-7B-Instruct",
        "batch_size": 8,
        "epochs": 1,
        "gradient_accumulation": 1,
        "hub_model_id": "iamraymondlow/olmo2_7b-finetuned",
        "lora_alpha": 64,
        "lora_dropout": 0.05,
        "lora_r": 32,
        "lora_target_modules": "q_proj,k_proj,v_proj,o_proj",
        "lr": 0.0002,
        "max_grad_norm": 1.0,
        "max_seq_length": 2048,
        "seed": 42,
        "warmup_ratio": 0.03,
        "weight_decay": 0.01
    },
    "input_config_dir": "/opt/ml/input/config",
    "input_data_config": {
        "training": {
            "TrainingInputMode": "File",
            "S3DistributionType": "FullyReplicated",
            "RecordWrapperType": "None"
        }
    },
    "input_dir": "/opt/ml/input",
    "instance_groups": [
        "homogeneousCluster"
    ],
    "instance_groups_dict": {
        "homogeneousCluster": {
            "instance_group_name": "homogeneousCluster",
            "instance_type": "ml.g6e.2xlarge",
            "hosts": [
                "algo-1"
            ]
        }
    },
    "is_hetero": false,
    "is_master": true,
    "is_modelparallel_enabled": null,
    "is_smddpmprun_installed": false,
    "is_smddprun_installed": false,
    "job_name": "olmo2-7b-finetuned-2026-05-31-06-39-50-569",
    "log_level": 20,
    "master_hostname": "algo-1",
    "model_dir": "/opt/ml/model",
    "module_dir": "s3://sagemaker-us-east-1-858486579140/olmo2-7b-finetuned-2026-05-31-06-39-50-569/source/sourcedir.tar.gz",
    "module_name": "train",
    "network_interface_name": "eth0",
    "num_cpus": 8,
    "num_gpus": 1,
    "num_neurons": 0,
    "output_data_dir": "/opt/ml/output/data",
    "output_dir": "/opt/ml/output",
    "output_intermediate_dir": "/opt/ml/output/intermediate",
    "resource_config": {
        "current_host": "algo-1",
        "current_instance_type": "ml.g6e.2xlarge",
        "current_group_name": "homogeneousCluster",
        "hosts": [
            "algo-1"
        ],
        "instance_groups": [
            {
                "instance_group_name": "homogeneousCluster",
                "instance_type": "ml.g6e.2xlarge",
                "hosts": [
                    "algo-1"
                ]
            }
        ],
        "network_interface_name": "eth0",
        "topology": null
    },
    "topology": null,
    "user_entry_point": "train.py"
[2026-05-31T06:44:56.789000+00:00] }
[2026-05-31T06:44:56.789000+00:00] Environment variables:
[2026-05-31T06:44:56.789000+00:00] SM_HOSTS=["algo-1"]
[2026-05-31T06:44:56.789000+00:00] SM_NETWORK_INTERFACE_NAME=eth0
[2026-05-31T06:44:56.789000+00:00] SM_HPS={"base_model":"allenai/OLMo-2-1124-7B-Instruct","batch_size":8,"epochs":1,"gradient_accumulation":1,"hub_model_id":"iamraymondlow/olmo2_7b-finetuned","lora_alpha":64,"lora_dropout":0.05,"lora_r":32,"lora_target_modules":"q_proj,k_proj,v_proj,o_proj","lr":0.0002,"max_grad_norm":1.0,"max_seq_length":2048,"seed":42,"warmup_ratio":0.03,"weight_decay":0.01}
[2026-05-31T06:44:56.789000+00:00] SM_USER_ENTRY_POINT=train.py
[2026-05-31T06:44:56.789000+00:00] SM_FRAMEWORK_PARAMS={}
[2026-05-31T06:44:56.789000+00:00] SM_RESOURCE_CONFIG={"current_group_name":"homogeneousCluster","current_host":"algo-1","current_instance_type":"ml.g6e.2xlarge","hosts":["algo-1"],"instance_groups":[{"hosts":["algo-1"],"instance_group_name":"homogeneousCluster","instance_type":"ml.g6e.2xlarge"}],"network_interface_name":"eth0","topology":null}
[2026-05-31T06:44:56.789000+00:00] SM_INPUT_DATA_CONFIG={"training":{"RecordWrapperType":"None","S3DistributionType":"FullyReplicated","TrainingInputMode":"File"}}
[2026-05-31T06:44:56.789000+00:00] SM_OUTPUT_DATA_DIR=/opt/ml/output/data
[2026-05-31T06:44:56.789000+00:00] SM_CHANNELS=["training"]
[2026-05-31T06:44:56.789000+00:00] SM_CURRENT_HOST=algo-1
[2026-05-31T06:44:56.789000+00:00] SM_CURRENT_INSTANCE_TYPE=ml.g6e.2xlarge
[2026-05-31T06:44:56.789000+00:00] SM_CURRENT_INSTANCE_GROUP=homogeneousCluster
[2026-05-31T06:44:56.789000+00:00] SM_CURRENT_INSTANCE_GROUP_HOSTS=["algo-1"]
[2026-05-31T06:44:56.789000+00:00] SM_INSTANCE_GROUPS=["homogeneousCluster"]
[2026-05-31T06:44:56.789000+00:00] SM_INSTANCE_GROUPS_DICT={"homogeneousCluster":{"hosts":["algo-1"],"instance_group_name":"homogeneousCluster","instance_type":"ml.g6e.2xlarge"}}
[2026-05-31T06:44:56.789000+00:00] SM_DISTRIBUTION_INSTANCE_GROUPS=[]
[2026-05-31T06:44:56.789000+00:00] SM_IS_HETERO=false
[2026-05-31T06:44:56.789000+00:00] SM_MODULE_NAME=train
[2026-05-31T06:44:56.789000+00:00] SM_LOG_LEVEL=20
[2026-05-31T06:44:56.789000+00:00] SM_FRAMEWORK_MODULE=sagemaker_pytorch_container.training:main
[2026-05-31T06:44:56.789000+00:00] SM_INPUT_DIR=/opt/ml/input
[2026-05-31T06:44:56.789000+00:00] SM_INPUT_CONFIG_DIR=/opt/ml/input/config
[2026-05-31T06:44:56.789000+00:00] SM_OUTPUT_DIR=/opt/ml/output
[2026-05-31T06:44:56.789000+00:00] SM_NUM_CPUS=8
[2026-05-31T06:44:56.789000+00:00] SM_NUM_GPUS=1
[2026-05-31T06:44:56.789000+00:00] SM_NUM_NEURONS=0
[2026-05-31T06:44:56.789000+00:00] SM_MODEL_DIR=/opt/ml/model
[2026-05-31T06:44:56.789000+00:00] SM_MODULE_DIR=s3://sagemaker-us-east-1-858486579140/olmo2-7b-finetuned-2026-05-31-06-39-50-569/source/sourcedir.tar.gz
[2026-05-31T06:44:56.789000+00:00] SM_TRAINING_ENV={"additional_framework_parameters":{},"channel_input_dirs":{"training":"/opt/ml/input/data/training"},"current_host":"algo-1","current_instance_group":"homogeneousCluster","current_instance_group_hosts":["algo-1"],"current_instance_type":"ml.g6e.2xlarge","distribution_hosts":[],"distribution_instance_groups":[],"framework_module":"sagemaker_pytorch_container.training:main","hosts":["algo-1"],"hyperparameters":{"base_model":"allenai/OLMo-2-1124-7B-Instruct","batch_size":8,"epochs":1,"gradient_accumulation":1,"hub_model_id":"iamraymondlow/olmo2_7b-finetuned","lora_alpha":64,"lora_dropout":0.05,"lora_r":32,"lora_target_modules":"q_proj,k_proj,v_proj,o_proj","lr":0.0002,"max_grad_norm":1.0,"max_seq_length":2048,"seed":42,"warmup_ratio":0.03,"weight_decay":0.01},"input_config_dir":"/opt/ml/input/config","input_data_config":{"training":{"RecordWrapperType":"None","S3DistributionType":"FullyReplicated","TrainingInputMode":"File"}},"input_dir":"/opt/ml/input","instance_groups":["homogeneousCluster"],"instance_groups_dict":{"homogeneousCluster":{"hosts":["algo-1"],"instance_group_name":"homogeneousCluster","instance_type":"ml.g6e.2xlarge"}},"is_hetero":false,"is_master":true,"is_modelparallel_enabled":null,"is_smddpmprun_installed":false,"is_smddprun_installed":false,"job_name":"olmo2-7b-finetuned-2026-05-31-06-39-50-569","log_level":20,"master_hostname":"algo-1","model_dir":"/opt/ml/model","module_dir":"s3://sagemaker-us-east-1-858486579140/olmo2-7b-finetuned-2026-05-31-06-39-50-569/source/sourcedir.tar.gz","module_name":"train","network_interface_name":"eth0","num_cpus":8,"num_gpus":1,"num_neurons":0,"output_data_dir":"/opt/ml/output/data","output_dir":"/opt/ml/output","output_intermediate_dir":"/opt/ml/output/intermediate","resource_config":{"current_group_name":"homogeneousCluster","current_host":"algo-1","current_instance_type":"ml.g6e.2xlarge","hosts":["algo-1"],"instance_groups":[{"hosts":["algo-1"],"instance_group_name":"homogeneousCluster","instance_type":"ml.g6e.2xlarge"}],"network_interface_name":"eth0","topology":null},"topology":null,"user_entry_point":"train.py"}
[2026-05-31T06:44:56.789000+00:00] SM_USER_ARGS=["--base_model","allenai/OLMo-2-1124-7B-Instruct","--batch_size","8","--epochs","1","--gradient_accumulation","1","--hub_model_id","iamraymondlow/olmo2_7b-finetuned","--lora_alpha","64","--lora_dropout","0.05","--lora_r","32","--lora_target_modules","q_proj,k_proj,v_proj,o_proj","--lr","0.0002","--max_grad_norm","1.0","--max_seq_length","2048","--seed","42","--warmup_ratio","0.03","--weight_decay","0.01"]
[2026-05-31T06:44:56.789000+00:00] SM_OUTPUT_INTERMEDIATE_DIR=/opt/ml/output/intermediate
[2026-05-31T06:44:56.789000+00:00] SM_CHANNEL_TRAINING=/opt/ml/input/data/training
[2026-05-31T06:44:56.789000+00:00] SM_HP_BASE_MODEL=allenai/OLMo-2-1124-7B-Instruct
[2026-05-31T06:44:56.789000+00:00] SM_HP_BATCH_SIZE=8
[2026-05-31T06:44:56.789000+00:00] SM_HP_EPOCHS=1
[2026-05-31T06:44:56.789000+00:00] SM_HP_GRADIENT_ACCUMULATION=1
[2026-05-31T06:44:56.789000+00:00] SM_HP_HUB_MODEL_ID=iamraymondlow/olmo2_7b-finetuned
[2026-05-31T06:44:56.789000+00:00] SM_HP_LORA_ALPHA=64
[2026-05-31T06:44:56.789000+00:00] SM_HP_LORA_DROPOUT=0.05
[2026-05-31T06:44:56.789000+00:00] SM_HP_LORA_R=32
[2026-05-31T06:44:56.790000+00:00] SM_HP_LORA_TARGET_MODULES=q_proj,k_proj,v_proj,o_proj
[2026-05-31T06:44:56.790000+00:00] SM_HP_LR=0.0002
[2026-05-31T06:44:56.790000+00:00] SM_HP_MAX_GRAD_NORM=1.0
[2026-05-31T06:44:56.790000+00:00] SM_HP_MAX_SEQ_LENGTH=2048
[2026-05-31T06:44:56.790000+00:00] SM_HP_SEED=42
[2026-05-31T06:44:56.790000+00:00] SM_HP_WARMUP_RATIO=0.03
[2026-05-31T06:44:56.790000+00:00] SM_HP_WEIGHT_DECAY=0.01
[2026-05-31T06:44:56.790000+00:00] PYTHONPATH=/opt/ml/code:/usr/local/bin:/usr/local/lib/python312.zip:/usr/local/lib/python3.12:/usr/local/lib/python3.12/lib-dynload:/usr/local/lib/python3.12/site-packages
[2026-05-31T06:44:56.790000+00:00] Invoking script with the following command:
[2026-05-31T06:44:56.790000+00:00] /usr/local/bin/python train.py --base_model allenai/OLMo-2-1124-7B-Instruct --batch_size 8 --epochs 1 --gradient_accumulation 1 --hub_model_id iamraymondlow/olmo2_7b-finetuned --lora_alpha 64 --lora_dropout 0.05 --lora_r 32 --lora_target_modules q_proj,k_proj,v_proj,o_proj --lr 0.0002 --max_grad_norm 1.0 --max_seq_length 2048 --seed 42 --warmup_ratio 0.03 --weight_decay 0.01
[2026-05-31T06:44:56.790000+00:00] 2026-05-31 06:44:56,708 sagemaker-training-toolkit INFO     Exceptions not imported for SageMaker Debugger as it is not installed.
[2026-05-31T06:44:56.790000+00:00] 2026-05-31 06:44:56,708 sagemaker-training-toolkit INFO     Exceptions not imported for SageMaker TF as Tensorflow is not installed.
[2026-05-31T06:45:02.791000+00:00] Note: Environment variable`HF_TOKEN` is set and is the current active token independently from the token you've just configured.
[2026-05-31T06:45:02.791000+00:00] [setup] rank=0 world_size=1  base_model=allenai/OLMo-2-1124-7B-Instruct  HF token len=37 (suffix=YOMV)
[2026-05-31T06:45:02.791000+00:00] Generating train split: 0 examples [00:00, ? examples/s]
[2026-05-31T06:45:02.792000+00:00] Generating train split: 1538 examples [00:00, 136185.60 examples/s]
[2026-05-31T06:45:02.792000+00:00] [setup] Loaded 1538 training rows; first row keys: ['messages']
[2026-05-31T06:45:02.792000+00:00] `torch_dtype` is deprecated! Use `dtype` instead!
[2026-05-31T06:45:02.792000+00:00] `torch_dtype` is deprecated! Use `dtype` instead!
[2026-05-31T06:45:03.793000+00:00] Fetching 3 files:   0%|          | 0/3 [00:00<?, ?it/s]
[2026-05-31T06:45:38.827000+00:00] Fetching 3 files:  33%|███▎      | 1/3 [00:35<01:11, 35.66s/it]
[2026-05-31T06:45:38.827000+00:00] Fetching 3 files: 100%|██████████| 3/3 [00:35<00:00, 11.89s/it]
[2026-05-31T06:45:38.827000+00:00] Loading weights:   0%|          | 0/355 [00:00<?, ?it/s]
[2026-05-31T06:45:38.827000+00:00] Loading weights: 100%|██████████| 355/355 [00:00<00:00, 6939.20it/s]
[2026-05-31T06:45:38.827000+00:00] [setup] SFTConfig max_length=2048  per_device_bs=8  grad_accum=1  world_size=1  effective_batch=8
[2026-05-31T06:45:38.827000+00:00] warmup_ratio is deprecated and will be removed in v5.2. Use `warmup_steps` instead.
[2026-05-31T06:45:38.827000+00:00] warmup_ratio is deprecated and will be removed in v5.2. Use `warmup_steps` instead.
[2026-05-31T06:45:41.828000+00:00] Tokenizing train dataset:   0%|          | 0/1538 [00:00<?, ? examples/s]
[2026-05-31T06:45:41.828000+00:00] Tokenizing train dataset:   5%|▌         | 82/1538 [00:00<00:01, 802.39 examples/s]
[2026-05-31T06:45:41.828000+00:00] Tokenizing train dataset:  11%|█         | 171/1538 [00:00<00:01, 846.83 examples/s]
[2026-05-31T06:45:41.828000+00:00] Tokenizing train dataset:  17%|█▋        | 259/1538 [00:00<00:01, 858.96 examples/s]
[2026-05-31T06:45:41.828000+00:00] Tokenizing train dataset:  22%|██▏       | 346/1538 [00:00<00:01, 859.64 examples/s]
[2026-05-31T06:45:41.828000+00:00] Tokenizing train dataset:  28%|██▊       | 434/1538 [00:00<00:01, 862.85 examples/s]
[2026-05-31T06:45:41.828000+00:00] Tokenizing train dataset:  34%|███▍      | 523/1538 [00:00<00:01, 866.50 examples/s]
[2026-05-31T06:45:41.828000+00:00] Tokenizing train dataset:  40%|███▉      | 611/1538 [00:00<00:01, 867.09 examples/s]
[2026-05-31T06:45:41.828000+00:00] Tokenizing train dataset:  48%|████▊     | 737/1538 [00:00<00:00, 850.70 examples/s]
[2026-05-31T06:45:42.829000+00:00] Tokenizing train dataset:  54%|█████▎    | 823/1538 [00:00<00:00, 851.52 examples/s]
[2026-05-31T06:45:42.829000+00:00] Tokenizing train dataset:  59%|█████▉    | 913/1538 [00:01<00:00, 864.21 examples/s]
[2026-05-31T06:45:42.829000+00:00] Tokenizing train dataset:  65%|██████▌   | 1000/1538 [00:01<00:00, 689.46 examples/s]
[2026-05-31T06:45:42.829000+00:00] Tokenizing train dataset:  71%|███████   | 1088/1538 [00:01<00:00, 733.66 examples/s]
[2026-05-31T06:45:42.829000+00:00] Tokenizing train dataset:  76%|███████▋  | 1175/1538 [00:01<00:00, 767.61 examples/s]
[2026-05-31T06:45:42.829000+00:00] Tokenizing train dataset:  82%|████████▏ | 1263/1538 [00:01<00:00, 793.18 examples/s]
[2026-05-31T06:45:42.829000+00:00] Tokenizing train dataset:  88%|████████▊ | 1350/1538 [00:01<00:00, 812.76 examples/s]
[2026-05-31T06:45:42.829000+00:00] Tokenizing train dataset:  93%|█████████▎| 1438/1538 [00:01<00:00, 830.02 examples/s]
[2026-05-31T06:45:42.829000+00:00] Tokenizing train dataset:  99%|█████████▉| 1527/1538 [00:01<00:00, 844.24 examples/s]
[2026-05-31T06:45:42.829000+00:00] Tokenizing train dataset: 100%|██████████| 1538/1538 [00:01<00:00, 805.61 examples/s]
[2026-05-31T06:45:42.829000+00:00] Truncating train dataset:   0%|          | 0/1538 [00:00<?, ? examples/s]
[2026-05-31T06:45:42.829000+00:00] Truncating train dataset: 100%|██████████| 1538/1538 [00:00<00:00, 152473.28 examples/s]
[2026-05-31T06:45:45.830000+00:00] The tokenizer has new PAD/BOS/EOS tokens that differ from the model config and generation config. The model config and generation config were aligned accordingly, being updated with the tokenizer's values. Updated tokens: {'bos_token_id': 100257}.
[2026-05-31T06:45:45.830000+00:00] The tokenizer has new PAD/BOS/EOS tokens that differ from the model config and generation config. The model config and generation config were aligned accordingly, being updated with the tokenizer's values. Updated tokens: {'bos_token_id': 100257}.
[2026-05-31T06:45:45.830000+00:00] 0%|          | 0/193 [00:00<?, ?it/s]
[2026-05-31T06:45:48.830000+00:00] 1%|          | 1/193 [00:03<11:25,  3.57s/it]
[2026-05-31T06:45:52.832000+00:00] 1%|          | 2/193 [00:06<10:37,  3.34s/it]
[2026-05-31T06:45:55.832000+00:00] 2%|▏         | 3/193 [00:09<10:20,  3.26s/it]
[2026-05-31T06:45:58.833000+00:00] 2%|▏         | 4/193 [00:13<10:13,  3.25s/it]
[2026-05-31T06:46:01.834000+00:00] 3%|▎         | 5/193 [00:16<10:06,  3.23s/it]
[2026-05-31T06:46:04.835000+00:00] 3%|▎         | 6/193 [00:19<09:59,  3.21s/it]
[2026-05-31T06:46:07.835000+00:00] 4%|▎         | 7/193 [00:22<09:38,  3.11s/it]
[2026-05-31T06:46:10.836000+00:00] 4%|▍         | 8/193 [00:25<09:39,  3.13s/it]
[2026-05-31T06:46:14.837000+00:00] 5%|▍         | 9/193 [00:29<09:58,  3.25s/it]
[2026-05-31T06:46:17.838000+00:00] 5%|▌         | 10/193 [00:32<09:53,  3.24s/it]
[2026-05-31T06:46:17.838000+00:00] {'loss': '2.014', 'grad_norm': '0.5778', 'learning_rate': '0.0001999', 'entropy': '1.379', 'num_tokens': '5.604e+04', 'mean_token_accuracy': '0.5922', 'epoch': '0.05181'}
[2026-05-31T06:46:17.838000+00:00] 5%|▌         | 10/193 [00:32<09:53,  3.24s/it]
[2026-05-31T06:46:20.839000+00:00] 6%|▌         | 11/193 [00:35<09:34,  3.15s/it]
[2026-05-31T06:46:23.840000+00:00] 6%|▌         | 12/193 [00:38<09:34,  3.17s/it]
[2026-05-31T06:46:26.841000+00:00] 7%|▋         | 13/193 [00:41<09:28,  3.16s/it]
[2026-05-31T06:46:30.842000+00:00] 7%|▋         | 14/193 [00:44<09:29,  3.18s/it]
[2026-05-31T06:46:33.843000+00:00] 8%|▊         | 15/193 [00:47<09:15,  3.12s/it]
[2026-05-31T06:46:36.843000+00:00] 8%|▊         | 16/193 [00:51<09:19,  3.16s/it]
[2026-05-31T06:46:39.844000+00:00] 9%|▉         | 17/193 [00:54<09:21,  3.19s/it]
[2026-05-31T06:46:42.845000+00:00] 9%|▉         | 18/193 [00:57<09:20,  3.20s/it]
[2026-05-31T06:46:46.846000+00:00] 10%|▉         | 19/193 [01:00<09:19,  3.21s/it]
[2026-05-31T06:46:49.847000+00:00] 10%|█         | 20/193 [01:04<09:18,  3.23s/it]
[2026-05-31T06:46:49.847000+00:00] {'loss': '0.7099', 'grad_norm': '0.5144', 'learning_rate': '0.0001976', 'entropy': '0.9231', 'num_tokens': '1.119e+05', 'mean_token_accuracy': '0.8382', 'epoch': '0.1036'}
[2026-05-31T06:46:49.847000+00:00] 10%|█         | 20/193 [01:04<09:18,  3.23s/it]
[2026-05-31T06:46:52.847000+00:00] 11%|█         | 21/193 [01:07<09:15,  3.23s/it]
[2026-05-31T06:46:55.848000+00:00] 11%|█▏        | 22/193 [01:10<09:00,  3.16s/it]
[2026-05-31T06:46:58.849000+00:00] 12%|█▏        | 23/193 [01:13<09:02,  3.19s/it]
[2026-05-31T06:47:02.850000+00:00] 12%|█▏        | 24/193 [01:16<09:02,  3.21s/it]
[2026-05-31T06:47:05.851000+00:00] 13%|█▎        | 25/193 [01:20<09:00,  3.22s/it]
[2026-05-31T06:47:08.852000+00:00] 13%|█▎        | 26/193 [01:23<08:59,  3.23s/it]
[2026-05-31T06:47:11.853000+00:00] 14%|█▍        | 27/193 [01:26<08:54,  3.22s/it]
[2026-05-31T06:47:15.854000+00:00] 15%|█▍        | 28/193 [01:29<08:52,  3.23s/it]
[2026-05-31T06:47:18.855000+00:00] 15%|█▌        | 29/193 [01:33<08:51,  3.24s/it]
[2026-05-31T06:47:21.855000+00:00] 16%|█▌        | 30/193 [01:36<08:50,  3.25s/it]
[2026-05-31T06:47:21.855000+00:00] {'loss': '0.1605', 'grad_norm': '0.1036', 'learning_rate': '0.0001926', 'entropy': '0.1852', 'num_tokens': '1.681e+05', 'mean_token_accuracy': '0.9647', 'epoch': '0.1554'}
[2026-05-31T06:47:21.855000+00:00] 16%|█▌        | 30/193 [01:36<08:50,  3.25s/it]
[2026-05-31T06:47:24.856000+00:00] 16%|█▌        | 31/193 [01:39<08:48,  3.26s/it]
[2026-05-31T06:47:27.857000+00:00] 17%|█▋        | 32/193 [01:42<08:34,  3.20s/it]
[2026-05-31T06:47:30.858000+00:00] 17%|█▋        | 33/193 [01:45<08:18,  3.11s/it]
[2026-05-31T06:47:34.859000+00:00] 18%|█▊        | 34/193 [01:48<08:24,  3.17s/it]
[2026-05-31T06:47:37.860000+00:00] 18%|█▊        | 35/193 [01:52<08:28,  3.22s/it]
[2026-05-31T06:47:40.860000+00:00] 19%|█▊        | 36/193 [01:55<08:15,  3.15s/it]
[2026-05-31T06:47:43.861000+00:00] 19%|█▉        | 37/193 [01:58<08:20,  3.21s/it]
[2026-05-31T06:47:47.862000+00:00] 20%|█▉        | 38/193 [02:01<08:23,  3.25s/it]
[2026-05-31T06:47:50.863000+00:00] 20%|██        | 39/193 [02:05<08:23,  3.27s/it]
[2026-05-31T06:47:53.864000+00:00] 21%|██        | 40/193 [02:08<08:21,  3.28s/it]
[2026-05-31T06:47:53.864000+00:00] {'loss': '0.1384', 'grad_norm': '0.08086', 'learning_rate': '0.000185', 'entropy': '0.1469', 'num_tokens': '2.24e+05', 'mean_token_accuracy': '0.9684', 'epoch': '0.2073'}
[2026-05-31T06:47:53.864000+00:00] 21%|██        | 40/193 [02:08<08:21,  3.28s/it]
[2026-05-31T06:47:57.865000+00:00] 21%|██        | 41/193 [02:11<08:18,  3.28s/it]
[2026-05-31T06:48:00.866000+00:00] 22%|██▏       | 42/193 [02:15<08:14,  3.28s/it]
[2026-05-31T06:48:03.866000+00:00] 22%|██▏       | 43/193 [02:18<08:12,  3.28s/it]
[2026-05-31T06:48:06.867000+00:00] 23%|██▎       | 44/193 [02:21<08:08,  3.28s/it]
[2026-05-31T06:48:10.868000+00:00] 23%|██▎       | 45/193 [02:24<08:05,  3.28s/it]
[2026-05-31T06:48:13.869000+00:00] 24%|██▍       | 46/193 [02:28<08:03,  3.29s/it]
[2026-05-31T06:48:16.870000+00:00] 24%|██▍       | 47/193 [02:31<07:58,  3.28s/it]
[2026-05-31T06:48:19.871000+00:00] 25%|██▍       | 48/193 [02:34<07:44,  3.20s/it]
[2026-05-31T06:48:23.872000+00:00] 25%|██▌       | 49/193 [02:37<07:44,  3.23s/it]
[2026-05-31T06:48:26.873000+00:00] 26%|██▌       | 50/193 [02:41<07:41,  3.23s/it]
[2026-05-31T06:48:26.873000+00:00] {'loss': '0.1326', 'grad_norm': '0.08662', 'learning_rate': '0.000175', 'entropy': '0.1408', 'num_tokens': '2.805e+05', 'mean_token_accuracy': '0.969', 'epoch': '0.2591'}
[2026-05-31T06:48:26.873000+00:00] 26%|██▌       | 50/193 [02:41<07:41,  3.23s/it]
[2026-05-31T06:48:29.874000+00:00] 26%|██▋       | 51/193 [02:44<07:40,  3.24s/it]
[2026-05-31T06:48:32.874000+00:00] 27%|██▋       | 52/193 [02:47<07:38,  3.25s/it]
[2026-05-31T06:48:35.875000+00:00] 27%|██▋       | 53/193 [02:50<07:25,  3.18s/it]
[2026-05-31T06:48:39.876000+00:00] 28%|██▊       | 54/193 [02:53<07:21,  3.18s/it]
[2026-05-31T06:48:42.877000+00:00] 28%|██▊       | 55/193 [02:57<07:21,  3.20s/it]
[2026-05-31T06:48:45.878000+00:00] 29%|██▉       | 56/193 [03:00<07:17,  3.19s/it]
[2026-05-31T06:48:48.879000+00:00] 30%|██▉       | 57/193 [03:03<07:16,  3.21s/it]
[2026-05-31T06:48:51.880000+00:00] 30%|███       | 58/193 [03:06<07:15,  3.22s/it]
[2026-05-31T06:48:55.881000+00:00] 31%|███       | 59/193 [03:09<07:13,  3.23s/it]
[2026-05-31T06:48:58.881000+00:00] 31%|███       | 60/193 [03:13<07:10,  3.24s/it]
[2026-05-31T06:48:58.882000+00:00] {'loss': '0.1311', 'grad_norm': '0.1067', 'learning_rate': '0.0001629', 'entropy': '0.134', 'num_tokens': '3.371e+05', 'mean_token_accuracy': '0.9686', 'epoch': '0.3109'}
[2026-05-31T06:48:58.882000+00:00] 31%|███       | 60/193 [03:13<07:10,  3.24s/it]
[2026-05-31T06:49:01.882000+00:00] 32%|███▏      | 61/193 [03:16<07:09,  3.25s/it]
[2026-05-31T06:49:05.883000+00:00] 32%|███▏      | 62/193 [03:19<07:07,  3.26s/it]
[2026-05-31T06:49:07.884000+00:00] 33%|███▎      | 63/193 [03:22<06:44,  3.11s/it]
[2026-05-31T06:49:11.885000+00:00] 33%|███▎      | 64/193 [03:25<06:46,  3.15s/it]
[2026-05-31T06:49:14.886000+00:00] 34%|███▎      | 65/193 [03:29<06:48,  3.19s/it]
[2026-05-31T06:49:17.887000+00:00] 34%|███▍      | 66/193 [03:32<06:49,  3.22s/it]
[2026-05-31T06:49:20.888000+00:00] 35%|███▍      | 67/193 [03:35<06:49,  3.25s/it]
[2026-05-31T06:49:24.889000+00:00] 35%|███▌      | 68/193 [03:38<06:47,  3.26s/it]
[2026-05-31T06:49:27.889000+00:00] 36%|███▌      | 69/193 [03:42<06:45,  3.27s/it]
[2026-05-31T06:49:30.890000+00:00] 36%|███▋      | 70/193 [03:45<06:31,  3.18s/it]
[2026-05-31T06:49:30.890000+00:00] {'loss': '0.1267', 'grad_norm': '0.08091', 'learning_rate': '0.000149', 'entropy': '0.1344', 'num_tokens': '3.934e+05', 'mean_token_accuracy': '0.9695', 'epoch': '0.3627'}
[2026-05-31T06:49:30.890000+00:00] 36%|███▋      | 70/193 [03:45<06:31,  3.18s/it]
[2026-05-31T06:49:33.891000+00:00] 37%|███▋      | 71/193 [03:48<06:32,  3.22s/it]
[2026-05-31T06:49:37.892000+00:00] 37%|███▋      | 72/193 [03:51<06:31,  3.24s/it]
[2026-05-31T06:49:39.893000+00:00] 38%|███▊      | 73/193 [03:54<06:16,  3.14s/it]
[2026-05-31T06:49:42.893000+00:00] 38%|███▊      | 74/193 [03:57<06:10,  3.11s/it]
[2026-05-31T06:49:46.894000+00:00] 39%|███▉      | 75/193 [04:00<06:05,  3.10s/it]
[2026-05-31T06:49:49.895000+00:00] 39%|███▉      | 76/193 [04:04<06:10,  3.17s/it]
[2026-05-31T06:49:52.896000+00:00] 40%|███▉      | 77/193 [04:07<06:10,  3.19s/it]
[2026-05-31T06:49:55.897000+00:00] 40%|████      | 78/193 [04:10<06:11,  3.23s/it]
[2026-05-31T06:49:58.898000+00:00] 41%|████      | 79/193 [04:13<05:58,  3.15s/it]
[2026-05-31T06:50:02.899000+00:00] 41%|████▏     | 80/193 [04:17<06:01,  3.20s/it]
[2026-05-31T06:50:02.899000+00:00] {'loss': '0.128', 'grad_norm': '0.08948', 'learning_rate': '0.0001338', 'entropy': '0.1319', 'num_tokens': '4.488e+05', 'mean_token_accuracy': '0.9693', 'epoch': '0.4145'}
[2026-05-31T06:50:02.899000+00:00] 41%|████▏     | 80/193 [04:17<06:01,  3.20s/it]
[2026-05-31T06:50:05.899000+00:00] 42%|████▏     | 81/193 [04:20<06:01,  3.23s/it]
[2026-05-31T06:50:08.900000+00:00] 42%|████▏     | 82/193 [04:23<05:59,  3.24s/it]
[2026-05-31T06:50:12.901000+00:00] 43%|████▎     | 83/193 [04:26<05:57,  3.25s/it]
[2026-05-31T06:50:15.902000+00:00] 44%|████▎     | 84/193 [04:30<05:54,  3.25s/it]
[2026-05-31T06:50:18.903000+00:00] 44%|████▍     | 85/193 [04:33<05:42,  3.17s/it]
[2026-05-31T06:50:21.904000+00:00] 45%|████▍     | 86/193 [04:36<05:41,  3.19s/it]
[2026-05-31T06:50:24.904000+00:00] 45%|████▌     | 87/193 [04:39<05:40,  3.21s/it]
[2026-05-31T06:50:28.906000+00:00] 46%|████▌     | 88/193 [04:42<05:38,  3.22s/it]
[2026-05-31T06:50:31.906000+00:00] 46%|████▌     | 89/193 [04:46<05:35,  3.23s/it]
[2026-05-31T06:50:34.907000+00:00] 47%|████▋     | 90/193 [04:49<05:32,  3.23s/it]
[2026-05-31T06:50:34.907000+00:00] {'loss': '0.1248', 'grad_norm': '0.08111', 'learning_rate': '0.0001175', 'entropy': '0.1326', 'num_tokens': '5.047e+05', 'mean_token_accuracy': '0.9697', 'epoch': '0.4663'}
[2026-05-31T06:50:34.907000+00:00] 47%|████▋     | 90/193 [04:49<05:32,  3.23s/it]
[2026-05-31T06:50:37.908000+00:00] 47%|████▋     | 91/193 [04:52<05:20,  3.14s/it]
[2026-05-31T06:50:40.909000+00:00] 48%|████▊     | 92/193 [04:55<05:20,  3.17s/it]
[2026-05-31T06:50:43.910000+00:00] 48%|████▊     | 93/193 [04:58<05:18,  3.19s/it]
[2026-05-31T06:50:47.911000+00:00] 49%|████▊     | 94/193 [05:01<05:16,  3.20s/it]
[2026-05-31T06:50:50.912000+00:00] 49%|████▉     | 95/193 [05:05<05:14,  3.21s/it]
[2026-05-31T06:50:53.912000+00:00] 50%|████▉     | 96/193 [05:08<05:12,  3.22s/it]
[2026-05-31T06:50:56.913000+00:00] 50%|█████     | 97/193 [05:11<04:58,  3.11s/it]
[2026-05-31T06:50:59.914000+00:00] 51%|█████     | 98/193 [05:14<04:56,  3.12s/it]
[2026-05-31T06:51:02.915000+00:00] 51%|█████▏    | 99/193 [05:17<04:42,  3.01s/it]
[2026-05-31T06:51:05.916000+00:00] 52%|█████▏    | 100/193 [05:20<04:45,  3.07s/it]
[2026-05-31T06:51:05.916000+00:00] {'loss': '0.1212', 'grad_norm': '0.09052', 'learning_rate': '0.0001008', 'entropy': '0.1261', 'num_tokens': '5.61e+05', 'mean_token_accuracy': '0.9704', 'epoch': '0.5181'}
[2026-05-31T06:51:05.916000+00:00] 52%|█████▏    | 100/193 [05:20<04:45,  3.07s/it]
[2026-05-31T06:51:08.917000+00:00] 52%|█████▏    | 101/193 [05:23<04:46,  3.11s/it]
[2026-05-31T06:51:12.918000+00:00] 53%|█████▎    | 102/193 [05:26<04:47,  3.15s/it]
[2026-05-31T06:51:15.919000+00:00] 53%|█████▎    | 103/193 [05:30<04:45,  3.17s/it]
[2026-05-31T06:51:18.919000+00:00] 54%|█████▍    | 104/193 [05:33<04:44,  3.19s/it]
[2026-05-31T06:51:21.920000+00:00] 54%|█████▍    | 105/193 [05:36<04:41,  3.20s/it]
[2026-05-31T06:51:24.921000+00:00] 55%|█████▍    | 106/193 [05:39<04:39,  3.21s/it]
[2026-05-31T06:51:27.922000+00:00] 55%|█████▌    | 107/193 [05:42<04:28,  3.13s/it]
[2026-05-31T06:51:31.923000+00:00] 56%|█████▌    | 108/193 [05:45<04:28,  3.16s/it]
[2026-05-31T06:51:34.924000+00:00] 56%|█████▋    | 109/193 [05:49<04:26,  3.18s/it]
[2026-05-31T06:51:37.925000+00:00] 57%|█████▋    | 110/193 [05:52<04:25,  3.20s/it]
[2026-05-31T06:51:37.925000+00:00] {'loss': '0.1207', 'grad_norm': '0.09712', 'learning_rate': '8.411e-05', 'entropy': '0.1262', 'num_tokens': '6.174e+05', 'mean_token_accuracy': '0.9699', 'epoch': '0.5699'}
[2026-05-31T06:51:37.925000+00:00] 57%|█████▋    | 110/193 [05:52<04:25,  3.20s/it]
[2026-05-31T06:51:40.925000+00:00] 58%|█████▊    | 111/193 [05:55<04:23,  3.21s/it]
[2026-05-31T06:51:44.927000+00:00] 58%|█████▊    | 112/193 [05:58<04:20,  3.21s/it]
[2026-05-31T06:51:47.927000+00:00] 59%|█████▊    | 113/193 [06:02<04:17,  3.22s/it]
[2026-05-31T06:51:50.928000+00:00] 59%|█████▉    | 114/193 [06:05<04:08,  3.14s/it]
[2026-05-31T06:51:52.929000+00:00] 60%|█████▉    | 115/193 [06:07<03:55,  3.02s/it]
[2026-05-31T06:51:56.930000+00:00] 60%|██████    | 116/193 [06:11<03:57,  3.09s/it]
[2026-05-31T06:51:59.931000+00:00] 61%|██████    | 117/193 [06:13<03:51,  3.04s/it]
[2026-05-31T06:52:02.931000+00:00] 61%|██████    | 118/193 [06:17<03:52,  3.10s/it]
[2026-05-31T06:52:05.932000+00:00] 62%|██████▏   | 119/193 [06:20<03:47,  3.07s/it]
[2026-05-31T06:52:08.933000+00:00] 62%|██████▏   | 120/193 [06:23<03:47,  3.12s/it]
[2026-05-31T06:52:08.933000+00:00] {'loss': '0.1196', 'grad_norm': '0.0865', 'learning_rate': '6.782e-05', 'entropy': '0.1291', 'num_tokens': '6.729e+05', 'mean_token_accuracy': '0.9708', 'epoch': '0.6218'}
[2026-05-31T06:52:08.933000+00:00] 62%|██████▏   | 120/193 [06:23<03:47,  3.12s/it]
[2026-05-31T06:52:11.934000+00:00] 63%|██████▎   | 121/193 [06:26<03:42,  3.09s/it]
[2026-05-31T06:52:14.935000+00:00] 63%|██████▎   | 122/193 [06:29<03:41,  3.13s/it]
[2026-05-31T06:52:18.936000+00:00] 64%|██████▎   | 123/193 [06:32<03:40,  3.15s/it]
[2026-05-31T06:52:21.936000+00:00] 64%|██████▍   | 124/193 [06:36<03:39,  3.18s/it]
[2026-05-31T06:52:24.937000+00:00] 65%|██████▍   | 125/193 [06:39<03:37,  3.20s/it]
[2026-05-31T06:52:27.938000+00:00] 65%|██████▌   | 126/193 [06:42<03:35,  3.21s/it]
[2026-05-31T06:52:31.939000+00:00] 66%|██████▌   | 127/193 [06:45<03:32,  3.22s/it]
[2026-05-31T06:52:34.940000+00:00] 66%|██████▋   | 128/193 [06:48<03:27,  3.20s/it]
[2026-05-31T06:52:37.941000+00:00] 67%|██████▋   | 129/193 [06:52<03:26,  3.22s/it]
[2026-05-31T06:52:40.942000+00:00] 67%|██████▋   | 130/193 [06:55<03:23,  3.23s/it]
[2026-05-31T06:52:40.942000+00:00] {'loss': '0.1187', 'grad_norm': '0.09947', 'learning_rate': '5.244e-05', 'entropy': '0.1262', 'num_tokens': '7.3e+05', 'mean_token_accuracy': '0.9707', 'epoch': '0.6736'}
[2026-05-31T06:52:40.942000+00:00] 67%|██████▋   | 130/193 [06:55<03:23,  3.23s/it]
[2026-05-31T06:52:43.942000+00:00] 68%|██████▊   | 131/193 [06:58<03:15,  3.15s/it]
[2026-05-31T06:52:46.943000+00:00] 68%|██████▊   | 132/193 [07:01<03:13,  3.17s/it]
[2026-05-31T06:52:49.944000+00:00] 69%|██████▉   | 133/193 [07:04<03:06,  3.11s/it]
[2026-05-31T06:52:53.945000+00:00] 69%|██████▉   | 134/193 [07:07<03:05,  3.15s/it]
[2026-05-31T06:52:56.946000+00:00] 70%|██████▉   | 135/193 [07:11<03:04,  3.18s/it]
[2026-05-31T06:52:59.947000+00:00] 70%|███████   | 136/193 [07:14<03:02,  3.20s/it]
[2026-05-31T06:53:02.947000+00:00] 71%|███████   | 137/193 [07:17<03:00,  3.22s/it]
[2026-05-31T06:53:06.948000+00:00] 72%|███████▏  | 138/193 [07:20<02:57,  3.23s/it]
[2026-05-31T06:53:09.949000+00:00] 72%|███████▏  | 139/193 [07:24<02:55,  3.25s/it]
[2026-05-31T06:53:12.950000+00:00] 73%|███████▎  | 140/193 [07:27<02:46,  3.13s/it]
[2026-05-31T06:53:12.950000+00:00] {'loss': '0.1175', 'grad_norm': '0.09828', 'learning_rate': '3.84e-05', 'entropy': '0.1256', 'num_tokens': '7.861e+05', 'mean_token_accuracy': '0.9705', 'epoch': '0.7254'}
[2026-05-31T06:53:12.950000+00:00] 73%|███████▎  | 140/193 [07:27<02:46,  3.13s/it]
[2026-05-31T06:53:15.951000+00:00] 73%|███████▎  | 141/193 [07:30<02:44,  3.17s/it]
[2026-05-31T06:53:18.952000+00:00] 74%|███████▎  | 142/193 [07:33<02:35,  3.04s/it]
[2026-05-31T06:53:21.952000+00:00] 74%|███████▍  | 143/193 [07:36<02:35,  3.11s/it]
[2026-05-31T06:53:24.953000+00:00] 75%|███████▍  | 144/193 [07:39<02:34,  3.15s/it]
[2026-05-31T06:53:28.954000+00:00] 75%|███████▌  | 145/193 [07:42<02:32,  3.19s/it]
[2026-05-31T06:53:31.955000+00:00] 76%|███████▌  | 146/193 [07:46<02:31,  3.22s/it]
[2026-05-31T06:53:34.956000+00:00] 76%|███████▌  | 147/193 [07:49<02:25,  3.16s/it]
[2026-05-31T06:53:37.957000+00:00] 77%|███████▋  | 148/193 [07:52<02:23,  3.19s/it]
[2026-05-31T06:53:40.957000+00:00] 77%|███████▋  | 149/193 [07:55<02:21,  3.21s/it]
[2026-05-31T06:53:44.958000+00:00] 78%|███████▊  | 150/193 [07:58<02:18,  3.23s/it]
[2026-05-31T06:53:44.958000+00:00] {'loss': '0.117', 'grad_norm': '0.09771', 'learning_rate': '2.61e-05', 'entropy': '0.1249', 'num_tokens': '8.43e+05', 'mean_token_accuracy': '0.9709', 'epoch': '0.7772'}
[2026-05-31T06:53:44.959000+00:00] 78%|███████▊  | 150/193 [07:58<02:18,  3.23s/it]
[2026-05-31T06:53:47.959000+00:00] 78%|███████▊  | 151/193 [08:02<02:16,  3.25s/it]
[2026-05-31T06:53:50.960000+00:00] 79%|███████▉  | 152/193 [08:05<02:13,  3.25s/it]
[2026-05-31T06:53:53.961000+00:00] 79%|███████▉  | 153/193 [08:08<02:06,  3.17s/it]
[2026-05-31T06:53:56.962000+00:00] 80%|███████▉  | 154/193 [08:11<02:01,  3.12s/it]
[2026-05-31T06:53:59.963000+00:00] 80%|████████  | 155/193 [08:14<02:00,  3.16s/it]
[2026-05-31T06:54:02.964000+00:00] 81%|████████  | 156/193 [08:17<01:55,  3.12s/it]
[2026-05-31T06:54:06.965000+00:00] 81%|████████▏ | 157/193 [08:21<01:54,  3.18s/it]
[2026-05-31T06:54:09.965000+00:00] 82%|████████▏ | 158/193 [08:24<01:51,  3.19s/it]
[2026-05-31T06:54:12.966000+00:00] 82%|████████▏ | 159/193 [08:27<01:49,  3.23s/it]
[2026-05-31T06:54:15.967000+00:00] 83%|████████▎ | 160/193 [08:30<01:42,  3.10s/it]
[2026-05-31T06:54:15.967000+00:00] {'loss': '0.1178', 'grad_norm': '0.09366', 'learning_rate': '1.587e-05', 'entropy': '0.1257', 'num_tokens': '8.987e+05', 'mean_token_accuracy': '0.9709', 'epoch': '0.829'}
[2026-05-31T06:54:15.967000+00:00] 83%|████████▎ | 160/193 [08:30<01:42,  3.10s/it]
[2026-05-31T06:54:18.968000+00:00] 83%|████████▎ | 161/193 [08:33<01:38,  3.09s/it]
[2026-05-31T06:54:21.969000+00:00] 84%|████████▍ | 162/193 [08:36<01:37,  3.15s/it]
[2026-05-31T06:54:25.970000+00:00] 84%|████████▍ | 163/193 [08:40<01:35,  3.20s/it]
[2026-05-31T06:54:28.971000+00:00] 85%|████████▍ | 164/193 [08:43<01:31,  3.15s/it]
[2026-05-31T06:54:31.972000+00:00] 85%|████████▌ | 165/193 [08:46<01:29,  3.20s/it]
[2026-05-31T06:54:34.972000+00:00] 86%|████████▌ | 166/193 [08:49<01:25,  3.15s/it]
[2026-05-31T06:54:37.973000+00:00] 87%|████████▋ | 167/193 [08:52<01:19,  3.07s/it]
[2026-05-31T06:54:40.974000+00:00] 87%|████████▋ | 168/193 [08:55<01:16,  3.05s/it]
[2026-05-31T06:54:43.975000+00:00] 88%|████████▊ | 169/193 [08:58<01:12,  3.04s/it]
[2026-05-31T06:54:46.976000+00:00] 88%|████████▊ | 170/193 [09:01<01:11,  3.11s/it]
[2026-05-31T06:54:46.976000+00:00] {'loss': '0.1189', 'grad_norm': '0.1016', 'learning_rate': '8.019e-06', 'entropy': '0.1292', 'num_tokens': '9.545e+05', 'mean_token_accuracy': '0.9704', 'epoch': '0.8808'}
[2026-05-31T06:54:46.976000+00:00] 88%|████████▊ | 170/193 [09:01<01:11,  3.11s/it]
[2026-05-31T06:54:50.977000+00:00] 89%|████████▊ | 171/193 [09:04<01:09,  3.16s/it]
[2026-05-31T06:54:53.978000+00:00] 89%|████████▉ | 172/193 [09:08<01:07,  3.21s/it]
[2026-05-31T06:54:56.978000+00:00] 90%|████████▉ | 173/193 [09:11<01:04,  3.22s/it]
[2026-05-31T06:54:59.979000+00:00] 90%|█████████ | 174/193 [09:14<01:01,  3.24s/it]
[2026-05-31T06:55:03.980000+00:00] 91%|█████████ | 175/193 [09:18<00:58,  3.25s/it]
[2026-05-31T06:55:06.981000+00:00] 91%|█████████ | 176/193 [09:21<00:54,  3.18s/it]
[2026-05-31T06:55:09.982000+00:00] 92%|█████████▏| 177/193 [09:24<00:51,  3.21s/it]
[2026-05-31T06:55:12.983000+00:00] 92%|█████████▏| 178/193 [09:27<00:48,  3.24s/it]
[2026-05-31T06:55:16.984000+00:00] 93%|█████████▎| 179/193 [09:30<00:45,  3.25s/it]
[2026-05-31T06:55:19.984000+00:00] 93%|█████████▎| 180/193 [09:34<00:42,  3.27s/it]
[2026-05-31T06:55:19.985000+00:00] {'loss': '0.1128', 'grad_norm': '0.09551', 'learning_rate': '2.753e-06', 'entropy': '0.1231', 'num_tokens': '1.012e+06', 'mean_token_accuracy': '0.9711', 'epoch': '0.9326'}
[2026-05-31T06:55:19.985000+00:00] 93%|█████████▎| 180/193 [09:34<00:42,  3.27s/it]
[2026-05-31T06:55:22.985000+00:00] 94%|█████████▍| 181/193 [09:37<00:39,  3.28s/it]
[2026-05-31T06:55:25.986000+00:00] 94%|█████████▍| 182/193 [09:40<00:36,  3.28s/it]
[2026-05-31T06:55:29.987000+00:00] 95%|█████████▍| 183/193 [09:43<00:32,  3.20s/it]
[2026-05-31T06:55:32.988000+00:00] 95%|█████████▌| 184/193 [09:46<00:28,  3.15s/it]
[2026-05-31T06:55:35.989000+00:00] 96%|█████████▌| 185/193 [09:49<00:24,  3.12s/it]
[2026-05-31T06:55:38.989000+00:00] 96%|█████████▋| 186/193 [09:53<00:22,  3.17s/it]
[2026-05-31T06:55:41.990000+00:00] 97%|█████████▋| 187/193 [09:56<00:19,  3.21s/it]
[2026-05-31T06:55:45.991000+00:00] 97%|█████████▋| 188/193 [09:59<00:16,  3.24s/it]
[2026-05-31T06:55:48.992000+00:00] 98%|█████████▊| 189/193 [10:03<00:13,  3.25s/it]
[2026-05-31T06:55:51.993000+00:00] 98%|█████████▊| 190/193 [10:06<00:09,  3.26s/it]
[2026-05-31T06:55:51.993000+00:00] {'loss': '0.115', 'grad_norm': '0.0946', 'learning_rate': '2.257e-07', 'entropy': '0.1234', 'num_tokens': '1.068e+06', 'mean_token_accuracy': '0.971', 'epoch': '0.9845'}
[2026-05-31T06:55:51.993000+00:00] 98%|█████████▊| 190/193 [10:06<00:09,  3.26s/it]
[2026-05-31T06:55:54.994000+00:00] 99%|█████████▉| 191/193 [10:09<00:06,  3.28s/it]
[2026-05-31T06:55:57.995000+00:00] 99%|█████████▉| 192/193 [10:12<00:03,  3.20s/it]
[2026-05-31T06:55:58.995000+00:00] 100%|██████████| 193/193 [10:13<00:00,  2.43s/it]
[2026-05-31T06:55:59.995000+00:00] {'train_runtime': '614.1', 'train_samples_per_second': '2.505', 'train_steps_per_second': '0.314', 'train_loss': '0.2528', 'entropy': '0.1247', 'num_tokens': '1.08e+06', 'mean_token_accuracy': '0.971', 'epoch': '1'}
[2026-05-31T06:55:59.995000+00:00] 100%|██████████| 193/193 [10:14<00:00,  2.43s/it]
[2026-05-31T06:55:59.995000+00:00] 100%|██████████| 193/193 [10:14<00:00,  3.18s/it]
[2026-05-31T06:55:59.995000+00:00] [save] Saving merged model to /opt/ml/model
[2026-05-31T06:55:59.995000+00:00] Writing model shards:   0%|          | 0/1 [00:00<?, ?it/s]
[2026-05-31T06:56:50.008000+00:00] Writing model shards: 100%|██████████| 1/1 [00:50<00:00, 50.65s/it]
[2026-05-31T06:56:50.008000+00:00] Writing model shards: 100%|██████████| 1/1 [00:50<00:00, 50.65s/it]
[2026-05-31T06:56:50.008000+00:00] [patch] tokenizer_class: 'TokenizersBackend' -> 'PreTrainedTokenizerFast'; chat_template inlined? True
[2026-05-31T06:56:50.008000+00:00] [push] Uploading to https://huggingface.co/iamraymondlow/olmo2_7b-finetuned
[2026-05-31T06:57:00.011000+00:00] Processing Files (0 / 0)      : |          |  0.00B /  0.00B
[2026-05-31T06:57:00.011000+00:00] New Data Upload               : |          |  0.00B /  0.00B            #033[A
[2026-05-31T06:57:01.011000+00:00] ...ckpoint-193/rng_state.pth:  77%|███████▋  | 11.3kB / 14.6kB            #033[A#033[A
[2026-05-31T06:57:01.011000+00:00] ...eckpoint-193/optimizer.pt:   0%|          | 50.6kB /  269MB            #033[A#033[A#033[A
[2026-05-31T06:57:01.011000+00:00] ...ckpoint-193/rng_state.pth:  77%|███████▋  | 11.3kB / 14.6kB            #033[A#033[A
[2026-05-31T06:57:01.011000+00:00] ...eckpoint-193/optimizer.pt:   0%|          | 50.6kB /  269MB            #033[A#033[A#033[A
[2026-05-31T06:57:01.011000+00:00] Processing Files (0 / 2)      :   0%|          | 61.9kB / 15.0GB,   ???B/s
[2026-05-31T06:57:01.011000+00:00] ...l/model/model.safetensors:   0%|          | 40.2kB / 14.6GB            #033[A#033[A#033[A#033[A
[2026-05-31T06:57:01.011000+00:00] ...adapter_model.safetensors:   0%|          | 18.1kB /  134MB            #033[A#033[A#033[A#033[A#033[A
[2026-05-31T06:57:01.011000+00:00] ...ckpoint-193/rng_state.pth:  77%|███████▋  | 11.3kB / 14.6kB            #033[A#033[A
[2026-05-31T06:57:01.011000+00:00] #015  ...eckpoint-193/optimizer.pt:  10%|▉         | 26.5MB /  269MB
[2026-05-31T06:57:01.012000+00:00] #033[A#033[A#033[A
[2026-05-31T06:57:01.012000+00:00] ...l/model/model.safetensors:   0%|          | 40.2kB / 14.6GB            #033[A#033[A#033[A#033[A
[2026-05-31T06:57:01.012000+00:00] #015  ...adapter_model.safetensors:   0%|          | 18.1kB /  134MB            #033[A#033[A#033[A#033[A#033[A#015Processing Files (0 / 4)      :   0%|          | 26.6MB / 15.0GB,  132MB/s  
[2026-05-31T06:57:01.012000+00:00] #015New Data Upload               :  10%|▉         | 26.4MB /  268MB,  132MB/s  #033[A
[2026-05-31T06:57:01.012000+00:00] ...ckpoint-193/rng_state.pth:  77%|███████▋  | 11.3kB / 14.6kB            #033[A#033[A
[2026-05-31T06:57:01.012000+00:00] ...eckpoint-193/optimizer.pt:  25%|██▍       | 67.0MB /  269MB            #033[A#033[A#033[A
[2026-05-31T06:57:01.012000+00:00] ...l/model/model.safetensors:   0%|          | 40.2kB / 14.6GB            #033[A#033[A#033[A#033[A
[2026-05-31T06:57:01.012000+00:00] ...adapter_model.safetensors:   0%|          | 18.1kB /  134MB            #033[A#033[A#033[A#033[A#033[A
[2026-05-31T06:57:01.012000+00:00] Processing Files (0 / 4)      :   0%|          | 67.0MB / 15.0GB,  167MB/s
[2026-05-31T06:57:01.012000+00:00] New Data Upload               :  25%|██▍       | 66.9MB /  268MB,  167MB/s  #033[A
[2026-05-31T06:57:01.012000+00:00] ...eckpoint-193/scheduler.pt: 100%|██████████| 1.47kB / 1.47kB            #033[A#033[A#033[A#033[A#033[A#033[A
[2026-05-31T06:57:01.012000+00:00] ...ckpoint-193/rng_state.pth:  77%|███████▋  | 11.3kB / 14.6kB            #033[A#033[A
[2026-05-31T06:57:01.012000+00:00] ...eckpoint-193/optimizer.pt:  25%|██▍       | 67.0MB /  269MB            #033[A#033[A#033[A
[2026-05-31T06:57:01.012000+00:00] ...l/model/model.safetensors:   0%|          | 40.2kB / 14.6GB            #033[A#033[A#033[A#033[A
[2026-05-31T06:57:01.012000+00:00] ...adapter_model.safetensors:   0%|          | 18.1kB /  134MB            #033[A#033[A#033[A#033[A#033[A
[2026-05-31T06:57:01.012000+00:00] ...eckpoint-193/scheduler.pt: 100%|██████████| 1.47kB / 1.47kB            #033[A#033[A#033[A#033[A#033[A#033[A
[2026-05-31T06:57:01.012000+00:00] Processing Files (1 / 5)      :   0%|          | 67.0MB / 15.0GB,  112MB/s
[2026-05-31T06:57:02.012000+00:00] ...ckpoint-193/rng_state.pth:  77%|███████▋  | 11.3kB / 14.6kB            #033[A#033[A
[2026-05-31T06:57:02.012000+00:00] ...eckpoint-193/optimizer.pt:  25%|██▍       | 67.0MB /  269MB            #033[A#033[A#033[A
[2026-05-31T06:57:02.012000+00:00] ...l/model/model.safetensors:   0%|          | 40.2kB / 14.6GB            #033[A#033[A#033[A#033[A
[2026-05-31T06:57:02.013000+00:00] ...adapter_model.safetensors:   0%|          | 18.1kB /  134MB            #033[A#033[A#033[A#033[A#033[A
[2026-05-31T06:57:02.013000+00:00] ...eckpoint-193/scheduler.pt: 100%|██████████| 1.47kB / 1.47kB            #033[A#033[A#033[A#033[A#033[A#033[A
[2026-05-31T06:57:02.013000+00:00] ...ckpoint-193/rng_state.pth:  77%|███████▋  | 11.3kB / 14.6kB            #033[A#033[A
[2026-05-31T06:57:02.013000+00:00] ...eckpoint-193/optimizer.pt:  25%|██▍       | 67.0MB /  269MB            #033[A#033[A#033[A
[2026-05-31T06:57:02.013000+00:00] ...l/model/model.safetensors:   0%|          | 40.2kB / 14.6GB            #033[A#033[A#033[A#033[A
[2026-05-31T06:57:02.013000+00:00] ...adapter_model.safetensors:   0%|          | 18.1kB /  134MB            #033[A#033[A#033[A#033[A#033[A
[2026-05-31T06:57:02.013000+00:00] ...eckpoint-193/scheduler.pt: 100%|██████████| 1.47kB / 1.47kB            #033[A#033[A#033[A#033[A#033[A#033[A
[2026-05-31T06:57:02.013000+00:00] ...ckpoint-193/rng_state.pth:  77%|███████▋  | 11.3kB / 14.6kB            #033[A#033[A
[2026-05-31T06:57:02.013000+00:00] ...eckpoint-193/optimizer.pt:  33%|███▎      | 89.8MB /  269MB            #033[A#033[A#033[A
[2026-05-31T06:57:02.013000+00:00] ...l/model/model.safetensors:   0%|          | 40.2kB / 14.6GB            #033[A#033[A#033[A#033[A
[2026-05-31T06:57:02.013000+00:00] #015  ...adapter_model.safetensors:  29%|██▉       | 38.7MB /  134MB            #033[A#033[A#033[A#033[A#033[A
[2026-05-31T06:57:02.013000+00:00] ...eckpoint-193/scheduler.pt: 100%|██████████| 1.47kB / 1.47kB            #033[A#033[A#033[A#033[A#033[A#033[A#015Processing Files (1 / 5)      :   1%|          |  129MB / 15.0GB,  107MB/s
[2026-05-31T06:57:02.013000+00:00] New Data Upload               :  32%|███▏      |  128MB /  402MB,  107MB/s  #033[A
[2026-05-31T06:57:02.013000+00:00] ...ckpoint-193/rng_state.pth:  77%|███████▋  | 11.3kB / 14.6kB            #033[A#033[A
[2026-05-31T06:57:02.013000+00:00] ...eckpoint-193/optimizer.pt:  50%|████▉     |  134MB /  269MB            #033[A#033[A#033[A
[2026-05-31T06:57:02.013000+00:00] ...l/model/model.safetensors:   0%|          | 40.2kB / 14.6GB            #033[A#033[A#033[A#033[A
[2026-05-31T06:57:02.013000+00:00] ...adapter_model.safetensors:  50%|████▉     | 66.8MB /  134MB            #033[A#033[A#033[A#033[A#033[A
[2026-05-31T06:57:02.013000+00:00] ...eckpoint-193/scheduler.pt: 100%|██████████| 1.47kB / 1.47kB            #033[A#033[A#033[A#033[A#033[A#033[A
[2026-05-31T06:57:02.013000+00:00] Processing Files (1 / 5)      :   1%|▏         |  201MB / 15.0GB,  143MB/s
[2026-05-31T06:57:02.013000+00:00] New Data Upload               :  50%|████▉     |  201MB /  402MB,  143MB/s  #033[A
[2026-05-31T06:57:02.013000+00:00] ...ckpoint-193/rng_state.pth:  77%|███████▋  | 11.3kB / 14.6kB            #033[A#033[A
[2026-05-31T06:57:02.013000+00:00] ...eckpoint-193/optimizer.pt:  50%|████▉     |  134MB /  269MB            #033[A#033[A#033[A
[2026-05-31T06:57:02.014000+00:00] ...l/model/model.safetensors:   0%|          | 40.2kB / 14.6GB            #033[A#033[A#033[A#033[A
[2026-05-31T06:57:02.014000+00:00] ...adapter_model.safetensors:  50%|████▉     | 66.8MB /  134MB            #033[A#033[A#033[A#033[A#033[A
[2026-05-31T06:57:02.014000+00:00] ...eckpoint-193/scheduler.pt: 100%|██████████| 1.47kB / 1.47kB            #033[A#033[A#033[A#033[A#033[A#033[A
[2026-05-31T06:57:03.014000+00:00] ...ckpoint-193/rng_state.pth:  77%|███████▋  | 11.3kB / 14.6kB            #033[A#033[A
[2026-05-31T06:57:03.014000+00:00] ...eckpoint-193/optimizer.pt:  50%|████▉     |  134MB /  269MB            #033[A#033[A#033[A
[2026-05-31T06:57:03.014000+00:00] ...l/model/model.safetensors:   0%|          | 40.2kB / 14.6GB            #033[A#033[A#033[A#033[A
[2026-05-31T06:57:03.014000+00:00] ...adapter_model.safetensors:  50%|████▉     | 66.8MB /  134MB            #033[A#033[A#033[A#033[A#033[A
[2026-05-31T06:57:03.014000+00:00] ...eckpoint-193/scheduler.pt: 100%|██████████| 1.47kB / 1.47kB            #033[A#033[A#033[A#033[A#033[A#033[A
[2026-05-31T06:57:03.014000+00:00] ...ckpoint-193/rng_state.pth:  77%|███████▋  | 11.3kB / 14.6kB            #033[A#033[A
[2026-05-31T06:57:03.014000+00:00] ...eckpoint-193/optimizer.pt:  50%|████▉     |  134MB /  269MB            #033[A#033[A#033[A
[2026-05-31T06:57:03.014000+00:00] ...l/model/model.safetensors:   0%|          | 40.2kB / 14.6GB            #033[A#033[A#033[A#033[A
[2026-05-31T06:57:03.014000+00:00] ...adapter_model.safetensors:  50%|████▉     | 66.8MB /  134MB            #033[A#033[A#033[A#033[A#033[A
[2026-05-31T06:57:03.014000+00:00] ...eckpoint-193/scheduler.pt: 100%|██████████| 1.47kB / 1.47kB            #033[A#033[A#033[A#033[A#033[A#033[A
[2026-05-31T06:57:03.014000+00:00] ...ckpoint-193/rng_state.pth:  77%|███████▋  | 11.3kB / 14.6kB            #033[A#033[A
[2026-05-31T06:57:03.014000+00:00] ...eckpoint-193/optimizer.pt:  59%|█████▉    |  158MB /  269MB            #033[A#033[A#033[A
[2026-05-31T06:57:03.014000+00:00] ...l/model/model.safetensors:   0%|          | 41.5MB / 14.6GB            #033[A#033[A#033[A#033[A
[2026-05-31T06:57:03.014000+00:00] ...adapter_model.safetensors:  52%|█████▏    | 69.3MB /  134MB            #033[A#033[A#033[A#033[A#033[A
[2026-05-31T06:57:03.014000+00:00] ...eckpoint-193/scheduler.pt: 100%|██████████| 1.47kB / 1.47kB            #033[A#033[A#033[A#033[A#033[A#033[A#015Processing Files (1 / 5)      :   2%|▏         |  269MB / 15.0GB,  122MB/s
[2026-05-31T06:57:03.014000+00:00] New Data Upload               :  57%|█████▋    |  269MB /  469MB,  122MB/s  #033[A
[2026-05-31T06:57:03.014000+00:00] ...ckpoint-193/rng_state.pth:  77%|███████▋  | 11.3kB / 14.6kB            #033[A#033[A
[2026-05-31T06:57:03.014000+00:00] ...eckpoint-193/optimizer.pt:  75%|███████▍  |  201MB /  269MB            #033[A#033[A#033[A
[2026-05-31T06:57:03.014000+00:00] #015  ...l/model/model.safetensors:   1%|          |  147MB / 14.6GB            #033[A#033[A#033[A#033[A
[2026-05-31T06:57:03.014000+00:00] #015  ...adapter_model.safetensors:  74%|███████▍  | 99.0MB /  134MB            #033[A#033[A#033[A#033[A#033[A
[2026-05-31T06:57:03.014000+00:00] ...eckpoint-193/scheduler.pt: 100%|██████████| 1.47kB / 1.47kB            #033[A#033[A#033[A#033[A#033[A#033[A#015Processing Files (1 / 5)      :   3%|▎         |  447MB / 15.0GB,  186MB/s  
[2026-05-31T06:57:03.014000+00:00] #015New Data Upload               :  78%|███████▊  |  367MB /  469MB,  153MB/s  #033[A
[2026-05-31T06:57:03.014000+00:00] ...ckpoint-193/rng_state.pth:  77%|███████▋  | 11.3kB / 14.6kB            #033[A#033[A
[2026-05-31T06:57:03.014000+00:00] ...eckpoint-193/optimizer.pt:  75%|███████▍  |  201MB /  269MB            #033[A#033[A#033[A
[2026-05-31T06:57:03.014000+00:00] ...l/model/model.safetensors:   3%|▎         |  427MB / 14.6GB            #033[A#033[A#033[A#033[A
[2026-05-31T06:57:03.014000+00:00] ...adapter_model.safetensors: 100%|█████████▉|  134MB /  134MB            #033[A#033[A#033[A#033[A#033[A
[2026-05-31T06:57:03.014000+00:00] ...eckpoint-193/scheduler.pt: 100%|██████████| 1.47kB / 1.47kB            #033[A#033[A#033[A#033[A#033[A#033[A
[2026-05-31T06:57:03.014000+00:00] Processing Files (1 / 5)      :   5%|▌         |  761MB / 15.0GB,  293MB/s
[2026-05-31T06:57:03.014000+00:00] New Data Upload               :  86%|████████▌ |  401MB /  469MB,  154MB/s  #033[A
[2026-05-31T06:57:04.015000+00:00] ...ckpoint-193/rng_state.pth:  77%|███████▋  | 11.3kB / 14.6kB            #033[A#033[A
[2026-05-31T06:57:04.015000+00:00] ...eckpoint-193/optimizer.pt:  75%|███████▍  |  201MB /  269MB            #033[A#033[A#033[A
[2026-05-31T06:57:04.015000+00:00] ...l/model/model.safetensors:   5%|▍         |  723MB / 14.6GB            #033[A#033[A#033[A#033[A
[2026-05-31T06:57:04.015000+00:00] ...adapter_model.safetensors: 100%|█████████▉|  134MB /  134MB            #033[A#033[A#033[A#033[A#033[A
[2026-05-31T06:57:04.015000+00:00] ...eckpoint-193/scheduler.pt: 100%|██████████| 1.47kB / 1.47kB            #033[A#033[A#033[A#033[A#033[A#033[A
[2026-05-31T06:57:04.015000+00:00] Processing Files (1 / 5)      :   7%|▋         | 1.06GB / 15.0GB,  378MB/s
[2026-05-31T06:57:04.015000+00:00] ...ckpoint-193/rng_state.pth:  77%|███████▋  | 11.3kB / 14.6kB            #033[A#033[A
[2026-05-31T06:57:04.015000+00:00] ...eckpoint-193/optimizer.pt:  75%|███████▍  |  201MB /  269MB            #033[A#033[A#033[A
[2026-05-31T06:57:04.015000+00:00] ...l/model/model.safetensors:   5%|▌         |  777MB / 14.6GB            #033[A#033[A#033[A#033[A
[2026-05-31T06:57:04.015000+00:00] ...adapter_model.safetensors: 100%|█████████▉|  134MB /  134MB            #033[A#033[A#033[A#033[A#033[A
[2026-05-31T06:57:04.015000+00:00] ...eckpoint-193/scheduler.pt: 100%|██████████| 1.47kB / 1.47kB            #033[A#033[A#033[A#033[A#033[A#033[A
[2026-05-31T06:57:04.015000+00:00] Processing Files (1 / 5)      :   7%|▋         | 1.11GB / 15.0GB,  370MB/s
[2026-05-31T06:57:04.015000+00:00] ...ckpoint-193/rng_state.pth:  77%|███████▋  | 11.3kB / 14.6kB            #033[A#033[A
[2026-05-31T06:57:04.015000+00:00] ...eckpoint-193/optimizer.pt:  94%|█████████▍|  253MB /  269MB            #033[A#033[A#033[A
[2026-05-31T06:57:04.015000+00:00] ...l/model/model.safetensors:   5%|▌         |  777MB / 14.6GB            #033[A#033[A#033[A#033[A
[2026-05-31T06:57:04.015000+00:00] ...adapter_model.safetensors: 100%|█████████▉|  134MB /  134MB            #033[A#033[A#033[A#033[A#033[A
[2026-05-31T06:57:04.015000+00:00] ...eckpoint-193/scheduler.pt: 100%|██████████| 1.47kB / 1.47kB            #033[A#033[A#033[A#033[A#033[A#033[A
[2026-05-31T06:57:04.015000+00:00] Processing Files (1 / 5)      :   8%|▊         | 1.16GB / 15.0GB,  364MB/s
[2026-05-31T06:57:04.015000+00:00] New Data Upload               :  97%|█████████▋|  454MB /  469MB,  142MB/s  #033[A
[2026-05-31T06:57:04.015000+00:00] ...ckpoint-193/rng_state.pth:  77%|███████▋  | 11.3kB / 14.6kB            #033[A#033[A
[2026-05-31T06:57:04.015000+00:00] ...eckpoint-193/optimizer.pt: 100%|█████████▉|  268MB /  269MB            #033[A#033[A#033[A
[2026-05-31T06:57:04.015000+00:00] ...l/model/model.safetensors:   7%|▋         | 1.03GB / 14.6GB            #033[A#033[A#033[A#033[A
[2026-05-31T06:57:04.015000+00:00] ...adapter_model.safetensors: 100%|█████████▉|  134MB /  134MB            #033[A#033[A#033[A#033[A#033[A
[2026-05-31T06:57:04.015000+00:00] ...eckpoint-193/scheduler.pt: 100%|██████████| 1.47kB / 1.47kB            #033[A#033[A#033[A#033[A#033[A#033[A
[2026-05-31T06:57:04.015000+00:00] Processing Files (1 / 5)      :  10%|▉         | 1.43GB / 15.0GB,  420MB/s
[2026-05-31T06:57:04.015000+00:00] New Data Upload               : 100%|█████████▉|  469MB /  469MB,  138MB/s  #033[A
[2026-05-31T06:57:04.015000+00:00] ...ckpoint-193/rng_state.pth:  77%|███████▋  | 11.3kB / 14.6kB            #033[A#033[A
[2026-05-31T06:57:04.015000+00:00] ...eckpoint-193/optimizer.pt: 100%|█████████▉|  268MB /  269MB            #033[A#033[A#033[A
[2026-05-31T06:57:04.015000+00:00] ...l/model/model.safetensors:   9%|▉         | 1.31GB / 14.6GB            #033[A#033[A#033[A#033[A
[2026-05-31T06:57:04.015000+00:00] ...adapter_model.safetensors: 100%|█████████▉|  134MB /  134MB            #033[A#033[A#033[A#033[A#033[A
[2026-05-31T06:57:04.015000+00:00] ...eckpoint-193/scheduler.pt: 100%|██████████| 1.47kB / 1.47kB            #033[A#033[A#033[A#033[A#033[A#033[A
[2026-05-31T06:57:04.015000+00:00] Processing Files (1 / 5)      :  11%|█▏        | 1.71GB / 15.0GB,  474MB/s
[2026-05-31T06:57:05.016000+00:00] ...ckpoint-193/rng_state.pth:  77%|███████▋  | 11.3kB / 14.6kB            #033[A#033[A
[2026-05-31T06:57:05.016000+00:00] ...eckpoint-193/optimizer.pt: 100%|█████████▉|  268MB /  269MB            #033[A#033[A#033[A
[2026-05-31T06:57:05.016000+00:00] ...l/model/model.safetensors:  11%|█         | 1.60GB / 14.6GB            #033[A#033[A#033[A#033[A
[2026-05-31T06:57:05.016000+00:00] ...adapter_model.safetensors: 100%|█████████▉|  134MB /  134MB            #033[A#033[A#033[A#033[A#033[A
[2026-05-31T06:57:05.016000+00:00] ...eckpoint-193/scheduler.pt: 100%|██████████| 1.47kB / 1.47kB            #033[A#033[A#033[A#033[A#033[A#033[A
[2026-05-31T06:57:05.016000+00:00] Processing Files (1 / 5)      :  13%|█▎        | 2.00GB / 15.0GB,  527MB/s
[2026-05-31T06:57:05.016000+00:00] ...ckpoint-193/rng_state.pth:  77%|███████▋  | 11.3kB / 14.6kB            #033[A#033[A
[2026-05-31T06:57:05.016000+00:00] ...eckpoint-193/optimizer.pt: 100%|█████████▉|  268MB /  269MB            #033[A#033[A#033[A
[2026-05-31T06:57:05.016000+00:00] ...l/model/model.safetensors:  13%|█▎        | 1.85GB / 14.6GB            #033[A#033[A#033[A#033[A
[2026-05-31T06:57:05.016000+00:00] ...adapter_model.safetensors: 100%|█████████▉|  134MB /  134MB            #033[A#033[A#033[A#033[A#033[A
[2026-05-31T06:57:05.016000+00:00] ...eckpoint-193/scheduler.pt: 100%|██████████| 1.47kB / 1.47kB            #033[A#033[A#033[A#033[A#033[A#033[A
[2026-05-31T06:57:05.016000+00:00] Processing Files (1 / 5)      :  15%|█▌        | 2.25GB / 15.0GB,  562MB/s
[2026-05-31T06:57:05.016000+00:00] New Data Upload               :  87%|████████▋ |  469MB /  536MB,  117MB/s  #033[A
[2026-05-31T06:57:05.016000+00:00] ...ckpoint-193/rng_state.pth:  77%|███████▋  | 11.3kB / 14.6kB            #033[A#033[A
[2026-05-31T06:57:05.016000+00:00] ...eckpoint-193/optimizer.pt: 100%|█████████▉|  268MB /  269MB            #033[A#033[A#033[A
[2026-05-31T06:57:05.016000+00:00] ...l/model/model.safetensors:  13%|█▎        | 1.85GB / 14.6GB            #033[A#033[A#033[A#033[A
[2026-05-31T06:57:05.016000+00:00] ...adapter_model.safetensors: 100%|█████████▉|  134MB /  134MB            #033[A#033[A#033[A#033[A#033[A
[2026-05-31T06:57:05.016000+00:00] #015  ...eckpoint-193/scheduler.pt: 100%|██████████| 1.47kB / 1.47kB
[2026-05-31T06:57:05.016000+00:00] #033[A#033[A#033[A#033[A#033[A#033[A
[2026-05-31T06:57:05.016000+00:00] Processing Files (1 / 5)      :  15%|█▌        | 2.25GB / 15.0GB,  537MB/s
[2026-05-31T06:57:05.016000+00:00] ...ckpoint-193/rng_state.pth:  77%|███████▋  | 11.3kB / 14.6kB            #033[A#033[A
[2026-05-31T06:57:05.016000+00:00] #015  ...eckpoint-193/optimizer.pt: 100%|█████████▉|  268MB /  269MB            #033[A#033[A#033[A
[2026-05-31T06:57:05.016000+00:00] ...l/model/model.safetensors:  13%|█▎        | 1.92GB / 14.6GB            #033[A#033[A#033[A#033[A
[2026-05-31T06:57:05.016000+00:00] #015  ...adapter_model.safetensors: 100%|█████████▉|  134MB /  134MB            #033[A#033[A#033[A#033[A#033[A
[2026-05-31T06:57:05.016000+00:00] #015  ...eckpoint-193/scheduler.pt: 100%|██████████| 1.47kB / 1.47kB            #033[A#033[A#033[A#033[A#033[A#033[A#015Processing Files (1 / 5)      :  15%|█▌        | 2.32GB / 15.0GB,  527MB/s
[2026-05-31T06:57:05.016000+00:00] New Data Upload               :  89%|████████▉ |  536MB /  603MB,  122MB/s  #033[A
[2026-05-31T06:57:05.016000+00:00] ...ckpoint-193/rng_state.pth:  77%|███████▋  | 11.3kB / 14.6kB            #033[A#033[A
[2026-05-31T06:57:05.016000+00:00] ...eckpoint-193/optimizer.pt: 100%|█████████▉|  268MB /  269MB            #033[A#033[A#033[A
[2026-05-31T06:57:05.016000+00:00] ...l/model/model.safetensors:  15%|█▌        | 2.22GB / 14.6GB            #033[A#033[A#033[A#033[A
[2026-05-31T06:57:05.016000+00:00] ...adapter_model.safetensors: 100%|█████████▉|  134MB /  134MB            #033[A#033[A#033[A#033[A#033[A
[2026-05-31T06:57:05.016000+00:00] ...eckpoint-193/scheduler.pt: 100%|██████████| 1.47kB / 1.47kB            #033[A#033[A#033[A#033[A#033[A#033[A
[2026-05-31T06:57:05.016000+00:00] Processing Files (1 / 5)      :  17%|█▋        | 2.62GB / 15.0GB,  569MB/s  
[2026-05-31T06:57:05.016000+00:00] #015New Data Upload               : 100%|█████████▉|  602MB /  603MB,  131MB/s
[2026-05-31T06:57:05.016000+00:00] #033[A
[2026-05-31T06:57:06.017000+00:00] ...ckpoint-193/rng_state.pth:  77%|███████▋  | 11.3kB / 14.6kB            #033[A#033[A
[2026-05-31T06:57:06.017000+00:00] ...eckpoint-193/optimizer.pt: 100%|█████████▉|  268MB /  269MB            #033[A#033[A#033[A
[2026-05-31T06:57:06.017000+00:00] ...l/model/model.safetensors:  15%|█▌        | 2.26GB / 14.6GB            #033[A#033[A#033[A#033[A
[2026-05-31T06:57:06.017000+00:00] ...adapter_model.safetensors: 100%|█████████▉|  134MB /  134MB            #033[A#033[A#033[A#033[A#033[A
[2026-05-31T06:57:06.017000+00:00] ...eckpoint-193/scheduler.pt: 100%|██████████| 1.47kB / 1.47kB            #033[A#033[A#033[A#033[A#033[A#033[A
[2026-05-31T06:57:06.017000+00:00] Processing Files (1 / 5)      :  18%|█▊        | 2.66GB / 15.0GB,  554MB/s
[2026-05-31T06:57:06.017000+00:00] New Data Upload               :  90%|████████▉ |  603MB /  671MB,  126MB/s  #033[A
[2026-05-31T06:57:06.017000+00:00] ...ckpoint-193/rng_state.pth:  77%|███████▋  | 11.3kB / 14.6kB            #033[A#033[A
[2026-05-31T06:57:06.017000+00:00] ...eckpoint-193/optimizer.pt: 100%|█████████▉|  268MB /  269MB            #033[A#033[A#033[A
[2026-05-31T06:57:06.017000+00:00] ...l/model/model.safetensors:  16%|█▌        | 2.30GB / 14.6GB            #033[A#033[A#033[A#033[A
[2026-05-31T06:57:06.017000+00:00] ...adapter_model.safetensors: 100%|█████████▉|  134MB /  134MB            #033[A#033[A#033[A#033[A#033[A
[2026-05-31T06:57:06.017000+00:00] ...eckpoint-193/scheduler.pt: 100%|██████████| 1.47kB / 1.47kB            #033[A#033[A#033[A#033[A#033[A#033[A
[2026-05-31T06:57:06.017000+00:00] Processing Files (1 / 5)      :  18%|█▊        | 2.71GB / 15.0GB,  541MB/s
[2026-05-31T06:57:06.017000+00:00] New Data Upload               :  88%|████████▊ |  650MB /  738MB,  130MB/s  #033[A
[2026-05-31T06:57:06.017000+00:00] ...ckpoint-193/rng_state.pth:  77%|███████▋  | 11.3kB / 14.6kB            #033[A#033[A
[2026-05-31T06:57:06.017000+00:00] #015  ...eckpoint-193/optimizer.pt: 100%|█████████▉|  268MB /  269MB            #033[A#033[A#033[A
[2026-05-31T06:57:06.017000+00:00] #015  ...l/model/model.safetensors:  17%|█▋        | 2.52GB / 14.6GB            #033[A#033[A#033[A#033[A
[2026-05-31T06:57:06.017000+00:00] #015  ...adapter_model.safetensors: 100%|█████████▉|  134MB /  134MB            #033[A#033[A#033[A#033[A#033[A
[2026-05-31T06:57:06.017000+00:00] #015  ...eckpoint-193/scheduler.pt: 100%|██████████| 1.47kB / 1.47kB            #033[A#033[A#033[A#033[A#033[A#033[A#015Processing Files (1 / 5)      :  19%|█▉        | 2.92GB / 15.0GB,  562MB/s  
[2026-05-31T06:57:06.017000+00:00] #015New Data Upload               :  98%|█████████▊|  722MB /  738MB,  139MB/s  #033[A
[2026-05-31T06:57:06.017000+00:00] ...ckpoint-193/rng_state.pth:  77%|███████▋  | 11.3kB / 14.6kB            #033[A#033[A
[2026-05-31T06:57:06.018000+00:00] ...eckpoint-193/optimizer.pt: 100%|█████████▉|  268MB /  269MB            #033[A#033[A#033[A
[2026-05-31T06:57:06.018000+00:00] ...l/model/model.safetensors:  18%|█▊        | 2.66GB / 14.6GB            #033[A#033[A#033[A#033[A
[2026-05-31T06:57:06.018000+00:00] ...adapter_model.safetensors: 100%|█████████▉|  134MB /  134MB            #033[A#033[A#033[A#033[A#033[A
[2026-05-31T06:57:06.018000+00:00] ...eckpoint-193/scheduler.pt: 100%|██████████| 1.47kB / 1.47kB            #033[A#033[A#033[A#033[A#033[A#033[A
[2026-05-31T06:57:06.018000+00:00] Processing Files (1 / 5)      :  20%|██        | 3.06GB / 15.0GB,  567MB/s
[2026-05-31T06:57:06.018000+00:00] New Data Upload               :  92%|█████████▏|  737MB /  805MB,  136MB/s  #033[A
[2026-05-31T06:57:06.018000+00:00] ...ckpoint-193/rng_state.pth:  77%|███████▋  | 11.3kB / 14.6kB            #033[A#033[A
[2026-05-31T06:57:06.018000+00:00] ...eckpoint-193/optimizer.pt: 100%|█████████▉|  268MB /  269MB            #033[A#033[A#033[A
[2026-05-31T06:57:06.018000+00:00] ...l/model/model.safetensors:  18%|█▊        | 2.70GB / 14.6GB            #033[A#033[A#033[A#033[A
[2026-05-31T06:57:06.018000+00:00] ...adapter_model.safetensors: 100%|█████████▉|  134MB /  134MB            #033[A#033[A#033[A#033[A#033[A
[2026-05-31T06:57:06.018000+00:00] ...eckpoint-193/scheduler.pt: 100%|██████████| 1.47kB / 1.47kB            #033[A#033[A#033[A#033[A#033[A#033[A
[2026-05-31T06:57:06.018000+00:00] Processing Files (1 / 5)      :  21%|██        | 3.10GB / 15.0GB,  554MB/s
[2026-05-31T06:57:06.018000+00:00] New Data Upload               :  89%|████████▉ |  775MB /  872MB,  138MB/s  #033[A
[2026-05-31T06:57:06.018000+00:00] ...ckpoint-193/rng_state.pth:  77%|███████▋  | 11.3kB / 14.6kB            #033[A#033[A
[2026-05-31T06:57:06.018000+00:00] ...eckpoint-193/optimizer.pt: 100%|█████████▉|  268MB /  269MB            #033[A#033[A#033[A
[2026-05-31T06:57:06.018000+00:00] ...l/model/model.safetensors:  19%|█▉        | 2.80GB / 14.6GB            #033[A#033[A#033[A#033[A
[2026-05-31T06:57:06.018000+00:00] #015  ...adapter_model.safetensors: 100%|█████████▉|  134MB /  134MB            #033[A#033[A#033[A#033[A#033[A
[2026-05-31T06:57:06.018000+00:00] ...eckpoint-193/scheduler.pt: 100%|██████████| 1.47kB / 1.47kB            #033[A#033[A#033[A#033[A#033[A#033[A#015Processing Files (1 / 5)      :  21%|██▏       | 3.21GB / 15.0GB,  553MB/s  
[2026-05-31T06:57:06.018000+00:00] #015New Data Upload               :  94%|█████████▍|  820MB /  872MB,  141MB/s
[2026-05-31T06:57:06.018000+00:00] #033[A
[2026-05-31T06:57:07.018000+00:00] ...ckpoint-193/rng_state.pth:  77%|███████▋  | 11.3kB / 14.6kB            #033[A#033[A
[2026-05-31T06:57:07.018000+00:00] ...eckpoint-193/optimizer.pt: 100%|█████████▉|  268MB /  269MB            #033[A#033[A#033[A
[2026-05-31T06:57:07.018000+00:00] #015  ...l/model/model.safetensors:  21%|██        | 3.06GB / 14.6GB
[2026-05-31T06:57:07.018000+00:00] #033[A#033[A#033[A#033[A
[2026-05-31T06:57:07.018000+00:00] ...adapter_model.safetensors: 100%|█████████▉|  134MB /  134MB            #033[A#033[A#033[A#033[A#033[A
[2026-05-31T06:57:07.019000+00:00] #015  ...eckpoint-193/scheduler.pt: 100%|██████████| 1.47kB / 1.47kB            #033[A#033[A#033[A#033[A#033[A#033[A
[2026-05-31T06:57:07.019000+00:00] Processing Files (1 / 5)      :  23%|██▎       | 3.47GB / 15.0GB,  578MB/s  
[2026-05-31T06:57:07.019000+00:00] #015New Data Upload               :  93%|█████████▎|  871MB /  939MB,  145MB/s  #033[A
[2026-05-31T06:57:07.019000+00:00] ...ckpoint-193/rng_state.pth:  77%|███████▋  | 11.3kB / 14.6kB            #033[A#033[A
[2026-05-31T06:57:07.019000+00:00] ...eckpoint-193/optimizer.pt: 100%|█████████▉|  268MB /  269MB            #033[A#033[A#033[A
[2026-05-31T06:57:07.019000+00:00] ...l/model/model.safetensors:  21%|██        | 3.07GB / 14.6GB            #033[A#033[A#033[A#033[A
[2026-05-31T06:57:07.019000+00:00] ...adapter_model.safetensors: 100%|█████████▉|  134MB /  134MB
[2026-05-31T06:57:07.019000+00:00] #033[A#033[A#033[A#033[A#033[A
[2026-05-31T06:57:07.019000+00:00] ...eckpoint-193/scheduler.pt: 100%|██████████| 1.47kB / 1.47kB            #033[A#033[A#033[A#033[A#033[A#033[A
[2026-05-31T06:57:07.019000+00:00] Processing Files (1 / 5)      :  23%|██▎       | 3.48GB / 15.0GB,  561MB/s
[2026-05-31T06:57:07.019000+00:00] New Data Upload               :  88%|████████▊ |  880MB / 1.01GB,  142MB/s  #033[A
[2026-05-31T06:57:07.019000+00:00] ...ckpoint-193/rng_state.pth:  77%|███████▋  | 11.3kB / 14.6kB            #033[A#033[A
[2026-05-31T06:57:07.019000+00:00] ...eckpoint-193/optimizer.pt: 100%|█████████▉|  268MB /  269MB            #033[A#033[A#033[A
[2026-05-31T06:57:07.019000+00:00] ...l/model/model.safetensors:  21%|██▏       | 3.13GB / 14.6GB            #033[A#033[A#033[A#033[A
[2026-05-31T06:57:07.019000+00:00] ...adapter_model.safetensors: 100%|█████████▉|  134MB /  134MB            #033[A#033[A#033[A#033[A#033[A
[2026-05-31T06:57:07.019000+00:00] ...eckpoint-193/scheduler.pt: 100%|██████████| 1.47kB / 1.47kB            #033[A#033[A#033[A#033[A#033[A#033[A
[2026-05-31T06:57:07.019000+00:00] Processing Files (1 / 5)      :  24%|██▎       | 3.53GB / 15.0GB,  552MB/s
[2026-05-31T06:57:07.019000+00:00] New Data Upload               :  93%|█████████▎|  937MB / 1.01GB,  146MB/s  #033[A
[2026-05-31T06:57:07.019000+00:00] ...ckpoint-193/rng_state.pth:  77%|███████▋  | 11.3kB / 14.6kB            #033[A#033[A
[2026-05-31T06:57:07.019000+00:00] ...eckpoint-193/optimizer.pt: 100%|█████████▉|  268MB /  269MB            #033[A#033[A#033[A
[2026-05-31T06:57:07.019000+00:00] ...l/model/model.safetensors:  24%|██▎       | 3.43GB / 14.6GB            #033[A#033[A#033[A#033[A
[2026-05-31T06:57:07.019000+00:00] ...adapter_model.safetensors: 100%|█████████▉|  134MB /  134MB            #033[A#033[A#033[A#033[A#033[A
[2026-05-31T06:57:07.019000+00:00] ...eckpoint-193/scheduler.pt: 100%|██████████| 1.47kB / 1.47kB            #033[A#033[A#033[A#033[A#033[A#033[A
[2026-05-31T06:57:07.019000+00:00] Processing Files (1 / 5)      :  26%|██▌       | 3.83GB / 15.0GB,  581MB/s
[2026-05-31T06:57:07.019000+00:00] New Data Upload               : 100%|█████████▉| 1.00GB / 1.01GB,  152MB/s  #033[A
[2026-05-31T06:57:07.019000+00:00] ...ckpoint-193/rng_state.pth:  77%|███████▋  | 11.3kB / 14.6kB            #033[A#033[A
[2026-05-31T06:57:07.019000+00:00] ...eckpoint-193/optimizer.pt: 100%|█████████▉|  268MB /  269MB            #033[A#033[A#033[A
[2026-05-31T06:57:07.019000+00:00] ...l/model/model.safetensors:  24%|██▍       | 3.47GB / 14.6GB            #033[A#033[A#033[A#033[A
[2026-05-31T06:57:07.019000+00:00] ...adapter_model.safetensors: 100%|█████████▉|  134MB /  134MB            #033[A#033[A#033[A#033[A#033[A
[2026-05-31T06:57:07.019000+00:00] #015  ...eckpoint-193/scheduler.pt: 100%|██████████| 1.47kB / 1.47kB            #033[A#033[A#033[A#033[A#033[A#033[A
[2026-05-31T06:57:07.019000+00:00] Processing Files (1 / 5)      :  26%|██▌       | 3.87GB / 15.0GB,  569MB/s
[2026-05-31T06:57:07.019000+00:00] New Data Upload               :  94%|█████████▎| 1.01GB / 1.07GB,  148MB/s  #033[A
[2026-05-31T06:57:08.019000+00:00] ...ckpoint-193/rng_state.pth:  77%|███████▋  | 11.3kB / 14.6kB            #033[A#033[A
[2026-05-31T06:57:08.020000+00:00] #015  ...eckpoint-193/optimizer.pt: 100%|█████████▉|  268MB /  269MB            #033[A#033[A#033[A
[2026-05-31T06:57:08.020000+00:00] #015  ...l/model/model.safetensors:  24%|██▍       | 3.51GB / 14.6GB            #033[A#033[A#033[A#033[A
[2026-05-31T06:57:08.020000+00:00] #015  ...adapter_model.safetensors: 100%|█████████▉|  134MB /  134MB            #033[A#033[A#033[A#033[A#033[A
[2026-05-31T06:57:08.020000+00:00] #015  ...eckpoint-193/scheduler.pt: 100%|██████████| 1.47kB / 1.47kB            #033[A#033[A#033[A#033[A#033[A#033[A#015Processing Files (1 / 5)      :  26%|██▌       | 3.91GB / 15.0GB,  558MB/s
[2026-05-31T06:57:08.020000+00:00] New Data Upload               :  91%|█████████▏| 1.04GB / 1.14GB,  149MB/s  #033[A
[2026-05-31T06:57:08.020000+00:00] ...ckpoint-193/rng_state.pth:  77%|███████▋  | 11.3kB / 14.6kB            #033[A#033[A
[2026-05-31T06:57:08.020000+00:00] ...eckpoint-193/optimizer.pt: 100%|█████████▉|  268MB /  269MB            #033[A#033[A#033[A
[2026-05-31T06:57:08.020000+00:00] ...l/model/model.safetensors:  26%|██▌       | 3.74GB / 14.6GB            #033[A#033[A#033[A#033[A
[2026-05-31T06:57:08.020000+00:00] ...adapter_model.safetensors: 100%|█████████▉|  134MB /  134MB            #033[A#033[A#033[A#033[A#033[A
[2026-05-31T06:57:08.020000+00:00] ...eckpoint-193/scheduler.pt: 100%|██████████| 1.47kB / 1.47kB            #033[A#033[A#033[A#033[A#033[A#033[A
[2026-05-31T06:57:08.020000+00:00] Processing Files (1 / 5)      :  28%|██▊       | 4.14GB / 15.0GB,  575MB/s
[2026-05-31T06:57:08.021000+00:00] New Data Upload               :  98%|█████████▊| 1.12GB / 1.14GB,  155MB/s  #033[A
[2026-05-31T06:57:08.021000+00:00] ...ckpoint-193/rng_state.pth:  77%|███████▋  | 11.3kB / 14.6kB            #033[A#033[A
[2026-05-31T06:57:08.021000+00:00] ...eckpoint-193/optimizer.pt: 100%|█████████▉|  268MB /  269MB            #033[A#033[A#033[A
[2026-05-31T06:57:08.021000+00:00] ...l/model/model.safetensors:  27%|██▋       | 3.87GB / 14.6GB            #033[A#033[A#033[A#033[A
[2026-05-31T06:57:08.021000+00:00] ...adapter_model.safetensors: 100%|█████████▉|  134MB /  134MB            #033[A#033[A#033[A#033[A#033[A
[2026-05-31T06:57:08.021000+00:00] ...eckpoint-193/scheduler.pt: 100%|██████████| 1.47kB / 1.47kB            #033[A#033[A#033[A#033[A#033[A#033[A
[2026-05-31T06:57:08.021000+00:00] Processing Files (1 / 5)      :  28%|██▊       | 4.27GB / 15.0GB,  578MB/s
[2026-05-31T06:57:08.021000+00:00] New Data Upload               :  94%|█████████▍| 1.14GB / 1.21GB,  154MB/s  #033[A
[2026-05-31T06:57:08.021000+00:00] ...ckpoint-193/rng_state.pth:  77%|███████▋  | 11.3kB / 14.6kB            #033[A#033[A
[2026-05-31T06:57:08.021000+00:00] ...eckpoint-193/optimizer.pt: 100%|█████████▉|  268MB /  269MB            #033[A#033[A#033[A
[2026-05-31T06:57:08.021000+00:00] ...l/model/model.safetensors:  27%|██▋       | 3.90GB / 14.6GB            #033[A#033[A#033[A#033[A
[2026-05-31T06:57:08.021000+00:00] ...adapter_model.safetensors: 100%|█████████▉|  134MB /  134MB            #033[A#033[A#033[A#033[A#033[A
[2026-05-31T06:57:08.021000+00:00] ...eckpoint-193/scheduler.pt: 100%|██████████| 1.47kB / 1.47kB            #033[A#033[A#033[A#033[A#033[A#033[A
[2026-05-31T06:57:08.021000+00:00] Processing Files (1 / 5)      :  29%|██▊       | 4.30GB / 15.0GB,  566MB/s
[2026-05-31T06:57:08.021000+00:00] New Data Upload               :  91%|█████████▏| 1.17GB / 1.27GB,  153MB/s  #033[A
[2026-05-31T06:57:08.021000+00:00] ...ckpoint-193/rng_state.pth:  77%|███████▋  | 11.3kB / 14.6kB            #033[A#033[A
[2026-05-31T06:57:08.021000+00:00] ...eckpoint-193/optimizer.pt: 100%|█████████▉|  268MB /  269MB            #033[A#033[A#033[A
[2026-05-31T06:57:08.021000+00:00] ...l/model/model.safetensors:  27%|██▋       | 3.97GB / 14.6GB            #033[A#033[A#033[A#033[A
[2026-05-31T06:57:08.021000+00:00] ...adapter_model.safetensors: 100%|█████████▉|  134MB /  134MB            #033[A#033[A#033[A#033[A#033[A
[2026-05-31T06:57:09.022000+00:00] ...eckpoint-193/scheduler.pt: 100%|██████████| 1.47kB / 1.47kB            #033[A#033[A#033[A#033[A#033[A#033[A
[2026-05-31T06:57:09.022000+00:00] Processing Files (1 / 5)      :  29%|██▉       | 4.38GB / 15.0GB,  561MB/s
[2026-05-31T06:57:09.022000+00:00] New Data Upload               :  95%|█████████▌| 1.22GB / 1.27GB,  156MB/s  #033[A
[2026-05-31T06:57:09.022000+00:00] ...ckpoint-193/rng_state.pth:  77%|███████▋  | 11.3kB / 14.6kB            #033[A#033[A
[2026-05-31T06:57:09.022000+00:00] ...eckpoint-193/optimizer.pt: 100%|█████████▉|  268MB /  269MB            #033[A#033[A#033[A
[2026-05-31T06:57:09.022000+00:00] ...l/model/model.safetensors:  29%|██▉       | 4.26GB / 14.6GB            #033[A#033[A#033[A#033[A
[2026-05-31T06:57:09.022000+00:00] ...adapter_model.safetensors: 100%|█████████▉|  134MB /  134MB            #033[A#033[A#033[A#033[A#033[A
[2026-05-31T06:57:09.022000+00:00] ...eckpoint-193/scheduler.pt: 100%|██████████| 1.47kB / 1.47kB            #033[A#033[A#033[A#033[A#033[A#033[A
[2026-05-31T06:57:09.022000+00:00] Processing Files (1 / 5)      :  31%|███       | 4.67GB / 15.0GB,  583MB/s
[2026-05-31T06:57:09.022000+00:00] New Data Upload               : 100%|█████████▉| 1.27GB / 1.27GB,  159MB/s  #033[A
[2026-05-31T06:57:09.022000+00:00] ...ckpoint-193/rng_state.pth:  77%|███████▋  | 11.3kB / 14.6kB            #033[A#033[A
[2026-05-31T06:57:09.022000+00:00] ...eckpoint-193/optimizer.pt: 100%|█████████▉|  268MB /  269MB            #033[A#033[A#033[A
[2026-05-31T06:57:09.022000+00:00] ...l/model/model.safetensors:  29%|██▉       | 4.28GB / 14.6GB            #033[A#033[A#033[A#033[A
[2026-05-31T06:57:09.022000+00:00] ...adapter_model.safetensors: 100%|█████████▉|  134MB /  134MB            #033[A#033[A#033[A#033[A#033[A
[2026-05-31T06:57:09.022000+00:00] ...eckpoint-193/scheduler.pt: 100%|██████████| 1.47kB / 1.47kB            #033[A#033[A#033[A#033[A#033[A#033[A
[2026-05-31T06:57:09.022000+00:00] Processing Files (1 / 5)      :  31%|███       | 4.68GB / 15.0GB,  571MB/s
[2026-05-31T06:57:09.022000+00:00] ...ckpoint-193/rng_state.pth:  77%|███████▋  | 11.3kB / 14.6kB            #033[A#033[A
[2026-05-31T06:57:09.022000+00:00] ...eckpoint-193/optimizer.pt: 100%|█████████▉|  268MB /  269MB            #033[A#033[A#033[A
[2026-05-31T06:57:09.022000+00:00] ...l/model/model.safetensors:  30%|██▉       | 4.35GB / 14.6GB            #033[A#033[A#033[A#033[A
[2026-05-31T06:57:09.022000+00:00] ...adapter_model.safetensors: 100%|█████████▉|  134MB /  134MB            #033[A#033[A#033[A#033[A#033[A
[2026-05-31T06:57:09.022000+00:00] #015  ...eckpoint-193/scheduler.pt: 100%|██████████| 1.47kB / 1.47kB            #033[A#033[A#033[A#033[A#033[A#033[A
[2026-05-31T06:57:09.022000+00:00] Processing Files (1 / 5)      :  32%|███▏      | 4.75GB / 15.0GB,  565MB/s  
[2026-05-31T06:57:09.022000+00:00] #015New Data Upload               :  95%|█████████▌| 1.34GB / 1.41GB,  160MB/s  #033[A
[2026-05-31T06:57:09.022000+00:00] ...ckpoint-193/rng_state.pth:  77%|███████▋  | 11.3kB / 14.6kB            #033[A#033[A
[2026-05-31T06:57:09.022000+00:00] ...eckpoint-193/optimizer.pt: 100%|█████████▉|  268MB /  269MB            #033[A#033[A#033[A
[2026-05-31T06:57:09.022000+00:00] ...l/model/model.safetensors:  31%|███▏      | 4.57GB / 14.6GB            #033[A#033[A#033[A#033[A
[2026-05-31T06:57:09.022000+00:00] ...adapter_model.safetensors: 100%|█████████▉|  134MB /  134MB            #033[A#033[A#033[A#033[A#033[A
[2026-05-31T06:57:09.022000+00:00] ...eckpoint-193/scheduler.pt: 100%|██████████| 1.47kB / 1.47kB            #033[A#033[A#033[A#033[A#033[A#033[A
[2026-05-31T06:57:09.022000+00:00] Processing Files (1 / 5)      :  33%|███▎      | 4.97GB / 15.0GB,  578MB/s
[2026-05-31T06:57:09.022000+00:00] New Data Upload               :  99%|█████████▉| 1.40GB / 1.41GB,  163MB/s  #033[A
[2026-05-31T06:57:09.022000+00:00] ...ckpoint-193/rng_state.pth:  77%|███████▋  | 11.3kB / 14.6kB            #033[A#033[A
[2026-05-31T06:57:09.022000+00:00] ...eckpoint-193/optimizer.pt: 100%|█████████▉|  268MB /  269MB            #033[A#033[A#033[A
[2026-05-31T06:57:09.022000+00:00] ...l/model/model.safetensors:  32%|███▏      | 4.68GB / 14.6GB            #033[A#033[A#033[A#033[A
[2026-05-31T06:57:09.022000+00:00] ...adapter_model.safetensors: 100%|█████████▉|  134MB /  134MB            #033[A#033[A#033[A#033[A#033[A
[2026-05-31T06:57:09.023000+00:00] ...eckpoint-193/scheduler.pt: 100%|██████████| 1.47kB / 1.47kB            #033[A#033[A#033[A#033[A#033[A#033[A
[2026-05-31T06:57:09.023000+00:00] Processing Files (1 / 5)      :  34%|███▍      | 5.08GB / 15.0GB,  577MB/s
[2026-05-31T06:57:09.023000+00:00] New Data Upload               :  95%|█████████▌| 1.41GB / 1.48GB,  160MB/s  #033[A
[2026-05-31T06:57:10.023000+00:00] ...ckpoint-193/rng_state.pth:  77%|███████▋  | 11.3kB / 14.6kB            #033[A#033[A
[2026-05-31T06:57:10.023000+00:00] ...eckpoint-193/optimizer.pt: 100%|█████████▉|  268MB /  269MB            #033[A#033[A#033[A
[2026-05-31T06:57:10.023000+00:00] ...l/model/model.safetensors:  32%|███▏      | 4.73GB / 14.6GB            #033[A#033[A#033[A#033[A
[2026-05-31T06:57:10.023000+00:00] ...adapter_model.safetensors: 100%|█████████▉|  134MB /  134MB            #033[A#033[A#033[A#033[A#033[A
[2026-05-31T06:57:10.023000+00:00] ...eckpoint-193/scheduler.pt: 100%|██████████| 1.47kB / 1.47kB            #033[A#033[A#033[A#033[A#033[A#033[A
[2026-05-31T06:57:10.023000+00:00] Processing Files (1 / 5)      :  34%|███▍      | 5.13GB / 15.0GB,  570MB/s
[2026-05-31T06:57:10.023000+00:00] New Data Upload               :  94%|█████████▍| 1.45GB / 1.54GB,  161MB/s  #033[A
[2026-05-31T06:57:10.023000+00:00] ...ckpoint-193/rng_state.pth:  77%|███████▋  | 11.3kB / 14.6kB            #033[A#033[A
[2026-05-31T06:57:10.023000+00:00] ...eckpoint-193/optimizer.pt: 100%|█████████▉|  268MB /  269MB            #033[A#033[A#033[A
[2026-05-31T06:57:10.023000+00:00] ...l/model/model.safetensors:  33%|███▎      | 4.84GB / 14.6GB            #033[A#033[A#033[A#033[A
[2026-05-31T06:57:10.023000+00:00] ...adapter_model.safetensors: 100%|█████████▉|  134MB /  134MB            #033[A#033[A#033[A#033[A#033[A
[2026-05-31T06:57:10.023000+00:00] ...eckpoint-193/scheduler.pt: 100%|██████████| 1.47kB / 1.47kB            #033[A#033[A#033[A#033[A#033[A#033[A
[2026-05-31T06:57:10.023000+00:00] Processing Files (1 / 5)      :  35%|███▍      | 5.24GB / 15.0GB,  569MB/s
[2026-05-31T06:57:10.023000+00:00] New Data Upload               :  97%|█████████▋| 1.50GB / 1.54GB,  163MB/s  #033[A
[2026-05-31T06:57:10.023000+00:00] ...ckpoint-193/rng_state.pth:  77%|███████▋  | 11.3kB / 14.6kB            #033[A#033[A
[2026-05-31T06:57:10.023000+00:00] ...eckpoint-193/optimizer.pt: 100%|█████████▉|  268MB /  269MB            #033[A#033[A#033[A
[2026-05-31T06:57:10.023000+00:00] ...l/model/model.safetensors:  35%|███▍      | 5.09GB / 14.6GB            #033[A#033[A#033[A#033[A
[2026-05-31T06:57:10.023000+00:00] ...adapter_model.safetensors: 100%|█████████▉|  134MB /  134MB            #033[A#033[A#033[A#033[A#033[A
[2026-05-31T06:57:10.023000+00:00] #015  ...eckpoint-193/scheduler.pt: 100%|██████████| 1.47kB / 1.47kB            #033[A#033[A#033[A#033[A#033[A#033[A
[2026-05-31T06:57:10.023000+00:00] Processing Files (1 / 5)      :  37%|███▋      | 5.49GB / 15.0GB,  584MB/s  
[2026-05-31T06:57:10.023000+00:00] #015New Data Upload               :  96%|█████████▌| 1.54GB / 1.61GB,  164MB/s  #033[A
[2026-05-31T06:57:10.023000+00:00] ...ckpoint-193/rng_state.pth:  77%|███████▋  | 11.3kB / 14.6kB            #033[A#033[A
[2026-05-31T06:57:10.023000+00:00] ...eckpoint-193/optimizer.pt: 100%|█████████▉|  268MB /  269MB            #033[A#033[A#033[A
[2026-05-31T06:57:10.023000+00:00] ...l/model/model.safetensors:  35%|███▍      | 5.09GB / 14.6GB            #033[A#033[A#033[A#033[A
[2026-05-31T06:57:10.023000+00:00] ...adapter_model.safetensors: 100%|█████████▉|  134MB /  134MB            #033[A#033[A#033[A#033[A#033[A
[2026-05-31T06:57:10.023000+00:00] ...eckpoint-193/scheduler.pt: 100%|██████████| 1.47kB / 1.47kB            #033[A#033[A#033[A#033[A#033[A#033[A
[2026-05-31T06:57:10.023000+00:00] Processing Files (1 / 5)      :  37%|███▋      | 5.49GB / 15.0GB,  572MB/s
[2026-05-31T06:57:10.023000+00:00] ...ckpoint-193/rng_state.pth:  77%|███████▋  | 11.3kB / 14.6kB            #033[A#033[A
[2026-05-31T06:57:10.023000+00:00] ...eckpoint-193/optimizer.pt: 100%|█████████▉|  268MB /  269MB            #033[A#033[A#033[A
[2026-05-31T06:57:10.023000+00:00] ...l/model/model.safetensors:  35%|███▌      | 5.16GB / 14.6GB            #033[A#033[A#033[A#033[A
[2026-05-31T06:57:10.023000+00:00] ...adapter_model.safetensors: 100%|█████████▉|  134MB /  134MB            #033[A#033[A#033[A#033[A#033[A
[2026-05-31T06:57:10.023000+00:00] ...eckpoint-193/scheduler.pt: 100%|██████████| 1.47kB / 1.47kB            #033[A#033[A#033[A#033[A#033[A#033[A
[2026-05-31T06:57:10.023000+00:00] Processing Files (1 / 5)      :  37%|███▋      | 5.56GB / 15.0GB,  567MB/s
[2026-05-31T06:57:10.023000+00:00] New Data Upload               :  96%|█████████▌| 1.61GB / 1.68GB,  164MB/s  #033[A
[2026-05-31T06:57:11.024000+00:00] ...ckpoint-193/rng_state.pth:  77%|███████▋  | 11.3kB / 14.6kB            #033[A#033[A
[2026-05-31T06:57:11.024000+00:00] ...eckpoint-193/optimizer.pt: 100%|█████████▉|  268MB /  269MB            #033[A#033[A#033[A
[2026-05-31T06:57:11.024000+00:00] ...l/model/model.safetensors:  37%|███▋      | 5.42GB / 14.6GB            #033[A#033[A#033[A#033[A
[2026-05-31T06:57:11.024000+00:00] ...adapter_model.safetensors: 100%|█████████▉|  134MB /  134MB            #033[A#033[A#033[A#033[A#033[A
[2026-05-31T06:57:11.024000+00:00] ...eckpoint-193/scheduler.pt: 100%|██████████| 1.47kB / 1.47kB            #033[A#033[A#033[A#033[A#033[A#033[A
[2026-05-31T06:57:11.024000+00:00] Processing Files (1 / 5)      :  39%|███▉      | 5.82GB / 15.0GB,  582MB/s
[2026-05-31T06:57:11.024000+00:00] New Data Upload               : 100%|█████████▉| 1.68GB / 1.68GB,  167MB/s  #033[A
[2026-05-31T06:57:11.024000+00:00] ...ckpoint-193/rng_state.pth:  77%|███████▋  | 11.3kB / 14.6kB            #033[A#033[A
[2026-05-31T06:57:11.024000+00:00] ...eckpoint-193/optimizer.pt: 100%|█████████▉|  268MB /  269MB            #033[A#033[A#033[A
[2026-05-31T06:57:11.024000+00:00] ...l/model/model.safetensors:  38%|███▊      | 5.49GB / 14.6GB            #033[A#033[A#033[A#033[A
[2026-05-31T06:57:11.024000+00:00] ...adapter_model.safetensors: 100%|█████████▉|  134MB /  134MB            #033[A#033[A#033[A#033[A#033[A
[2026-05-31T06:57:11.024000+00:00] ...eckpoint-193/scheduler.pt: 100%|██████████| 1.47kB / 1.47kB            #033[A#033[A#033[A#033[A#033[A#033[A
[2026-05-31T06:57:11.024000+00:00] Processing Files (1 / 5)      :  39%|███▉      | 5.90GB / 15.0GB,  578MB/s
[2026-05-31T06:57:11.024000+00:00] New Data Upload               :  96%|█████████▌| 1.68GB / 1.74GB,  164MB/s  #033[A
[2026-05-31T06:57:11.024000+00:00] ...ckpoint-193/rng_state.pth:  77%|███████▋  | 11.3kB / 14.6kB            #033[A#033[A
[2026-05-31T06:57:11.024000+00:00] #015  ...eckpoint-193/optimizer.pt: 100%|█████████▉|  268MB /  269MB            #033[A#033[A#033[A
[2026-05-31T06:57:11.024000+00:00] ...l/model/model.safetensors:  38%|███▊      | 5.55GB / 14.6GB            #033[A#033[A#033[A#033[A
[2026-05-31T06:57:11.024000+00:00] #015  ...adapter_model.safetensors: 100%|█████████▉|  134MB /  134MB            #033[A#033[A#033[A#033[A#033[A
[2026-05-31T06:57:11.024000+00:00] #015  ...eckpoint-193/scheduler.pt: 100%|██████████| 1.47kB / 1.47kB            #033[A#033[A#033[A#033[A#033[A#033[A
[2026-05-31T06:57:11.024000+00:00] Processing Files (1 / 5)      :  40%|███▉      | 5.95GB / 15.0GB,  581MB/s  
[2026-05-31T06:57:11.024000+00:00] #015New Data Upload               :  96%|█████████▌| 1.73GB / 1.81GB,  168MB/s  #033[A
[2026-05-31T06:57:11.024000+00:00] ...ckpoint-193/rng_state.pth:  77%|███████▋  | 11.3kB / 14.6kB            #033[A#033[A
[2026-05-31T06:57:11.024000+00:00] ...eckpoint-193/optimizer.pt: 100%|█████████▉|  268MB /  269MB            #033[A#033[A#033[A
[2026-05-31T06:57:11.024000+00:00] #015  ...l/model/model.safetensors:  39%|███▉      | 5.66GB / 14.6GB            #033[A#033[A#033[A#033[A
[2026-05-31T06:57:11.024000+00:00] #015  ...adapter_model.safetensors: 100%|█████████▉|  134MB /  134MB            #033[A#033[A#033[A#033[A#033[A
[2026-05-31T06:57:11.024000+00:00] #015  ...eckpoint-193/scheduler.pt: 100%|██████████| 1.47kB / 1.47kB            #033[A#033[A#033[A#033[A#033[A#033[A
[2026-05-31T06:57:11.024000+00:00] Processing Files (1 / 5)      :  40%|████      | 6.06GB / 15.0GB,  588MB/s  
[2026-05-31T06:57:11.024000+00:00] #015New Data Upload               :  98%|█████████▊| 1.77GB / 1.81GB,  167MB/s  #033[A
[2026-05-31T06:57:11.024000+00:00] ...ckpoint-193/rng_state.pth:  77%|███████▋  | 11.3kB / 14.6kB            #033[A#033[A
[2026-05-31T06:57:11.024000+00:00] ...eckpoint-193/optimizer.pt: 100%|█████████▉|  268MB /  269MB            #033[A#033[A#033[A
[2026-05-31T06:57:11.024000+00:00] ...l/model/model.safetensors:  40%|███▉      | 5.84GB / 14.6GB            #033[A#033[A#033[A#033[A
[2026-05-31T06:57:11.024000+00:00] ...adapter_model.safetensors: 100%|█████████▉|  134MB /  134MB            #033[A#033[A#033[A#033[A#033[A
[2026-05-31T06:57:11.024000+00:00] ...eckpoint-193/scheduler.pt: 100%|██████████| 1.47kB / 1.47kB            #033[A#033[A#033[A#033[A#033[A#033[A
[2026-05-31T06:57:11.024000+00:00] Processing Files (1 / 5)      :  42%|████▏     | 6.24GB / 15.0GB,  605MB/s
[2026-05-31T06:57:11.025000+00:00] New Data Upload               :  96%|█████████▋| 1.81GB / 1.88GB,  171MB/s  #033[A
[2026-05-31T06:57:12.025000+00:00] ...ckpoint-193/rng_state.pth:  77%|███████▋  | 11.3kB / 14.6kB            #033[A#033[A
[2026-05-31T06:57:12.025000+00:00] ...eckpoint-193/optimizer.pt: 100%|█████████▉|  268MB /  269MB            #033[A#033[A#033[A
[2026-05-31T06:57:12.025000+00:00] ...l/model/model.safetensors:  40%|████      | 5.87GB / 14.6GB            #033[A#033[A#033[A#033[A
[2026-05-31T06:57:12.025000+00:00] ...adapter_model.safetensors: 100%|█████████▉|  134MB /  134MB            #033[A#033[A#033[A#033[A#033[A
[2026-05-31T06:57:12.025000+00:00] ...eckpoint-193/scheduler.pt: 100%|██████████| 1.47kB / 1.47kB            #033[A#033[A#033[A#033[A#033[A#033[A
[2026-05-31T06:57:12.025000+00:00] Processing Files (1 / 5)      :  42%|████▏     | 6.27GB / 15.0GB,  609MB/s
[2026-05-31T06:57:12.025000+00:00] New Data Upload               :  95%|█████████▍| 1.84GB / 1.94GB,  174MB/s  #033[A
[2026-05-31T06:57:12.025000+00:00] ...ckpoint-193/rng_state.pth:  77%|███████▋  | 11.3kB / 14.6kB            #033[A#033[A
[2026-05-31T06:57:12.025000+00:00] ...eckpoint-193/optimizer.pt: 100%|█████████▉|  268MB /  269MB            #033[A#033[A#033[A
[2026-05-31T06:57:12.025000+00:00] ...l/model/model.safetensors:  41%|████      | 5.92GB / 14.6GB            #033[A#033[A#033[A#033[A
[2026-05-31T06:57:12.025000+00:00] ...adapter_model.safetensors: 100%|█████████▉|  134MB /  134MB            #033[A#033[A#033[A#033[A#033[A
[2026-05-31T06:57:12.025000+00:00] ...eckpoint-193/scheduler.pt: 100%|██████████| 1.47kB / 1.47kB            #033[A#033[A#033[A#033[A#033[A#033[A
[2026-05-31T06:57:12.025000+00:00] Processing Files (1 / 5)      :  42%|████▏     | 6.32GB / 15.0GB,  613MB/s
[2026-05-31T06:57:12.025000+00:00] New Data Upload               :  94%|█████████▍| 1.89GB / 2.01GB,  178MB/s  #033[A
[2026-05-31T06:57:12.025000+00:00] ...ckpoint-193/rng_state.pth:  77%|███████▋  | 11.3kB / 14.6kB            #033[A#033[A
[2026-05-31T06:57:12.025000+00:00] ...eckpoint-193/optimizer.pt: 100%|█████████▉|  268MB /  269MB            #033[A#033[A#033[A
[2026-05-31T06:57:12.025000+00:00] ...l/model/model.safetensors:  41%|████      | 5.98GB / 14.6GB            #033[A#033[A#033[A#033[A
[2026-05-31T06:57:12.025000+00:00] ...adapter_model.safetensors: 100%|█████████▉|  134MB /  134MB            #033[A#033[A#033[A#033[A#033[A
[2026-05-31T06:57:12.025000+00:00] #015  ...eckpoint-193/scheduler.pt: 100%|██████████| 1.47kB / 1.47kB
[2026-05-31T06:57:12.025000+00:00] #033[A#033[A#033[A#033[A#033[A#033[A
[2026-05-31T06:57:12.025000+00:00] Processing Files (1 / 5)      :  43%|████▎     | 6.38GB / 15.0GB,  613MB/s  
[2026-05-31T06:57:12.025000+00:00] #015New Data Upload               :  97%|█████████▋| 1.94GB / 2.01GB,  178MB/s  #033[A
[2026-05-31T06:57:12.025000+00:00] ...ckpoint-193/rng_state.pth:  77%|███████▋  | 11.3kB / 14.6kB            #033[A#033[A
[2026-05-31T06:57:12.025000+00:00] ...eckpoint-193/optimizer.pt: 100%|█████████▉|  268MB /  269MB            #033[A#033[A#033[A
[2026-05-31T06:57:12.025000+00:00] ...l/model/model.safetensors:  42%|████▏     | 6.12GB / 14.6GB            #033[A#033[A#033[A#033[A
[2026-05-31T06:57:12.025000+00:00] ...adapter_model.safetensors: 100%|█████████▉|  134MB /  134MB            #033[A#033[A#033[A#033[A#033[A
[2026-05-31T06:57:12.025000+00:00] ...eckpoint-193/scheduler.pt: 100%|██████████| 1.47kB / 1.47kB            #033[A#033[A#033[A#033[A#033[A#033[A
[2026-05-31T06:57:12.025000+00:00] Processing Files (1 / 5)      :  43%|████▎     | 6.52GB / 15.0GB,  620MB/s
[2026-05-31T06:57:12.025000+00:00] New Data Upload               :  97%|█████████▋| 2.01GB / 2.08GB,  177MB/s  #033[A
[2026-05-31T06:57:12.026000+00:00] ...ckpoint-193/rng_state.pth:  77%|███████▋  | 11.3kB / 14.6kB            #033[A#033[A
[2026-05-31T06:57:12.026000+00:00] ...eckpoint-193/optimizer.pt: 100%|█████████▉|  268MB /  269MB            #033[A#033[A#033[A
[2026-05-31T06:57:12.026000+00:00] ...l/model/model.safetensors:  42%|████▏     | 6.15GB / 14.6GB            #033[A#033[A#033[A#033[A
[2026-05-31T06:57:12.026000+00:00] ...adapter_model.safetensors: 100%|█████████▉|  134MB /  134MB            #033[A#033[A#033[A#033[A#033[A
[2026-05-31T06:57:12.026000+00:00] ...eckpoint-193/scheduler.pt: 100%|██████████| 1.47kB / 1.47kB            #033[A#033[A#033[A#033[A#033[A#033[A
[2026-05-31T06:57:12.026000+00:00] Processing Files (1 / 5)      :  44%|████▎     | 6.56GB / 15.0GB,  623MB/s
[2026-05-31T06:57:12.026000+00:00] New Data Upload               :  98%|█████████▊| 2.04GB / 2.08GB,  181MB/s  #033[A
[2026-05-31T06:57:13.026000+00:00] ...ckpoint-193/rng_state.pth:  77%|███████▋  | 11.3kB / 14.6kB            #033[A#033[A
[2026-05-31T06:57:13.026000+00:00] ...eckpoint-193/optimizer.pt: 100%|█████████▉|  268MB /  269MB            #033[A#033[A#033[A
[2026-05-31T06:57:13.026000+00:00] ...l/model/model.safetensors:  43%|████▎     | 6.25GB / 14.6GB            #033[A#033[A#033[A#033[A
[2026-05-31T06:57:13.026000+00:00] ...adapter_model.safetensors: 100%|█████████▉|  134MB /  134MB            #033[A#033[A#033[A#033[A#033[A
[2026-05-31T06:57:13.026000+00:00] ...eckpoint-193/scheduler.pt: 100%|██████████| 1.47kB / 1.47kB            #033[A#033[A#033[A#033[A#033[A#033[A
[2026-05-31T06:57:13.026000+00:00] Processing Files (1 / 5)      :  44%|████▍     | 6.65GB / 15.0GB,  633MB/s
[2026-05-31T06:57:13.026000+00:00] New Data Upload               : 100%|█████████▉| 2.08GB / 2.08GB,  184MB/s  #033[A
[2026-05-31T06:57:13.026000+00:00] ...ckpoint-193/rng_state.pth:  77%|███████▋  | 11.3kB / 14.6kB            #033[A#033[A
[2026-05-31T06:57:13.026000+00:00] ...eckpoint-193/optimizer.pt: 100%|█████████▉|  268MB /  269MB            #033[A#033[A#033[A
[2026-05-31T06:57:13.026000+00:00] ...l/model/model.safetensors:  43%|████▎     | 6.33GB / 14.6GB            #033[A#033[A#033[A#033[A
[2026-05-31T06:57:13.026000+00:00] ...adapter_model.safetensors: 100%|█████████▉|  134MB /  134MB            #033[A#033[A#033[A#033[A#033[A
[2026-05-31T06:57:13.026000+00:00] ...eckpoint-193/scheduler.pt: 100%|██████████| 1.47kB / 1.47kB            #033[A#033[A#033[A#033[A#033[A#033[A
[2026-05-31T06:57:13.026000+00:00] Processing Files (1 / 5)      :  45%|████▍     | 6.73GB / 15.0GB,  640MB/s
[2026-05-31T06:57:13.026000+00:00] New Data Upload               :  97%|█████████▋| 2.08GB / 2.15GB,  184MB/s  #033[A
[2026-05-31T06:57:13.026000+00:00] ...ckpoint-193/rng_state.pth:  77%|███████▋  | 11.3kB / 14.6kB            #033[A#033[A
[2026-05-31T06:57:13.026000+00:00] ...eckpoint-193/optimizer.pt: 100%|█████████▉|  268MB /  269MB            #033[A#033[A#033[A
[2026-05-31T06:57:13.026000+00:00] ...l/model/model.safetensors:  44%|████▎     | 6.37GB / 14.6GB            #033[A#033[A#033[A#033[A
[2026-05-31T06:57:13.026000+00:00] ...adapter_model.safetensors: 100%|█████████▉|  134MB /  134MB            #033[A#033[A#033[A#033[A#033[A
[2026-05-31T06:57:13.026000+00:00] ...eckpoint-193/scheduler.pt: 100%|██████████| 1.47kB / 1.47kB            #033[A#033[A#033[A#033[A#033[A#033[A
[2026-05-31T06:57:13.026000+00:00] Processing Files (1 / 5)      :  45%|████▌     | 6.77GB / 15.0GB,  637MB/s
[2026-05-31T06:57:13.026000+00:00] New Data Upload               :  95%|█████████▌| 2.11GB / 2.21GB,  181MB/s  #033[A
[2026-05-31T06:57:13.026000+00:00] ...ckpoint-193/rng_state.pth:  77%|███████▋  | 11.3kB / 14.6kB            #033[A#033[A
[2026-05-31T06:57:13.026000+00:00] ...eckpoint-193/optimizer.pt: 100%|█████████▉|  268MB /  269MB            #033[A#033[A#033[A
[2026-05-31T06:57:13.026000+00:00] ...l/model/model.safetensors:  45%|████▍     | 6.53GB / 14.6GB            #033[A#033[A#033[A#033[A
[2026-05-31T06:57:13.026000+00:00] ...adapter_model.safetensors: 100%|█████████▉|  134MB /  134MB            #033[A#033[A#033[A#033[A#033[A
[2026-05-31T06:57:13.027000+00:00] ...eckpoint-193/scheduler.pt: 100%|██████████| 1.47kB / 1.47kB            #033[A#033[A#033[A#033[A#033[A#033[A
[2026-05-31T06:57:13.027000+00:00] Processing Files (1 / 5)      :  46%|████▌     | 6.93GB / 15.0GB,  636MB/s
[2026-05-31T06:57:13.027000+00:00] New Data Upload               :  98%|█████████▊| 2.18GB / 2.21GB,  178MB/s  #033[A
[2026-05-31T06:57:13.027000+00:00] ...ckpoint-193/rng_state.pth:  77%|███████▋  | 11.3kB / 14.6kB            #033[A#033[A
[2026-05-31T06:57:13.027000+00:00] ...eckpoint-193/optimizer.pt: 100%|█████████▉|  268MB /  269MB            #033[A#033[A#033[A
[2026-05-31T06:57:13.027000+00:00] ...l/model/model.safetensors:  46%|████▌     | 6.74GB / 14.6GB            #033[A#033[A#033[A#033[A
[2026-05-31T06:57:14.027000+00:00] ...adapter_model.safetensors: 100%|█████████▉|  134MB /  134MB            #033[A#033[A#033[A#033[A#033[A
[2026-05-31T06:57:14.027000+00:00] ...eckpoint-193/scheduler.pt: 100%|██████████| 1.47kB / 1.47kB            #033[A#033[A#033[A#033[A#033[A#033[A
[2026-05-31T06:57:14.027000+00:00] Processing Files (1 / 5)      :  48%|████▊     | 7.14GB / 15.0GB,  625MB/s
[2026-05-31T06:57:14.027000+00:00] New Data Upload               :  97%|█████████▋| 2.21GB / 2.28GB,  178MB/s  #033[A
[2026-05-31T06:57:14.027000+00:00] ...ckpoint-193/rng_state.pth:  77%|███████▋  | 11.3kB / 14.6kB            #033[A#033[A
[2026-05-31T06:57:14.027000+00:00] ...eckpoint-193/optimizer.pt: 100%|█████████▉|  268MB /  269MB            #033[A#033[A#033[A
[2026-05-31T06:57:14.027000+00:00] ...l/model/model.safetensors:  46%|████▌     | 6.74GB / 14.6GB            #033[A#033[A#033[A#033[A
[2026-05-31T06:57:14.027000+00:00] ...adapter_model.safetensors: 100%|█████████▉|  134MB /  134MB            #033[A#033[A#033[A#033[A#033[A
[2026-05-31T06:57:14.027000+00:00] ...eckpoint-193/scheduler.pt: 100%|██████████| 1.47kB / 1.47kB            #033[A#033[A#033[A#033[A#033[A#033[A
[2026-05-31T06:57:14.027000+00:00] Processing Files (1 / 5)      :  48%|████▊     | 7.15GB / 15.0GB,  597MB/s
[2026-05-31T06:57:14.027000+00:00] New Data Upload               :  95%|█████████▍| 2.22GB / 2.35GB,  178MB/s  #033[A
[2026-05-31T06:57:14.027000+00:00] ...ckpoint-193/rng_state.pth:  77%|███████▋  | 11.3kB / 14.6kB            #033[A#033[A
[2026-05-31T06:57:14.027000+00:00] ...eckpoint-193/optimizer.pt: 100%|█████████▉|  268MB /  269MB            #033[A#033[A#033[A
[2026-05-31T06:57:14.027000+00:00] ...l/model/model.safetensors:  47%|████▋     | 6.84GB / 14.6GB            #033[A#033[A#033[A#033[A
[2026-05-31T06:57:14.027000+00:00] ...adapter_model.safetensors: 100%|█████████▉|  134MB /  134MB            #033[A#033[A#033[A#033[A#033[A
[2026-05-31T06:57:14.027000+00:00] ...eckpoint-193/scheduler.pt: 100%|██████████| 1.47kB / 1.47kB            #033[A#033[A#033[A#033[A#033[A#033[A
[2026-05-31T06:57:14.027000+00:00] Processing Files (1 / 5)      :  48%|████▊     | 7.24GB / 15.0GB,  601MB/s
[2026-05-31T06:57:14.027000+00:00] New Data Upload               :  97%|█████████▋| 2.28GB / 2.35GB,  184MB/s  #033[A
[2026-05-31T06:57:14.027000+00:00] ...ckpoint-193/rng_state.pth:  77%|███████▋  | 11.3kB / 14.6kB            #033[A#033[A
[2026-05-31T06:57:14.027000+00:00] ...eckpoint-193/optimizer.pt: 100%|█████████▉|  268MB /  269MB            #033[A#033[A#033[A
[2026-05-31T06:57:14.028000+00:00] ...l/model/model.safetensors:  49%|████▉     | 7.14GB / 14.6GB            #033[A#033[A#033[A#033[A
[2026-05-31T06:57:14.028000+00:00] ...adapter_model.safetensors: 100%|█████████▉|  134MB /  134MB
[2026-05-31T06:57:14.028000+00:00] #033[A#033[A#033[A#033[A#033[A
[2026-05-31T06:57:14.028000+00:00] ...eckpoint-193/scheduler.pt: 100%|██████████| 1.47kB / 1.47kB            #033[A#033[A#033[A#033[A#033[A#033[A
[2026-05-31T06:57:14.028000+00:00] Processing Files (1 / 5)      :  50%|█████     | 7.54GB / 15.0GB,  625MB/s
[2026-05-31T06:57:14.028000+00:00] New Data Upload               : 100%|█████████▉| 2.35GB / 2.35GB,  186MB/s  #033[A
[2026-05-31T06:57:14.028000+00:00] ...ckpoint-193/rng_state.pth:  77%|███████▋  | 11.3kB / 14.6kB            #033[A#033[A
[2026-05-31T06:57:14.028000+00:00] ...eckpoint-193/optimizer.pt: 100%|█████████▉|  268MB /  269MB            #033[A#033[A#033[A
[2026-05-31T06:57:14.028000+00:00] ...l/model/model.safetensors:  49%|████▉     | 7.14GB / 14.6GB            #033[A#033[A#033[A#033[A
[2026-05-31T06:57:14.028000+00:00] ...adapter_model.safetensors: 100%|█████████▉|  134MB /  134MB            #033[A#033[A#033[A#033[A#033[A
[2026-05-31T06:57:14.028000+00:00] ...eckpoint-193/scheduler.pt: 100%|██████████| 1.47kB / 1.47kB            #033[A#033[A#033[A#033[A#033[A#033[A
[2026-05-31T06:57:14.028000+00:00] ...ckpoint-193/rng_state.pth:  77%|███████▋  | 11.3kB / 14.6kB            #033[A#033[A
[2026-05-31T06:57:14.028000+00:00] ...eckpoint-193/optimizer.pt: 100%|█████████▉|  268MB /  269MB            #033[A#033[A#033[A
[2026-05-31T06:57:14.028000+00:00] ...l/model/model.safetensors:  49%|████▉     | 7.21GB / 14.6GB            #033[A#033[A#033[A#033[A
[2026-05-31T06:57:14.028000+00:00] ...adapter_model.safetensors: 100%|█████████▉|  134MB /  134MB            #033[A#033[A#033[A#033[A#033[A
[2026-05-31T06:57:14.028000+00:00] ...eckpoint-193/scheduler.pt: 100%|██████████| 1.47kB / 1.47kB            #033[A#033[A#033[A#033[A#033[A#033[A
[2026-05-31T06:57:14.028000+00:00] Processing Files (1 / 5)      :  51%|█████     | 7.61GB / 15.0GB,  579MB/s
[2026-05-31T06:57:14.028000+00:00] New Data Upload               :  97%|█████████▋| 2.41GB / 2.48GB,  190MB/s  #033[A
[2026-05-31T06:57:15.028000+00:00] ...ckpoint-193/rng_state.pth:  77%|███████▋  | 11.3kB / 14.6kB            #033[A#033[A
[2026-05-31T06:57:15.028000+00:00] ...eckpoint-193/optimizer.pt: 100%|█████████▉|  268MB /  269MB            #033[A#033[A#033[A
[2026-05-31T06:57:15.028000+00:00] ...l/model/model.safetensors:  51%|█████     | 7.48GB / 14.6GB            #033[A#033[A#033[A#033[A
[2026-05-31T06:57:15.028000+00:00] ...adapter_model.safetensors: 100%|█████████▉|  134MB /  134MB            #033[A#033[A#033[A#033[A#033[A
[2026-05-31T06:57:15.028000+00:00] ...eckpoint-193/scheduler.pt: 100%|██████████| 1.47kB / 1.47kB            #033[A#033[A#033[A#033[A#033[A#033[A
[2026-05-31T06:57:15.028000+00:00] Processing Files (1 / 5)      :  53%|█████▎    | 7.88GB / 15.0GB,  576MB/s
[2026-05-31T06:57:15.028000+00:00] New Data Upload               :  99%|█████████▉| 2.47GB / 2.48GB,  196MB/s  #033[A
[2026-05-31T06:57:15.028000+00:00] ...ckpoint-193/rng_state.pth:  77%|███████▋  | 11.3kB / 14.6kB            #033[A#033[A
[2026-05-31T06:57:15.029000+00:00] ...eckpoint-193/optimizer.pt: 100%|█████████▉|  268MB /  269MB            #033[A#033[A#033[A
[2026-05-31T06:57:15.029000+00:00] ...l/model/model.safetensors:  52%|█████▏    | 7.55GB / 14.6GB            #033[A#033[A#033[A#033[A
[2026-05-31T06:57:15.029000+00:00] ...adapter_model.safetensors: 100%|█████████▉|  134MB /  134MB            #033[A#033[A#033[A#033[A#033[A
[2026-05-31T06:57:15.029000+00:00] ...eckpoint-193/scheduler.pt: 100%|██████████| 1.47kB / 1.47kB            #033[A#033[A#033[A#033[A#033[A#033[A
[2026-05-31T06:57:15.029000+00:00] Processing Files (1 / 5)      :  53%|█████▎    | 7.95GB / 15.0GB,  559MB/s
[2026-05-31T06:57:15.029000+00:00] New Data Upload               :  97%|█████████▋| 2.48GB / 2.55GB,  197MB/s  #033[A
[2026-05-31T06:57:15.029000+00:00] ...ckpoint-193/rng_state.pth:  77%|███████▋  | 11.3kB / 14.6kB            #033[A#033[A
[2026-05-31T06:57:15.029000+00:00] ...eckpoint-193/optimizer.pt: 100%|█████████▉|  268MB /  269MB            #033[A#033[A#033[A
[2026-05-31T06:57:15.029000+00:00] #015  ...l/model/model.safetensors:  52%|█████▏    | 7.60GB / 14.6GB            #033[A#033[A#033[A#033[A
[2026-05-31T06:57:15.029000+00:00] ...adapter_model.safetensors: 100%|█████████▉|  134MB /  134MB            #033[A#033[A#033[A#033[A#033[A
[2026-05-31T06:57:15.029000+00:00] #015  ...eckpoint-193/scheduler.pt: 100%|██████████| 1.47kB / 1.47kB            #033[A#033[A#033[A#033[A#033[A#033[A#015Processing Files (1 / 5)      :  53%|█████▎    | 8.00GB / 15.0GB,  563MB/s
[2026-05-31T06:57:15.029000+00:00] New Data Upload               :  97%|█████████▋| 2.53GB / 2.62GB,  202MB/s  #033[A
[2026-05-31T06:57:15.029000+00:00] ...ckpoint-193/rng_state.pth:  77%|███████▋  | 11.3kB / 14.6kB            #033[A#033[A
[2026-05-31T06:57:15.029000+00:00] ...eckpoint-193/optimizer.pt: 100%|█████████▉|  268MB /  269MB            #033[A#033[A#033[A
[2026-05-31T06:57:15.029000+00:00] ...l/model/model.safetensors:  53%|█████▎    | 7.78GB / 14.6GB            #033[A#033[A#033[A#033[A
[2026-05-31T06:57:15.029000+00:00] ...adapter_model.safetensors: 100%|█████████▉|  134MB /  134MB            #033[A#033[A#033[A#033[A#033[A
[2026-05-31T06:57:15.029000+00:00] ...eckpoint-193/scheduler.pt: 100%|██████████| 1.47kB / 1.47kB            #033[A#033[A#033[A#033[A#033[A#033[A
[2026-05-31T06:57:15.029000+00:00] Processing Files (1 / 5)      :  55%|█████▍    | 8.18GB / 15.0GB,  575MB/s
[2026-05-31T06:57:15.029000+00:00] New Data Upload               :  99%|█████████▉| 2.58GB / 2.62GB,  201MB/s  #033[A
[2026-05-31T06:57:15.029000+00:00] ...ckpoint-193/rng_state.pth:  77%|███████▋  | 11.3kB / 14.6kB            #033[A#033[A
[2026-05-31T06:57:15.029000+00:00] ...eckpoint-193/optimizer.pt: 100%|█████████▉|  268MB /  269MB            #033[A#033[A#033[A
[2026-05-31T06:57:15.029000+00:00] ...l/model/model.safetensors:  54%|█████▍    | 7.95GB / 14.6GB            #033[A#033[A#033[A#033[A
[2026-05-31T06:57:15.029000+00:00] ...adapter_model.safetensors: 100%|█████████▉|  134MB /  134MB            #033[A#033[A#033[A#033[A#033[A
[2026-05-31T06:57:15.029000+00:00] ...eckpoint-193/scheduler.pt: 100%|██████████| 1.47kB / 1.47kB            #033[A#033[A#033[A#033[A#033[A#033[A
[2026-05-31T06:57:15.029000+00:00] Processing Files (1 / 5)      :  56%|█████▌    | 8.35GB / 15.0GB,  562MB/s  
[2026-05-31T06:57:15.029000+00:00] #015New Data Upload               :  97%|█████████▋| 2.61GB / 2.68GB,  197MB/s  #033[A
[2026-05-31T06:57:16.029000+00:00] ...ckpoint-193/rng_state.pth:  77%|███████▋  | 11.3kB / 14.6kB            #033[A#033[A
[2026-05-31T06:57:16.029000+00:00] ...eckpoint-193/optimizer.pt: 100%|█████████▉|  268MB /  269MB            #033[A#033[A#033[A
[2026-05-31T06:57:16.029000+00:00] ...l/model/model.safetensors:  55%|█████▍    | 7.97GB / 14.6GB            #033[A#033[A#033[A#033[A
[2026-05-31T06:57:16.029000+00:00] ...adapter_model.safetensors: 100%|█████████▉|  134MB /  134MB            #033[A#033[A#033[A#033[A#033[A
[2026-05-31T06:57:16.029000+00:00] ...eckpoint-193/scheduler.pt: 100%|██████████| 1.47kB / 1.47kB            #033[A#033[A#033[A#033[A#033[A#033[A
[2026-05-31T06:57:16.029000+00:00] Processing Files (1 / 5)      :  56%|█████▌    | 8.38GB / 15.0GB,  561MB/s
[2026-05-31T06:57:16.029000+00:00] New Data Upload               :  96%|█████████▌| 2.64GB / 2.75GB,  200MB/s  #033[A
[2026-05-31T06:57:16.029000+00:00] ...ckpoint-193/rng_state.pth:  77%|███████▋  | 11.3kB / 14.6kB            #033[A#033[A
[2026-05-31T06:57:16.030000+00:00] ...eckpoint-193/optimizer.pt: 100%|█████████▉|  268MB /  269MB            #033[A#033[A#033[A
[2026-05-31T06:57:16.030000+00:00] #015  ...l/model/model.safetensors:  55%|█████▌    | 8.09GB / 14.6GB            #033[A#033[A#033[A#033[A
[2026-05-31T06:57:16.030000+00:00] #015  ...adapter_model.safetensors: 100%|█████████▉|  134MB /  134MB            #033[A#033[A#033[A#033[A#033[A
[2026-05-31T06:57:16.030000+00:00] ...eckpoint-193/scheduler.pt: 100%|██████████| 1.47kB / 1.47kB            #033[A#033[A#033[A#033[A#033[A#033[A#015Processing Files (1 / 5)      :  57%|█████▋    | 8.50GB / 15.0GB,  568MB/s  
[2026-05-31T06:57:16.030000+00:00] #015New Data Upload               :  98%|█████████▊| 2.70GB / 2.75GB,  201MB/s  #033[A
[2026-05-31T06:57:16.030000+00:00] ...ckpoint-193/rng_state.pth:  77%|███████▋  | 11.3kB / 14.6kB            #033[A#033[A
[2026-05-31T06:57:16.030000+00:00] ...eckpoint-193/optimizer.pt: 100%|█████████▉|  268MB /  269MB            #033[A#033[A#033[A
[2026-05-31T06:57:16.030000+00:00] ...l/model/model.safetensors:  57%|█████▋    | 8.35GB / 14.6GB            #033[A#033[A#033[A#033[A
[2026-05-31T06:57:16.030000+00:00] ...adapter_model.safetensors: 100%|█████████▉|  134MB /  134MB            #033[A#033[A#033[A#033[A#033[A
[2026-05-31T06:57:16.030000+00:00] ...eckpoint-193/scheduler.pt: 100%|██████████| 1.47kB / 1.47kB            #033[A#033[A#033[A#033[A#033[A#033[A
[2026-05-31T06:57:16.030000+00:00] Processing Files (1 / 5)      :  58%|█████▊    | 8.76GB / 15.0GB,  572MB/s
[2026-05-31T06:57:16.030000+00:00] New Data Upload               :  98%|█████████▊| 2.75GB / 2.82GB,  199MB/s  #033[A
[2026-05-31T06:57:16.030000+00:00] ...ckpoint-193/rng_state.pth:  77%|███████▋  | 11.3kB / 14.6kB            #033[A#033[A
[2026-05-31T06:57:16.030000+00:00] ...eckpoint-193/optimizer.pt: 100%|█████████▉|  268MB /  269MB            #033[A#033[A#033[A
[2026-05-31T06:57:16.030000+00:00] ...l/model/model.safetensors:  57%|█████▋    | 8.35GB / 14.6GB            #033[A#033[A#033[A#033[A
[2026-05-31T06:57:16.030000+00:00] ...adapter_model.safetensors: 100%|█████████▉|  134MB /  134MB            #033[A#033[A#033[A#033[A#033[A
[2026-05-31T06:57:16.030000+00:00] ...eckpoint-193/scheduler.pt: 100%|██████████| 1.47kB / 1.47kB            #033[A#033[A#033[A#033[A#033[A#033[A
[2026-05-31T06:57:16.030000+00:00] ...ckpoint-193/rng_state.pth:  77%|███████▋  | 11.3kB / 14.6kB            #033[A#033[A
[2026-05-31T06:57:16.030000+00:00] ...eckpoint-193/optimizer.pt: 100%|█████████▉|  268MB /  269MB            #033[A#033[A#033[A
[2026-05-31T06:57:16.030000+00:00] ...l/model/model.safetensors:  58%|█████▊    | 8.42GB / 14.6GB            #033[A#033[A#033[A#033[A
[2026-05-31T06:57:16.030000+00:00] ...adapter_model.safetensors: 100%|█████████▉|  134MB /  134MB            #033[A#033[A#033[A#033[A#033[A
[2026-05-31T06:57:16.030000+00:00] ...eckpoint-193/scheduler.pt: 100%|██████████| 1.47kB / 1.47kB            #033[A#033[A#033[A#033[A#033[A#033[A
[2026-05-31T06:57:16.030000+00:00] Processing Files (1 / 5)      :  59%|█████▉    | 8.82GB / 15.0GB,  561MB/s
[2026-05-31T06:57:16.030000+00:00] New Data Upload               :  98%|█████████▊| 2.82GB / 2.88GB,  200MB/s  #033[A
[2026-05-31T06:57:17.030000+00:00] ...ckpoint-193/rng_state.pth:  77%|███████▋  | 11.3kB / 14.6kB            #033[A#033[A
[2026-05-31T06:57:17.030000+00:00] ...eckpoint-193/optimizer.pt: 100%|█████████▉|  268MB /  269MB            #033[A#033[A#033[A
[2026-05-31T06:57:17.030000+00:00] ...l/model/model.safetensors:  59%|█████▉    | 8.67GB / 14.6GB            #033[A#033[A#033[A#033[A
[2026-05-31T06:57:17.030000+00:00] ...adapter_model.safetensors: 100%|█████████▉|  134MB /  134MB            #033[A#033[A#033[A#033[A#033[A
[2026-05-31T06:57:17.030000+00:00] #015  ...eckpoint-193/scheduler.pt: 100%|██████████| 1.47kB / 1.47kB            #033[A#033[A#033[A#033[A#033[A#033[A
[2026-05-31T06:57:17.030000+00:00] Processing Files (1 / 5)      :  60%|██████    | 9.07GB / 15.0GB,  575MB/s
[2026-05-31T06:57:17.030000+00:00] New Data Upload               :  99%|█████████▉| 2.87GB / 2.88GB,  201MB/s  #033[A
[2026-05-31T06:57:17.030000+00:00] ...ckpoint-193/rng_state.pth:  77%|███████▋  | 11.3kB / 14.6kB            #033[A#033[A
[2026-05-31T06:57:17.030000+00:00] ...eckpoint-193/optimizer.pt: 100%|█████████▉|  268MB /  269MB            #033[A#033[A#033[A
[2026-05-31T06:57:17.030000+00:00] ...l/model/model.safetensors:  60%|██████    | 8.76GB / 14.6GB            #033[A#033[A#033[A#033[A
[2026-05-31T06:57:17.030000+00:00] ...adapter_model.safetensors: 100%|█████████▉|  134MB /  134MB            #033[A#033[A#033[A#033[A#033[A
[2026-05-31T06:57:17.030000+00:00] ...eckpoint-193/scheduler.pt: 100%|██████████| 1.47kB / 1.47kB            #033[A#033[A#033[A#033[A#033[A#033[A
[2026-05-31T06:57:17.031000+00:00] Processing Files (1 / 5)      :  61%|██████    | 9.16GB / 15.0GB,  558MB/s
[2026-05-31T06:57:17.031000+00:00] New Data Upload               :  98%|█████████▊| 2.88GB / 2.95GB,  197MB/s  #033[A
[2026-05-31T06:57:17.031000+00:00] ...ckpoint-193/rng_state.pth:  77%|███████▋  | 11.3kB / 14.6kB            #033[A#033[A
[2026-05-31T06:57:17.031000+00:00] ...eckpoint-193/optimizer.pt: 100%|█████████▉|  268MB /  269MB            #033[A#033[A#033[A
[2026-05-31T06:57:17.031000+00:00] ...l/model/model.safetensors:  60%|██████    | 8.81GB / 14.6GB            #033[A#033[A#033[A#033[A
[2026-05-31T06:57:17.031000+00:00] ...adapter_model.safetensors: 100%|█████████▉|  134MB /  134MB            #033[A#033[A#033[A#033[A#033[A
[2026-05-31T06:57:17.031000+00:00] ...eckpoint-193/scheduler.pt: 100%|██████████| 1.47kB / 1.47kB            #033[A#033[A#033[A#033[A#033[A#033[A
[2026-05-31T06:57:17.031000+00:00] Processing Files (1 / 5)      :  61%|██████▏   | 9.21GB / 15.0GB,  562MB/s
[2026-05-31T06:57:17.031000+00:00] New Data Upload               :  97%|█████████▋| 2.94GB / 3.02GB,  201MB/s  #033[A
[2026-05-31T06:57:17.031000+00:00] ...ckpoint-193/rng_state.pth:  77%|███████▋  | 11.3kB / 14.6kB            #033[A#033[A
[2026-05-31T06:57:17.031000+00:00] ...eckpoint-193/optimizer.pt: 100%|█████████▉|  268MB /  269MB            #033[A#033[A#033[A
[2026-05-31T06:57:17.031000+00:00] ...l/model/model.safetensors:  61%|██████    | 8.85GB / 14.6GB            #033[A#033[A#033[A#033[A
[2026-05-31T06:57:17.031000+00:00] ...adapter_model.safetensors: 100%|█████████▉|  134MB /  134MB            #033[A#033[A#033[A#033[A#033[A
[2026-05-31T06:57:17.031000+00:00] ...eckpoint-193/scheduler.pt: 100%|██████████| 1.47kB / 1.47kB            #033[A#033[A#033[A#033[A#033[A#033[A
[2026-05-31T06:57:17.031000+00:00] Processing Files (1 / 5)      :  62%|██████▏   | 9.25GB / 15.0GB,  561MB/s
[2026-05-31T06:57:17.031000+00:00] New Data Upload               :  99%|█████████▊| 2.98GB / 3.02GB,  200MB/s  #033[A
[2026-05-31T06:57:17.031000+00:00] ...ckpoint-193/rng_state.pth:  77%|███████▋  | 11.3kB / 14.6kB            #033[A#033[A
[2026-05-31T06:57:17.031000+00:00] ...eckpoint-193/optimizer.pt: 100%|█████████▉|  268MB /  269MB            #033[A#033[A#033[A
[2026-05-31T06:57:17.031000+00:00] ...l/model/model.safetensors:  61%|██████▏   | 8.96GB / 14.6GB            #033[A#033[A#033[A#033[A
[2026-05-31T06:57:17.031000+00:00] ...adapter_model.safetensors: 100%|█████████▉|  134MB /  134MB            #033[A#033[A#033[A#033[A#033[A
[2026-05-31T06:57:17.031000+00:00] ...eckpoint-193/scheduler.pt: 100%|██████████| 1.47kB / 1.47kB            #033[A#033[A#033[A#033[A#033[A#033[A
[2026-05-31T06:57:17.031000+00:00] Processing Files (1 / 5)      :  62%|██████▏   | 9.36GB / 15.0GB,  542MB/s
[2026-05-31T06:57:17.031000+00:00] New Data Upload               :  98%|█████████▊| 3.02GB / 3.09GB,  197MB/s  #033[A
[2026-05-31T06:57:18.031000+00:00] ...ckpoint-193/rng_state.pth:  77%|███████▋  | 11.3kB / 14.6kB            #033[A#033[A
[2026-05-31T06:57:18.031000+00:00] ...eckpoint-193/optimizer.pt: 100%|█████████▉|  268MB /  269MB            #033[A#033[A#033[A
[2026-05-31T06:57:18.031000+00:00] ...l/model/model.safetensors:  61%|██████▏   | 8.97GB / 14.6GB            #033[A#033[A#033[A#033[A
[2026-05-31T06:57:18.031000+00:00] ...adapter_model.safetensors: 100%|█████████▉|  134MB /  134MB
[2026-05-31T06:57:18.031000+00:00] #033[A#033[A#033[A#033[A#033[A
[2026-05-31T06:57:18.031000+00:00] ...eckpoint-193/scheduler.pt: 100%|██████████| 1.47kB / 1.47kB
[2026-05-31T06:57:18.031000+00:00] #033[A#033[A#033[A#033[A#033[A#033[A
[2026-05-31T06:57:18.031000+00:00] Processing Files (1 / 5)      :  62%|██████▏   | 9.37GB / 15.0GB,  539MB/s
[2026-05-31T06:57:18.031000+00:00] New Data Upload               :  96%|█████████▌| 3.02GB / 3.15GB,  198MB/s  #033[A
[2026-05-31T06:57:18.031000+00:00] ...ckpoint-193/rng_state.pth:  77%|███████▋  | 11.3kB / 14.6kB            #033[A#033[A
[2026-05-31T06:57:18.032000+00:00] ...eckpoint-193/optimizer.pt: 100%|█████████▉|  268MB /  269MB            #033[A#033[A#033[A
[2026-05-31T06:57:18.032000+00:00] ...l/model/model.safetensors:  62%|██████▏   | 9.03GB / 14.6GB            #033[A#033[A#033[A#033[A
[2026-05-31T06:57:18.032000+00:00] ...adapter_model.safetensors: 100%|█████████▉|  134MB /  134MB            #033[A#033[A#033[A#033[A#033[A
[2026-05-31T06:57:18.032000+00:00] #015  ...eckpoint-193/scheduler.pt: 100%|██████████| 1.47kB / 1.47kB
[2026-05-31T06:57:18.032000+00:00] #033[A#033[A#033[A#033[A#033[A#033[A
[2026-05-31T06:57:18.032000+00:00] Processing Files (1 / 5)      :  63%|██████▎   | 9.43GB / 15.0GB,  542MB/s  
[2026-05-31T06:57:18.032000+00:00] #015New Data Upload               :  98%|█████████▊| 3.08GB / 3.15GB,  200MB/s  #033[A
[2026-05-31T06:57:18.032000+00:00] ...ckpoint-193/rng_state.pth:  77%|███████▋  | 11.3kB / 14.6kB            #033[A#033[A
[2026-05-31T06:57:18.032000+00:00] ...eckpoint-193/optimizer.pt: 100%|█████████▉|  268MB /  269MB            #033[A#033[A#033[A
[2026-05-31T06:57:18.032000+00:00] ...l/model/model.safetensors:  62%|██████▏   | 9.10GB / 14.6GB            #033[A#033[A#033[A#033[A
[2026-05-31T06:57:18.032000+00:00] ...adapter_model.safetensors: 100%|█████████▉|  134MB /  134MB            #033[A#033[A#033[A#033[A#033[A
[2026-05-31T06:57:18.032000+00:00] ...eckpoint-193/scheduler.pt: 100%|██████████| 1.47kB / 1.47kB            #033[A#033[A#033[A#033[A#033[A#033[A
[2026-05-31T06:57:18.032000+00:00] Processing Files (1 / 5)      :  63%|██████▎   | 9.50GB / 15.0GB,  525MB/s
[2026-05-31T06:57:18.032000+00:00] New Data Upload               : 100%|█████████▉| 3.15GB / 3.15GB,  199MB/s  #033[A
[2026-05-31T06:57:18.032000+00:00] ...ckpoint-193/rng_state.pth:  77%|███████▋  | 11.3kB / 14.6kB            #033[A#033[A
[2026-05-31T06:57:18.032000+00:00] ...eckpoint-193/optimizer.pt: 100%|█████████▉|  268MB /  269MB            #033[A#033[A#033[A
[2026-05-31T06:57:18.032000+00:00] ...l/model/model.safetensors:  63%|██████▎   | 9.19GB / 14.6GB            #033[A#033[A#033[A#033[A
[2026-05-31T06:57:18.032000+00:00] ...adapter_model.safetensors: 100%|█████████▉|  134MB /  134MB            #033[A#033[A#033[A#033[A#033[A
[2026-05-31T06:57:18.032000+00:00] ...eckpoint-193/scheduler.pt: 100%|██████████| 1.47kB / 1.47kB            #033[A#033[A#033[A#033[A#033[A#033[A
[2026-05-31T06:57:18.032000+00:00] Processing Files (1 / 5)      :  64%|██████▍   | 9.59GB / 15.0GB,  522MB/s
[2026-05-31T06:57:18.032000+00:00] New Data Upload               :  98%|█████████▊| 3.15GB / 3.22GB,  197MB/s  #033[A
[2026-05-31T06:57:18.032000+00:00] ...ckpoint-193/rng_state.pth:  77%|███████▋  | 11.3kB / 14.6kB            #033[A#033[A
[2026-05-31T06:57:18.032000+00:00] ...eckpoint-193/optimizer.pt: 100%|█████████▉|  268MB /  269MB            #033[A#033[A#033[A
[2026-05-31T06:57:18.032000+00:00] ...l/model/model.safetensors:  63%|██████▎   | 9.19GB / 14.6GB            #033[A#033[A#033[A#033[A
[2026-05-31T06:57:18.032000+00:00] ...adapter_model.safetensors: 100%|█████████▉|  134MB /  134MB            #033[A#033[A#033[A#033[A#033[A
[2026-05-31T06:57:18.032000+00:00] ...eckpoint-193/scheduler.pt: 100%|██████████| 1.47kB / 1.47kB            #033[A#033[A#033[A#033[A#033[A#033[A
[2026-05-31T06:57:19.032000+00:00] ...ckpoint-193/rng_state.pth:  77%|███████▋  | 11.3kB / 14.6kB            #033[A#033[A
[2026-05-31T06:57:19.032000+00:00] ...eckpoint-193/optimizer.pt: 100%|█████████▉|  268MB /  269MB            #033[A#033[A#033[A
[2026-05-31T06:57:19.032000+00:00] ...l/model/model.safetensors:  64%|██████▎   | 9.28GB / 14.6GB            #033[A#033[A#033[A#033[A
[2026-05-31T06:57:19.032000+00:00] ...adapter_model.safetensors: 100%|█████████▉|  134MB /  134MB            #033[A#033[A#033[A#033[A#033[A
[2026-05-31T06:57:19.032000+00:00] #015  ...eckpoint-193/scheduler.pt: 100%|██████████| 1.47kB / 1.47kB            #033[A#033[A#033[A#033[A#033[A#033[A
[2026-05-31T06:57:19.032000+00:00] Processing Files (1 / 5)      :  65%|██████▍   | 9.68GB / 15.0GB,  520MB/s  
[2026-05-31T06:57:19.032000+00:00] #015New Data Upload               :  98%|█████████▊| 3.22GB / 3.29GB,  196MB/s  #033[A
[2026-05-31T06:57:19.032000+00:00] ...ckpoint-193/rng_state.pth:  77%|███████▋  | 11.3kB / 14.6kB            #033[A#033[A
[2026-05-31T06:57:19.032000+00:00] ...eckpoint-193/optimizer.pt: 100%|█████████▉|  268MB /  269MB            #033[A#033[A#033[A
[2026-05-31T06:57:19.032000+00:00] ...l/model/model.safetensors:  66%|██████▌   | 9.60GB / 14.6GB            #033[A#033[A#033[A#033[A
[2026-05-31T06:57:19.032000+00:00] ...adapter_model.safetensors: 100%|█████████▉|  134MB /  134MB            #033[A#033[A#033[A#033[A#033[A
[2026-05-31T06:57:19.032000+00:00] ...eckpoint-193/scheduler.pt: 100%|██████████| 1.47kB / 1.47kB            #033[A#033[A#033[A#033[A#033[A#033[A
[2026-05-31T06:57:19.032000+00:00] Processing Files (1 / 5)      :  67%|██████▋   | 10.0GB / 15.0GB,  523MB/s
[2026-05-31T06:57:19.032000+00:00] New Data Upload               : 100%|█████████▉| 3.29GB / 3.29GB,  197MB/s  #033[A
[2026-05-31T06:57:19.032000+00:00] ...ckpoint-193/rng_state.pth:  77%|███████▋  | 11.3kB / 14.6kB            #033[A#033[A
[2026-05-31T06:57:19.033000+00:00] ...eckpoint-193/optimizer.pt: 100%|█████████▉|  268MB /  269MB            #033[A#033[A#033[A
[2026-05-31T06:57:19.033000+00:00] ...l/model/model.safetensors:  66%|██████▌   | 9.60GB / 14.6GB            #033[A#033[A#033[A#033[A
[2026-05-31T06:57:19.033000+00:00] ...adapter_model.safetensors: 100%|█████████▉|  134MB /  134MB            #033[A#033[A#033[A#033[A#033[A
[2026-05-31T06:57:19.033000+00:00] ...eckpoint-193/scheduler.pt: 100%|██████████| 1.47kB / 1.47kB            #033[A#033[A#033[A#033[A#033[A#033[A
[2026-05-31T06:57:19.033000+00:00] Processing Files (1 / 5)      :  67%|██████▋   | 10.0GB / 15.0GB,  521MB/s
[2026-05-31T06:57:19.033000+00:00] New Data Upload               :  98%|█████████▊| 3.29GB / 3.35GB,  197MB/s  #033[A
[2026-05-31T06:57:19.033000+00:00] ...ckpoint-193/rng_state.pth:  77%|███████▋  | 11.3kB / 14.6kB            #033[A#033[A
[2026-05-31T06:57:19.033000+00:00] ...eckpoint-193/optimizer.pt: 100%|█████████▉|  268MB /  269MB            #033[A#033[A#033[A
[2026-05-31T06:57:19.033000+00:00] ...l/model/model.safetensors:  66%|██████▌   | 9.66GB / 14.6GB            #033[A#033[A#033[A#033[A
[2026-05-31T06:57:19.033000+00:00] ...adapter_model.safetensors: 100%|█████████▉|  134MB /  134MB            #033[A#033[A#033[A#033[A#033[A
[2026-05-31T06:57:19.033000+00:00] ...eckpoint-193/scheduler.pt: 100%|██████████| 1.47kB / 1.47kB            #033[A#033[A#033[A#033[A#033[A#033[A
[2026-05-31T06:57:19.033000+00:00] Processing Files (1 / 5)      :  67%|██████▋   | 10.1GB / 15.0GB,  521MB/s
[2026-05-31T06:57:19.033000+00:00] New Data Upload               :  98%|█████████▊| 3.35GB / 3.42GB,  197MB/s  #033[A
[2026-05-31T06:57:19.033000+00:00] ...ckpoint-193/rng_state.pth:  77%|███████▋  | 11.3kB / 14.6kB            #033[A#033[A
[2026-05-31T06:57:19.033000+00:00] ...eckpoint-193/optimizer.pt: 100%|█████████▉|  268MB /  269MB            #033[A#033[A#033[A
[2026-05-31T06:57:19.033000+00:00] ...l/model/model.safetensors:  68%|██████▊   | 9.91GB / 14.6GB            #033[A#033[A#033[A#033[A
[2026-05-31T06:57:19.033000+00:00] ...adapter_model.safetensors: 100%|█████████▉|  134MB /  134MB            #033[A#033[A#033[A#033[A#033[A
[2026-05-31T06:57:19.033000+00:00] ...eckpoint-193/scheduler.pt: 100%|██████████| 1.47kB / 1.47kB            #033[A#033[A#033[A#033[A#033[A#033[A
[2026-05-31T06:57:19.033000+00:00] Processing Files (1 / 5)      :  69%|██████▉   | 10.3GB / 15.0GB,  524MB/s
[2026-05-31T06:57:19.033000+00:00] New Data Upload               : 100%|█████████▉| 3.41GB / 3.42GB,  197MB/s
[2026-05-31T06:57:19.033000+00:00] #033[A
[2026-05-31T06:57:20.033000+00:00] ...ckpoint-193/rng_state.pth:  77%|███████▋  | 11.3kB / 14.6kB            #033[A#033[A
[2026-05-31T06:57:20.033000+00:00] ...eckpoint-193/optimizer.pt: 100%|█████████▉|  268MB /  269MB            #033[A#033[A#033[A
[2026-05-31T06:57:20.033000+00:00] ...l/model/model.safetensors:  69%|██████▊   | 10.0GB / 14.6GB            #033[A#033[A#033[A#033[A
[2026-05-31T06:57:20.033000+00:00] ...adapter_model.safetensors: 100%|█████████▉|  134MB /  134MB            #033[A#033[A#033[A#033[A#033[A
[2026-05-31T06:57:20.033000+00:00] ...eckpoint-193/scheduler.pt: 100%|██████████| 1.47kB / 1.47kB            #033[A#033[A#033[A#033[A#033[A#033[A
[2026-05-31T06:57:20.033000+00:00] Processing Files (1 / 5)      :  69%|██████▉   | 10.4GB / 15.0GB,  522MB/s
[2026-05-31T06:57:20.033000+00:00] New Data Upload               :  98%|█████████▊| 3.42GB / 3.49GB,  197MB/s  #033[A
[2026-05-31T06:57:20.033000+00:00] ...ckpoint-193/rng_state.pth:  77%|███████▋  | 11.3kB / 14.6kB            #033[A#033[A
[2026-05-31T06:57:20.033000+00:00] ...eckpoint-193/optimizer.pt: 100%|█████████▉|  268MB /  269MB            #033[A#033[A#033[A
[2026-05-31T06:57:20.033000+00:00] ...l/model/model.safetensors:  69%|██████▊   | 10.0GB / 14.6GB            #033[A#033[A#033[A#033[A
[2026-05-31T06:57:20.033000+00:00] ...adapter_model.safetensors: 100%|█████████▉|  134MB /  134MB            #033[A#033[A#033[A#033[A#033[A
[2026-05-31T06:57:20.033000+00:00] ...eckpoint-193/scheduler.pt: 100%|██████████| 1.47kB / 1.47kB            #033[A#033[A#033[A#033[A#033[A#033[A
[2026-05-31T06:57:20.033000+00:00] Processing Files (1 / 5)      :  70%|██████▉   | 10.4GB / 15.0GB,  520MB/s
[2026-05-31T06:57:20.033000+00:00] New Data Upload               :  97%|█████████▋| 3.45GB / 3.55GB,  196MB/s  #033[A
[2026-05-31T06:57:20.033000+00:00] ...ckpoint-193/rng_state.pth:  77%|███████▋  | 11.3kB / 14.6kB            #033[A#033[A
[2026-05-31T06:57:20.033000+00:00] ...eckpoint-193/optimizer.pt: 100%|█████████▉|  268MB /  269MB            #033[A#033[A#033[A
[2026-05-31T06:57:20.033000+00:00] ...l/model/model.safetensors:  70%|██████▉   | 10.2GB / 14.6GB            #033[A#033[A#033[A#033[A
[2026-05-31T06:57:20.033000+00:00] ...adapter_model.safetensors: 100%|█████████▉|  134MB /  134MB            #033[A#033[A#033[A#033[A#033[A
[2026-05-31T06:57:20.034000+00:00] ...eckpoint-193/scheduler.pt: 100%|██████████| 1.47kB / 1.47kB            #033[A#033[A#033[A#033[A#033[A#033[A
[2026-05-31T06:57:20.034000+00:00] Processing Files (1 / 5)      :  71%|███████   | 10.6GB / 15.0GB,  525MB/s
[2026-05-31T06:57:20.034000+00:00] New Data Upload               :  99%|█████████▊| 3.51GB / 3.55GB,  197MB/s  #033[A
[2026-05-31T06:57:20.034000+00:00] ...ckpoint-193/rng_state.pth:  77%|███████▋  | 11.3kB / 14.6kB            #033[A#033[A
[2026-05-31T06:57:20.034000+00:00] ...eckpoint-193/optimizer.pt: 100%|█████████▉|  268MB /  269MB            #033[A#033[A#033[A
[2026-05-31T06:57:20.034000+00:00] ...l/model/model.safetensors:  71%|███████▏  | 10.4GB / 14.6GB            #033[A#033[A#033[A#033[A
[2026-05-31T06:57:20.034000+00:00] ...adapter_model.safetensors: 100%|█████████▉|  134MB /  134MB            #033[A#033[A#033[A#033[A#033[A
[2026-05-31T06:57:20.034000+00:00] ...eckpoint-193/scheduler.pt: 100%|██████████| 1.47kB / 1.47kB            #033[A#033[A#033[A#033[A#033[A#033[A
[2026-05-31T06:57:20.034000+00:00] Processing Files (1 / 5)      :  72%|███████▏  | 10.8GB / 15.0GB,  521MB/s  
[2026-05-31T06:57:20.034000+00:00] #015New Data Upload               :  98%|█████████▊| 3.55GB / 3.62GB,  197MB/s
[2026-05-31T06:57:20.034000+00:00] #033[A
[2026-05-31T06:57:20.034000+00:00] ...ckpoint-193/rng_state.pth:  77%|███████▋  | 11.3kB / 14.6kB            #033[A#033[A
[2026-05-31T06:57:20.034000+00:00] ...eckpoint-193/optimizer.pt: 100%|█████████▉|  268MB /  269MB            #033[A#033[A#033[A
[2026-05-31T06:57:20.034000+00:00] ...l/model/model.safetensors:  71%|███████▏  | 10.4GB / 14.6GB            #033[A#033[A#033[A#033[A
[2026-05-31T06:57:20.034000+00:00] ...adapter_model.safetensors: 100%|█████████▉|  134MB /  134MB            #033[A#033[A#033[A#033[A#033[A
[2026-05-31T06:57:20.034000+00:00] #015  ...eckpoint-193/scheduler.pt: 100%|██████████| 1.47kB / 1.47kB
[2026-05-31T06:57:20.034000+00:00] #033[A#033[A#033[A#033[A#033[A#033[A
[2026-05-31T06:57:21.034000+00:00] ...ckpoint-193/rng_state.pth:  77%|███████▋  | 11.3kB / 14.6kB            #033[A#033[A
[2026-05-31T06:57:21.034000+00:00] #015  ...eckpoint-193/optimizer.pt: 100%|█████████▉|  268MB /  269MB            #033[A#033[A#033[A
[2026-05-31T06:57:21.034000+00:00] ...l/model/model.safetensors:  72%|███████▏  | 10.5GB / 14.6GB            #033[A#033[A#033[A#033[A
[2026-05-31T06:57:21.034000+00:00] #015  ...adapter_model.safetensors: 100%|█████████▉|  134MB /  134MB            #033[A#033[A#033[A#033[A#033[A
[2026-05-31T06:57:21.034000+00:00] #015  ...eckpoint-193/scheduler.pt: 100%|██████████| 1.47kB / 1.47kB            #033[A#033[A#033[A#033[A#033[A#033[A
[2026-05-31T06:57:21.034000+00:00] Processing Files (1 / 5)      :  73%|███████▎  | 10.9GB / 15.0GB,  522MB/s  
[2026-05-31T06:57:21.034000+00:00] #015New Data Upload               :  98%|█████████▊| 3.62GB / 3.69GB,  197MB/s  #033[A
[2026-05-31T06:57:21.034000+00:00] ...ckpoint-193/rng_state.pth:  77%|███████▋  | 11.3kB / 14.6kB            #033[A#033[A
[2026-05-31T06:57:21.035000+00:00] ...eckpoint-193/optimizer.pt: 100%|█████████▉|  268MB /  269MB            #033[A#033[A#033[A
[2026-05-31T06:57:21.035000+00:00] ...l/model/model.safetensors:  74%|███████▍  | 10.8GB / 14.6GB            #033[A#033[A#033[A#033[A
[2026-05-31T06:57:21.035000+00:00] ...adapter_model.safetensors: 100%|█████████▉|  134MB /  134MB            #033[A#033[A#033[A#033[A#033[A
[2026-05-31T06:57:21.035000+00:00] #015  ...eckpoint-193/scheduler.pt: 100%|██████████| 1.47kB / 1.47kB            #033[A#033[A#033[A#033[A#033[A#033[A
[2026-05-31T06:57:21.035000+00:00] Processing Files (1 / 5)      :  75%|███████▍  | 11.2GB / 15.0GB,  527MB/s  
[2026-05-31T06:57:21.035000+00:00] #015New Data Upload               : 100%|█████████▉| 3.69GB / 3.69GB,  197MB/s  #033[A
[2026-05-31T06:57:21.035000+00:00] ...ckpoint-193/rng_state.pth:  77%|███████▋  | 11.3kB / 14.6kB            #033[A#033[A
[2026-05-31T06:57:21.035000+00:00] ...eckpoint-193/optimizer.pt: 100%|█████████▉|  268MB /  269MB            #033[A#033[A#033[A
[2026-05-31T06:57:21.035000+00:00] ...l/model/model.safetensors:  74%|███████▍  | 10.8GB / 14.6GB            #033[A#033[A#033[A#033[A
[2026-05-31T06:57:21.035000+00:00] ...adapter_model.safetensors: 100%|█████████▉|  134MB /  134MB            #033[A#033[A#033[A#033[A#033[A
[2026-05-31T06:57:21.035000+00:00] ...eckpoint-193/scheduler.pt: 100%|██████████| 1.47kB / 1.47kB            #033[A#033[A#033[A#033[A#033[A#033[A
[2026-05-31T06:57:21.035000+00:00] Processing Files (1 / 5)      :  75%|███████▍  | 11.2GB / 15.0GB,  521MB/s
[2026-05-31T06:57:21.035000+00:00] ...ckpoint-193/rng_state.pth:  77%|███████▋  | 11.3kB / 14.6kB            #033[A#033[A
[2026-05-31T06:57:21.035000+00:00] ...eckpoint-193/optimizer.pt: 100%|█████████▉|  268MB /  269MB            #033[A#033[A#033[A
[2026-05-31T06:57:21.035000+00:00] ...l/model/model.safetensors:  74%|███████▍  | 10.9GB / 14.6GB            #033[A#033[A#033[A#033[A
[2026-05-31T06:57:21.035000+00:00] ...adapter_model.safetensors: 100%|█████████▉|  134MB /  134MB            #033[A#033[A#033[A#033[A#033[A
[2026-05-31T06:57:21.035000+00:00] ...eckpoint-193/scheduler.pt: 100%|██████████| 1.47kB / 1.47kB            #033[A#033[A#033[A#033[A#033[A#033[A
[2026-05-31T06:57:21.035000+00:00] Processing Files (1 / 5)      :  75%|███████▌  | 11.3GB / 15.0GB,  520MB/s
[2026-05-31T06:57:21.035000+00:00] New Data Upload               :  98%|█████████▊| 3.73GB / 3.82GB,  196MB/s  #033[A
[2026-05-31T06:57:21.035000+00:00] ...ckpoint-193/rng_state.pth:  77%|███████▋  | 11.3kB / 14.6kB            #033[A#033[A
[2026-05-31T06:57:21.035000+00:00] ...eckpoint-193/optimizer.pt: 100%|█████████▉|  268MB /  269MB            #033[A#033[A#033[A
[2026-05-31T06:57:21.035000+00:00] ...l/model/model.safetensors:  76%|███████▌  | 11.1GB / 14.6GB            #033[A#033[A#033[A#033[A
[2026-05-31T06:57:21.035000+00:00] ...adapter_model.safetensors: 100%|█████████▉|  134MB /  134MB            #033[A#033[A#033[A#033[A#033[A
[2026-05-31T06:57:21.035000+00:00] ...eckpoint-193/scheduler.pt: 100%|██████████| 1.47kB / 1.47kB            #033[A#033[A#033[A#033[A#033[A#033[A
[2026-05-31T06:57:21.035000+00:00] Processing Files (1 / 5)      :  77%|███████▋  | 11.5GB / 15.0GB,  533MB/s
[2026-05-31T06:57:21.035000+00:00] New Data Upload               : 100%|█████████▉| 3.80GB / 3.82GB,  199MB/s  #033[A
[2026-05-31T06:57:22.035000+00:00] ...ckpoint-193/rng_state.pth:  77%|███████▋  | 11.3kB / 14.6kB            #033[A#033[A
[2026-05-31T06:57:22.035000+00:00] ...eckpoint-193/optimizer.pt: 100%|█████████▉|  268MB /  269MB            #033[A#033[A#033[A
[2026-05-31T06:57:22.035000+00:00] ...l/model/model.safetensors:  77%|███████▋  | 11.2GB / 14.6GB            #033[A#033[A#033[A#033[A
[2026-05-31T06:57:22.035000+00:00] ...adapter_model.safetensors: 100%|█████████▉|  134MB /  134MB            #033[A#033[A#033[A#033[A#033[A
[2026-05-31T06:57:22.035000+00:00] ...eckpoint-193/scheduler.pt: 100%|██████████| 1.47kB / 1.47kB            #033[A#033[A#033[A#033[A#033[A#033[A
[2026-05-31T06:57:22.035000+00:00] Processing Files (1 / 5)      :  77%|███████▋  | 11.6GB / 15.0GB,  527MB/s
[2026-05-31T06:57:22.036000+00:00] New Data Upload               :  98%|█████████▊| 3.82GB / 3.89GB,  197MB/s  #033[A
[2026-05-31T06:57:22.036000+00:00] ...ckpoint-193/rng_state.pth:  77%|███████▋  | 11.3kB / 14.6kB            #033[A#033[A
[2026-05-31T06:57:22.036000+00:00] ...eckpoint-193/optimizer.pt: 100%|█████████▉|  268MB /  269MB            #033[A#033[A#033[A
[2026-05-31T06:57:22.036000+00:00] ...l/model/model.safetensors:  77%|███████▋  | 11.2GB / 14.6GB            #033[A#033[A#033[A#033[A
[2026-05-31T06:57:22.036000+00:00] ...adapter_model.safetensors: 100%|█████████▉|  134MB /  134MB            #033[A#033[A#033[A#033[A#033[A
[2026-05-31T06:57:22.036000+00:00] ...eckpoint-193/scheduler.pt: 100%|██████████| 1.47kB / 1.47kB            #033[A#033[A#033[A#033[A#033[A#033[A
[2026-05-31T06:57:22.036000+00:00] Processing Files (1 / 5)      :  78%|███████▊  | 11.6GB / 15.0GB,  526MB/s
[2026-05-31T06:57:22.036000+00:00] New Data Upload               :  97%|█████████▋| 3.85GB / 3.96GB,  197MB/s  #033[A
[2026-05-31T06:57:22.036000+00:00] ...ckpoint-193/rng_state.pth:  77%|███████▋  | 11.3kB / 14.6kB            #033[A#033[A
[2026-05-31T06:57:22.036000+00:00] ...eckpoint-193/optimizer.pt: 100%|█████████▉|  268MB /  269MB            #033[A#033[A#033[A
[2026-05-31T06:57:22.036000+00:00] ...l/model/model.safetensors:  78%|███████▊  | 11.4GB / 14.6GB            #033[A#033[A#033[A#033[A
[2026-05-31T06:57:22.036000+00:00] ...adapter_model.safetensors: 100%|█████████▉|  134MB /  134MB            #033[A#033[A#033[A#033[A#033[A
[2026-05-31T06:57:22.036000+00:00] ...eckpoint-193/scheduler.pt: 100%|██████████| 1.47kB / 1.47kB            #033[A#033[A#033[A#033[A#033[A#033[A
[2026-05-31T06:57:22.036000+00:00] Processing Files (1 / 5)      :  78%|███████▊  | 11.8GB / 15.0GB,  533MB/s
[2026-05-31T06:57:22.036000+00:00] New Data Upload               :  98%|█████████▊| 3.89GB / 3.96GB,  197MB/s  #033[A
[2026-05-31T06:57:22.036000+00:00] ...ckpoint-193/rng_state.pth:  77%|███████▋  | 11.3kB / 14.6kB            #033[A#033[A
[2026-05-31T06:57:22.036000+00:00] ...eckpoint-193/optimizer.pt: 100%|█████████▉|  268MB /  269MB            #033[A#033[A#033[A
[2026-05-31T06:57:22.036000+00:00] ...l/model/model.safetensors:  80%|███████▉  | 11.6GB / 14.6GB            #033[A#033[A#033[A#033[A
[2026-05-31T06:57:22.036000+00:00] ...adapter_model.safetensors: 100%|█████████▉|  134MB /  134MB            #033[A#033[A#033[A#033[A#033[A
[2026-05-31T06:57:22.036000+00:00] ...eckpoint-193/scheduler.pt: 100%|██████████| 1.47kB / 1.47kB            #033[A#033[A#033[A#033[A#033[A#033[A#015Processing Files (1 / 5)      :  80%|████████  | 12.0GB / 15.0GB,  553MB/s
[2026-05-31T06:57:22.036000+00:00] New Data Upload               :  98%|█████████▊| 3.96GB / 4.02GB,  197MB/s  #033[A
[2026-05-31T06:57:22.036000+00:00] ...ckpoint-193/rng_state.pth:  77%|███████▋  | 11.3kB / 14.6kB            #033[A#033[A
[2026-05-31T06:57:22.036000+00:00] ...eckpoint-193/optimizer.pt: 100%|█████████▉|  268MB /  269MB            #033[A#033[A#033[A
[2026-05-31T06:57:22.036000+00:00] ...l/model/model.safetensors:  80%|███████▉  | 11.6GB / 14.6GB            #033[A#033[A#033[A#033[A
[2026-05-31T06:57:22.036000+00:00] ...adapter_model.safetensors: 100%|█████████▉|  134MB /  134MB            #033[A#033[A#033[A#033[A#033[A
[2026-05-31T06:57:22.036000+00:00] ...eckpoint-193/scheduler.pt: 100%|██████████| 1.47kB / 1.47kB            #033[A#033[A#033[A#033[A#033[A#033[A
[2026-05-31T06:57:23.036000+00:00] ...ckpoint-193/rng_state.pth:  77%|███████▋  | 11.3kB / 14.6kB            #033[A#033[A
[2026-05-31T06:57:23.036000+00:00] ...eckpoint-193/optimizer.pt: 100%|█████████▉|  268MB /  269MB            #033[A#033[A#033[A
[2026-05-31T06:57:23.036000+00:00] ...l/model/model.safetensors:  80%|████████  | 11.7GB / 14.6GB            #033[A#033[A#033[A#033[A
[2026-05-31T06:57:23.036000+00:00] ...adapter_model.safetensors: 100%|█████████▉|  134MB /  134MB            #033[A#033[A#033[A#033[A#033[A
[2026-05-31T06:57:23.036000+00:00] #015  ...eckpoint-193/scheduler.pt: 100%|██████████| 1.47kB / 1.47kB            #033[A#033[A#033[A#033[A#033[A#033[A
[2026-05-31T06:57:23.036000+00:00] Processing Files (1 / 5)      :  81%|████████  | 12.1GB / 15.0GB,  544MB/s
[2026-05-31T06:57:23.036000+00:00] New Data Upload               :  98%|█████████▊| 4.02GB / 4.09GB,  194MB/s  #033[A
[2026-05-31T06:57:23.036000+00:00] ...ckpoint-193/rng_state.pth:  77%|███████▋  | 11.3kB / 14.6kB            #033[A#033[A
[2026-05-31T06:57:23.036000+00:00] ...eckpoint-193/optimizer.pt: 100%|█████████▉|  268MB /  269MB            #033[A#033[A#033[A
[2026-05-31T06:57:23.037000+00:00] ...l/model/model.safetensors:  81%|████████  | 11.8GB / 14.6GB            #033[A#033[A#033[A#033[A
[2026-05-31T06:57:23.037000+00:00] ...adapter_model.safetensors: 100%|█████████▉|  134MB /  134MB            #033[A#033[A#033[A#033[A#033[A
[2026-05-31T06:57:23.037000+00:00] #015  ...eckpoint-193/scheduler.pt: 100%|██████████| 1.47kB / 1.47kB            #033[A#033[A#033[A#033[A#033[A#033[A
[2026-05-31T06:57:23.037000+00:00] Processing Files (1 / 5)      :  82%|████████▏ | 12.2GB / 15.0GB,  548MB/s  
[2026-05-31T06:57:23.037000+00:00] #015New Data Upload               : 100%|█████████▉| 4.09GB / 4.09GB,  197MB/s  #033[A
[2026-05-31T06:57:23.037000+00:00] ...ckpoint-193/rng_state.pth:  77%|███████▋  | 11.3kB / 14.6kB            #033[A#033[A
[2026-05-31T06:57:23.037000+00:00] ...eckpoint-193/optimizer.pt: 100%|█████████▉|  268MB /  269MB            #033[A#033[A#033[A
[2026-05-31T06:57:23.037000+00:00] ...l/model/model.safetensors:  82%|████████▏ | 12.0GB / 14.6GB            #033[A#033[A#033[A#033[A
[2026-05-31T06:57:23.037000+00:00] ...adapter_model.safetensors: 100%|█████████▉|  134MB /  134MB            #033[A#033[A#033[A#033[A#033[A
[2026-05-31T06:57:23.037000+00:00] #015  ...eckpoint-193/scheduler.pt: 100%|██████████| 1.47kB / 1.47kB            #033[A#033[A#033[A#033[A#033[A#033[A
[2026-05-31T06:57:23.037000+00:00] Processing Files (1 / 5)      :  83%|████████▎ | 12.4GB / 15.0GB,  556MB/s  
[2026-05-31T06:57:23.037000+00:00] #015New Data Upload               :  98%|█████████▊| 4.09GB / 4.16GB,  197MB/s  #033[A
[2026-05-31T06:57:23.037000+00:00] ...ckpoint-193/rng_state.pth:  77%|███████▋  | 11.3kB / 14.6kB            #033[A#033[A
[2026-05-31T06:57:23.037000+00:00] ...eckpoint-193/optimizer.pt: 100%|█████████▉|  268MB /  269MB            #033[A#033[A#033[A
[2026-05-31T06:57:23.037000+00:00] ...l/model/model.safetensors:  82%|████████▏ | 12.0GB / 14.6GB            #033[A#033[A#033[A#033[A
[2026-05-31T06:57:23.037000+00:00] ...adapter_model.safetensors: 100%|█████████▉|  134MB /  134MB            #033[A#033[A#033[A#033[A#033[A
[2026-05-31T06:57:23.037000+00:00] ...eckpoint-193/scheduler.pt: 100%|██████████| 1.47kB / 1.47kB            #033[A#033[A#033[A#033[A#033[A#033[A
[2026-05-31T06:57:23.037000+00:00] ...ckpoint-193/rng_state.pth:  77%|███████▋  | 11.3kB / 14.6kB            #033[A#033[A
[2026-05-31T06:57:23.037000+00:00] ...eckpoint-193/optimizer.pt: 100%|█████████▉|  268MB /  269MB            #033[A#033[A#033[A
[2026-05-31T06:57:23.037000+00:00] ...l/model/model.safetensors:  83%|████████▎ | 12.1GB / 14.6GB            #033[A#033[A#033[A#033[A
[2026-05-31T06:57:23.037000+00:00] ...adapter_model.safetensors: 100%|█████████▉|  134MB /  134MB            #033[A#033[A#033[A#033[A#033[A
[2026-05-31T06:57:23.037000+00:00] ...eckpoint-193/scheduler.pt: 100%|██████████| 1.47kB / 1.47kB            #033[A#033[A#033[A#033[A#033[A#033[A
[2026-05-31T06:57:23.037000+00:00] Processing Files (1 / 5)      :  83%|████████▎ | 12.5GB / 15.0GB,  543MB/s
[2026-05-31T06:57:23.037000+00:00] New Data Upload               :  98%|█████████▊| 4.16GB / 4.23GB,  194MB/s  #033[A
[2026-05-31T06:57:24.037000+00:00] ...ckpoint-193/rng_state.pth:  77%|███████▋  | 11.3kB / 14.6kB            #033[A#033[A
[2026-05-31T06:57:24.037000+00:00] ...eckpoint-193/optimizer.pt: 100%|█████████▉|  268MB /  269MB            #033[A#033[A#033[A
[2026-05-31T06:57:24.037000+00:00] ...l/model/model.safetensors:  85%|████████▍ | 12.4GB / 14.6GB            #033[A#033[A#033[A#033[A
[2026-05-31T06:57:24.037000+00:00] #015  ...adapter_model.safetensors: 100%|█████████▉|  134MB /  134MB
[2026-05-31T06:57:24.037000+00:00] #033[A#033[A#033[A#033[A#033[A
[2026-05-31T06:57:24.037000+00:00] ...eckpoint-193/scheduler.pt: 100%|██████████| 1.47kB / 1.47kB            #033[A#033[A#033[A#033[A#033[A#033[A#015Processing Files (1 / 5)      :  85%|████████▌ | 12.8GB / 15.0GB,  551MB/s
[2026-05-31T06:57:24.037000+00:00] New Data Upload               : 100%|█████████▉| 4.22GB / 4.23GB,  197MB/s  #033[A
[2026-05-31T06:57:24.037000+00:00] ...ckpoint-193/rng_state.pth:  77%|███████▋  | 11.3kB / 14.6kB            #033[A#033[A
[2026-05-31T06:57:24.037000+00:00] ...eckpoint-193/optimizer.pt: 100%|█████████▉|  268MB /  269MB            #033[A#033[A#033[A
[2026-05-31T06:57:24.037000+00:00] ...l/model/model.safetensors:  85%|████████▍ | 12.4GB / 14.6GB            #033[A#033[A#033[A#033[A
[2026-05-31T06:57:24.037000+00:00] ...adapter_model.safetensors: 100%|█████████▉|  134MB /  134MB            #033[A#033[A#033[A#033[A#033[A
[2026-05-31T06:57:24.037000+00:00] ...eckpoint-193/scheduler.pt: 100%|██████████| 1.47kB / 1.47kB            #033[A#033[A#033[A#033[A#033[A#033[A
[2026-05-31T06:57:24.037000+00:00] Processing Files (1 / 5)      :  85%|████████▌ | 12.8GB / 15.0GB,  555MB/s
[2026-05-31T06:57:24.037000+00:00] New Data Upload               :  98%|█████████▊| 4.22GB / 4.29GB,  197MB/s  #033[A
[2026-05-31T06:57:24.037000+00:00] ...ckpoint-193/rng_state.pth:  77%|███████▋  | 11.3kB / 14.6kB            #033[A#033[A
[2026-05-31T06:57:24.037000+00:00] ...eckpoint-193/optimizer.pt: 100%|█████████▉|  268MB /  269MB            #033[A#033[A#033[A
[2026-05-31T06:57:24.037000+00:00] ...l/model/model.safetensors:  85%|████████▌ | 12.5GB / 14.6GB            #033[A#033[A#033[A#033[A
[2026-05-31T06:57:24.037000+00:00] ...adapter_model.safetensors: 100%|█████████▉|  134MB /  134MB            #033[A#033[A#033[A#033[A#033[A
[2026-05-31T06:57:24.037000+00:00] ...eckpoint-193/scheduler.pt: 100%|██████████| 1.47kB / 1.47kB            #033[A#033[A#033[A#033[A#033[A#033[A
[2026-05-31T06:57:24.038000+00:00] Processing Files (1 / 5)      :  86%|████████▌ | 12.9GB / 15.0GB,  551MB/s
[2026-05-31T06:57:24.038000+00:00] New Data Upload               :  98%|█████████▊| 4.27GB / 4.36GB,  196MB/s  #033[A
[2026-05-31T06:57:24.038000+00:00] ...ckpoint-193/rng_state.pth:  77%|███████▋  | 11.3kB / 14.6kB            #033[A#033[A
[2026-05-31T06:57:24.038000+00:00] ...eckpoint-193/optimizer.pt: 100%|█████████▉|  268MB /  269MB            #033[A#033[A#033[A
[2026-05-31T06:57:24.038000+00:00] ...l/model/model.safetensors:  87%|████████▋ | 12.7GB / 14.6GB            #033[A#033[A#033[A#033[A
[2026-05-31T06:57:24.038000+00:00] ...adapter_model.safetensors: 100%|█████████▉|  134MB /  134MB            #033[A#033[A#033[A#033[A#033[A
[2026-05-31T06:57:24.038000+00:00] ...eckpoint-193/scheduler.pt: 100%|██████████| 1.47kB / 1.47kB            #033[A#033[A#033[A#033[A#033[A#033[A
[2026-05-31T06:57:24.038000+00:00] Processing Files (1 / 5)      :  87%|████████▋ | 13.1GB / 15.0GB,  542MB/s
[2026-05-31T06:57:24.038000+00:00] New Data Upload               : 100%|█████████▉| 4.34GB / 4.36GB,  196MB/s  #033[A
[2026-05-31T06:57:24.038000+00:00] ...ckpoint-193/rng_state.pth:  77%|███████▋  | 11.3kB / 14.6kB            #033[A#033[A
[2026-05-31T06:57:24.038000+00:00] ...eckpoint-193/optimizer.pt: 100%|█████████▉|  268MB /  269MB            #033[A#033[A#033[A
[2026-05-31T06:57:24.038000+00:00] ...l/model/model.safetensors:  88%|████████▊ | 12.8GB / 14.6GB            #033[A#033[A#033[A#033[A
[2026-05-31T06:57:24.038000+00:00] ...adapter_model.safetensors: 100%|█████████▉|  134MB /  134MB            #033[A#033[A#033[A#033[A#033[A
[2026-05-31T06:57:24.038000+00:00] ...eckpoint-193/scheduler.pt: 100%|██████████| 1.47kB / 1.47kB            #033[A#033[A#033[A#033[A#033[A#033[A
[2026-05-31T06:57:24.038000+00:00] Processing Files (1 / 5)      :  88%|████████▊ | 13.2GB / 15.0GB,  556MB/s
[2026-05-31T06:57:24.038000+00:00] New Data Upload               :  98%|█████████▊| 4.36GB / 4.43GB,  197MB/s  #033[A
[2026-05-31T06:57:25.038000+00:00] ...ckpoint-193/rng_state.pth:  77%|███████▋  | 11.3kB / 14.6kB            #033[A#033[A
[2026-05-31T06:57:25.038000+00:00] ...eckpoint-193/optimizer.pt: 100%|█████████▉|  268MB /  269MB            #033[A#033[A#033[A
[2026-05-31T06:57:25.038000+00:00] ...l/model/model.safetensors:  88%|████████▊ | 12.8GB / 14.6GB            #033[A#033[A#033[A#033[A
[2026-05-31T06:57:25.038000+00:00] ...adapter_model.safetensors: 100%|█████████▉|  134MB /  134MB            #033[A#033[A#033[A#033[A#033[A
[2026-05-31T06:57:25.038000+00:00] ...eckpoint-193/scheduler.pt: 100%|██████████| 1.47kB / 1.47kB            #033[A#033[A#033[A#033[A#033[A#033[A
[2026-05-31T06:57:25.038000+00:00] Processing Files (1 / 5)      :  88%|████████▊ | 13.2GB / 15.0GB,  552MB/s
[2026-05-31T06:57:25.038000+00:00] New Data Upload               :  98%|█████████▊| 4.39GB / 4.49GB,  194MB/s  #033[A
[2026-05-31T06:57:25.038000+00:00] ...ckpoint-193/rng_state.pth:  77%|███████▋  | 11.3kB / 14.6kB            #033[A#033[A
[2026-05-31T06:57:25.038000+00:00] ...eckpoint-193/optimizer.pt: 100%|█████████▉|  268MB /  269MB            #033[A#033[A#033[A
[2026-05-31T06:57:25.038000+00:00] ...l/model/model.safetensors:  89%|████████▉ | 13.0GB / 14.6GB            #033[A#033[A#033[A#033[A
[2026-05-31T06:57:25.038000+00:00] ...adapter_model.safetensors: 100%|█████████▉|  134MB /  134MB            #033[A#033[A#033[A#033[A#033[A
[2026-05-31T06:57:25.038000+00:00] ...eckpoint-193/scheduler.pt: 100%|██████████| 1.47kB / 1.47kB            #033[A#033[A#033[A#033[A#033[A#033[A
[2026-05-31T06:57:25.038000+00:00] Processing Files (1 / 5)      :  89%|████████▉ | 13.4GB / 15.0GB,  537MB/s
[2026-05-31T06:57:25.038000+00:00] New Data Upload               :  99%|█████████▊| 4.44GB / 4.49GB,  193MB/s  #033[A
[2026-05-31T06:57:25.038000+00:00] ...ckpoint-193/rng_state.pth:  77%|███████▋  | 11.3kB / 14.6kB            #033[A#033[A
[2026-05-31T06:57:25.038000+00:00] ...eckpoint-193/optimizer.pt: 100%|█████████▉|  268MB /  269MB            #033[A#033[A#033[A
[2026-05-31T06:57:25.039000+00:00] ...l/model/model.safetensors:  91%|█████████ | 13.2GB / 14.6GB            #033[A#033[A#033[A#033[A
[2026-05-31T06:57:25.039000+00:00] ...adapter_model.safetensors: 100%|█████████▉|  134MB /  134MB            #033[A#033[A#033[A#033[A#033[A
[2026-05-31T06:57:25.039000+00:00] ...eckpoint-193/scheduler.pt: 100%|██████████| 1.47kB / 1.47kB            #033[A#033[A#033[A#033[A#033[A#033[A
[2026-05-31T06:57:25.039000+00:00] Processing Files (1 / 5)      :  91%|█████████ | 13.6GB / 15.0GB,  556MB/s
[2026-05-31T06:57:25.039000+00:00] New Data Upload               :  99%|█████████▊| 4.49GB / 4.56GB,  197MB/s  #033[A
[2026-05-31T06:57:25.039000+00:00] ...ckpoint-193/rng_state.pth:  77%|███████▋  | 11.3kB / 14.6kB            #033[A#033[A
[2026-05-31T06:57:25.039000+00:00] ...eckpoint-193/optimizer.pt: 100%|█████████▉|  268MB /  269MB            #033[A#033[A#033[A
[2026-05-31T06:57:25.039000+00:00] ...l/model/model.safetensors:  91%|█████████ | 13.2GB / 14.6GB            #033[A#033[A#033[A#033[A
[2026-05-31T06:57:25.039000+00:00] ...adapter_model.safetensors: 100%|█████████▉|  134MB /  134MB            #033[A#033[A#033[A#033[A#033[A
[2026-05-31T06:57:25.039000+00:00] ...eckpoint-193/scheduler.pt: 100%|██████████| 1.47kB / 1.47kB            #033[A#033[A#033[A#033[A#033[A#033[A
[2026-05-31T06:57:25.039000+00:00] ...ckpoint-193/rng_state.pth:  77%|███████▋  | 11.3kB / 14.6kB            #033[A#033[A
[2026-05-31T06:57:25.039000+00:00] ...eckpoint-193/optimizer.pt: 100%|█████████▉|  268MB /  269MB            #033[A#033[A#033[A
[2026-05-31T06:57:25.039000+00:00] ...l/model/model.safetensors:  91%|█████████ | 13.3GB / 14.6GB            #033[A#033[A#033[A#033[A
[2026-05-31T06:57:25.039000+00:00] ...adapter_model.safetensors: 100%|█████████▉|  134MB /  134MB            #033[A#033[A#033[A#033[A#033[A
[2026-05-31T06:57:25.039000+00:00] ...eckpoint-193/scheduler.pt: 100%|██████████| 1.47kB / 1.47kB            #033[A#033[A#033[A#033[A#033[A#033[A
[2026-05-31T06:57:25.039000+00:00] Processing Files (1 / 5)      :  91%|█████████ | 13.7GB / 15.0GB,  539MB/s
[2026-05-31T06:57:25.039000+00:00] New Data Upload               :  99%|█████████▊| 4.56GB / 4.63GB,  194MB/s  #033[A
[2026-05-31T06:57:26.039000+00:00] ...ckpoint-193/rng_state.pth:  77%|███████▋  | 11.3kB / 14.6kB            #033[A#033[A
[2026-05-31T06:57:26.039000+00:00] ...eckpoint-193/optimizer.pt: 100%|█████████▉|  268MB /  269MB            #033[A#033[A#033[A
[2026-05-31T06:57:26.039000+00:00] ...l/model/model.safetensors:  93%|█████████▎| 13.6GB / 14.6GB            #033[A#033[A#033[A#033[A
[2026-05-31T06:57:26.039000+00:00] ...adapter_model.safetensors: 100%|█████████▉|  134MB /  134MB            #033[A#033[A#033[A#033[A#033[A
[2026-05-31T06:57:26.039000+00:00] ...eckpoint-193/scheduler.pt: 100%|██████████| 1.47kB / 1.47kB            #033[A#033[A#033[A#033[A#033[A#033[A
[2026-05-31T06:57:26.039000+00:00] Processing Files (1 / 5)      :  93%|█████████▎| 14.0GB / 15.0GB,  554MB/s
[2026-05-31T06:57:26.039000+00:00] New Data Upload               : 100%|█████████▉| 4.63GB / 4.63GB,  197MB/s  #033[A
[2026-05-31T06:57:26.039000+00:00] ...ckpoint-193/rng_state.pth:  77%|███████▋  | 11.3kB / 14.6kB            #033[A#033[A
[2026-05-31T06:57:26.039000+00:00] ...eckpoint-193/optimizer.pt: 100%|█████████▉|  268MB /  269MB            #033[A#033[A#033[A
[2026-05-31T06:57:26.039000+00:00] ...l/model/model.safetensors:  93%|█████████▎| 13.6GB / 14.6GB            #033[A#033[A#033[A#033[A
[2026-05-31T06:57:26.039000+00:00] ...adapter_model.safetensors: 100%|█████████▉|  134MB /  134MB            #033[A#033[A#033[A#033[A#033[A
[2026-05-31T06:57:26.039000+00:00] ...eckpoint-193/scheduler.pt: 100%|██████████| 1.47kB / 1.47kB            #033[A#033[A#033[A#033[A#033[A#033[A
[2026-05-31T06:57:26.039000+00:00] Processing Files (1 / 5)      :  93%|█████████▎| 14.0GB / 15.0GB,  553MB/s
[2026-05-31T06:57:26.039000+00:00] New Data Upload               :  99%|█████████▊| 4.63GB / 4.69GB,  195MB/s  #033[A
[2026-05-31T06:57:26.039000+00:00] ...ckpoint-193/rng_state.pth:  77%|███████▋  | 11.3kB / 14.6kB            #033[A#033[A
[2026-05-31T06:57:26.039000+00:00] ...eckpoint-193/optimizer.pt: 100%|█████████▉|  268MB /  269MB            #033[A#033[A#033[A
[2026-05-31T06:57:26.040000+00:00] ...l/model/model.safetensors:  94%|█████████▎| 13.7GB / 14.6GB            #033[A#033[A#033[A#033[A
[2026-05-31T06:57:26.040000+00:00] ...adapter_model.safetensors: 100%|█████████▉|  134MB /  134MB            #033[A#033[A#033[A#033[A#033[A
[2026-05-31T06:57:26.040000+00:00] ...eckpoint-193/scheduler.pt: 100%|██████████| 1.47kB / 1.47kB            #033[A#033[A#033[A#033[A#033[A#033[A
[2026-05-31T06:57:26.040000+00:00] Processing Files (1 / 5)      :  94%|█████████▍| 14.1GB / 15.0GB,  547MB/s
[2026-05-31T06:57:26.040000+00:00] New Data Upload               :  98%|█████████▊| 4.68GB / 4.76GB,  194MB/s  #033[A
[2026-05-31T06:57:26.040000+00:00] ...ckpoint-193/rng_state.pth:  77%|███████▋  | 11.3kB / 14.6kB            #033[A#033[A
[2026-05-31T06:57:26.040000+00:00] ...eckpoint-193/optimizer.pt: 100%|█████████▉|  268MB /  269MB            #033[A#033[A#033[A
[2026-05-31T06:57:26.040000+00:00] ...l/model/model.safetensors:  95%|█████████▌| 13.9GB / 14.6GB            #033[A#033[A#033[A#033[A
[2026-05-31T06:57:26.040000+00:00] ...adapter_model.safetensors: 100%|█████████▉|  134MB /  134MB            #033[A#033[A#033[A#033[A#033[A
[2026-05-31T06:57:26.040000+00:00] ...eckpoint-193/scheduler.pt: 100%|██████████| 1.47kB / 1.47kB            #033[A#033[A#033[A#033[A#033[A#033[A
[2026-05-31T06:57:26.040000+00:00] Processing Files (1 / 5)      :  95%|█████████▌| 14.3GB / 15.0GB,  544MB/s
[2026-05-31T06:57:26.040000+00:00] New Data Upload               : 100%|█████████▉| 4.74GB / 4.76GB,  195MB/s  #033[A
[2026-05-31T06:57:26.040000+00:00] ...ckpoint-193/rng_state.pth:  77%|███████▋  | 11.3kB / 14.6kB            #033[A#033[A
[2026-05-31T06:57:26.040000+00:00] ...eckpoint-193/optimizer.pt: 100%|█████████▉|  268MB /  269MB            #033[A#033[A#033[A
[2026-05-31T06:57:26.040000+00:00] ...l/model/model.safetensors:  96%|█████████▌| 14.0GB / 14.6GB            #033[A#033[A#033[A#033[A
[2026-05-31T06:57:26.040000+00:00] ...adapter_model.safetensors: 100%|█████████▉|  134MB /  134MB            #033[A#033[A#033[A#033[A#033[A
[2026-05-31T06:57:26.040000+00:00] ...eckpoint-193/scheduler.pt: 100%|██████████| 1.47kB / 1.47kB            #033[A#033[A#033[A#033[A#033[A#033[A
[2026-05-31T06:57:26.040000+00:00] Processing Files (1 / 5)      :  96%|█████████▌| 14.4GB / 15.0GB,  556MB/s
[2026-05-31T06:57:26.040000+00:00] New Data Upload               :  99%|█████████▊| 4.76GB / 4.83GB,  197MB/s  #033[A
[2026-05-31T06:57:27.040000+00:00] ...ckpoint-193/rng_state.pth:  77%|███████▋  | 11.3kB / 14.6kB            #033[A#033[A
[2026-05-31T06:57:27.040000+00:00] ...eckpoint-193/optimizer.pt: 100%|█████████▉|  268MB /  269MB            #033[A#033[A#033[A
[2026-05-31T06:57:27.040000+00:00] ...l/model/model.safetensors:  96%|█████████▋| 14.1GB / 14.6GB            #033[A#033[A#033[A#033[A
[2026-05-31T06:57:27.040000+00:00] ...adapter_model.safetensors: 100%|█████████▉|  134MB /  134MB            #033[A#033[A#033[A#033[A#033[A
[2026-05-31T06:57:27.040000+00:00] ...eckpoint-193/scheduler.pt: 100%|██████████| 1.47kB / 1.47kB            #033[A#033[A#033[A#033[A#033[A#033[A
[2026-05-31T06:57:27.040000+00:00] Processing Files (1 / 5)      :  96%|█████████▋| 14.5GB / 15.0GB,  553MB/s
[2026-05-31T06:57:27.040000+00:00] New Data Upload               :  98%|█████████▊| 4.80GB / 4.90GB,  194MB/s  #033[A
[2026-05-31T06:57:27.040000+00:00] ...ckpoint-193/rng_state.pth:  77%|███████▋  | 11.3kB / 14.6kB            #033[A#033[A
[2026-05-31T06:57:27.040000+00:00] ...eckpoint-193/optimizer.pt: 100%|█████████▉|  268MB /  269MB            #033[A#033[A#033[A
[2026-05-31T06:57:27.040000+00:00] ...l/model/model.safetensors:  97%|█████████▋| 14.1GB / 14.6GB            #033[A#033[A#033[A#033[A
[2026-05-31T06:57:27.040000+00:00] ...adapter_model.safetensors: 100%|█████████▉|  134MB /  134MB            #033[A#033[A#033[A#033[A#033[A
[2026-05-31T06:57:27.041000+00:00] ...eckpoint-193/scheduler.pt: 100%|██████████| 1.47kB / 1.47kB            #033[A#033[A#033[A#033[A#033[A#033[A
[2026-05-31T06:57:27.041000+00:00] Processing Files (1 / 5)      :  97%|█████████▋| 14.5GB / 15.0GB,  537MB/s
[2026-05-31T06:57:27.041000+00:00] New Data Upload               :  99%|█████████▊| 4.83GB / 4.90GB,  193MB/s  #033[A
[2026-05-31T06:57:27.041000+00:00] ...ckpoint-193/rng_state.pth:  77%|███████▋  | 11.3kB / 14.6kB            #033[A#033[A
[2026-05-31T06:57:27.041000+00:00] ...eckpoint-193/optimizer.pt: 100%|█████████▉|  268MB /  269MB            #033[A#033[A#033[A
[2026-05-31T06:57:27.041000+00:00] ...l/model/model.safetensors:  99%|█████████▉| 14.4GB / 14.6GB            #033[A#033[A#033[A#033[A
[2026-05-31T06:57:27.041000+00:00] ...adapter_model.safetensors: 100%|█████████▉|  134MB /  134MB            #033[A#033[A#033[A#033[A#033[A
[2026-05-31T06:57:27.041000+00:00] ...eckpoint-193/scheduler.pt: 100%|██████████| 1.47kB / 1.47kB            #033[A#033[A#033[A#033[A#033[A#033[A#015Processing Files (1 / 5)      :  99%|█████████▉| 14.8GB / 15.0GB,  556MB/s
[2026-05-31T06:57:27.041000+00:00] New Data Upload               :  99%|█████████▊| 4.89GB / 4.96GB,  197MB/s  #033[A
[2026-05-31T06:57:27.041000+00:00] ...ckpoint-193/rng_state.pth:  77%|███████▋  | 11.3kB / 14.6kB            #033[A#033[A
[2026-05-31T06:57:27.041000+00:00] ...eckpoint-193/optimizer.pt: 100%|█████████▉|  268MB /  269MB            #033[A#033[A#033[A
[2026-05-31T06:57:27.041000+00:00] ...l/model/model.safetensors:  99%|█████████▉| 14.4GB / 14.6GB            #033[A#033[A#033[A#033[A
[2026-05-31T06:57:27.041000+00:00] ...adapter_model.safetensors: 100%|█████████▉|  134MB /  134MB            #033[A#033[A#033[A#033[A#033[A
[2026-05-31T06:57:27.041000+00:00] #015  ...eckpoint-193/scheduler.pt: 100%|██████████| 1.47kB / 1.47kB
[2026-05-31T06:57:27.041000+00:00] #033[A#033[A#033[A#033[A#033[A#033[A
[2026-05-31T06:57:27.041000+00:00] ...ckpoint-193/rng_state.pth:  77%|███████▋  | 11.3kB / 14.6kB            #033[A#033[A
[2026-05-31T06:57:27.041000+00:00] ...eckpoint-193/optimizer.pt: 100%|█████████▉|  268MB /  269MB            #033[A#033[A#033[A
[2026-05-31T06:57:27.041000+00:00] ...l/model/model.safetensors:  99%|█████████▉| 14.5GB / 14.6GB            #033[A#033[A#033[A#033[A
[2026-05-31T06:57:27.041000+00:00] ...adapter_model.safetensors: 100%|█████████▉|  134MB /  134MB            #033[A#033[A#033[A#033[A#033[A
[2026-05-31T06:57:27.041000+00:00] ...eckpoint-193/scheduler.pt: 100%|██████████| 1.47kB / 1.47kB            #033[A#033[A#033[A#033[A#033[A#033[A#015Processing Files (1 / 5)      :  99%|█████████▉| 14.9GB / 15.0GB,  553MB/s  
[2026-05-31T06:57:27.041000+00:00] #015New Data Upload               :  99%|█████████▊| 4.96GB / 5.03GB,  195MB/s  #033[A
[2026-05-31T06:57:28.041000+00:00] ...ckpoint-193/rng_state.pth:  77%|███████▋  | 11.3kB / 14.6kB            #033[A#033[A
[2026-05-31T06:57:28.042000+00:00] ...eckpoint-193/optimizer.pt: 100%|█████████▉|  268MB /  269MB            #033[A#033[A#033[A
[2026-05-31T06:57:28.042000+00:00] ...l/model/model.safetensors: 100%|█████████▉| 14.5GB / 14.6GB            #033[A#033[A#033[A#033[A
[2026-05-31T06:57:28.042000+00:00] ...adapter_model.safetensors: 100%|█████████▉|  134MB /  134MB            #033[A#033[A#033[A#033[A#033[A
[2026-05-31T06:57:28.042000+00:00] #015  ...eckpoint-193/scheduler.pt: 100%|██████████| 1.47kB / 1.47kB            #033[A#033[A#033[A#033[A#033[A#033[A
[2026-05-31T06:57:28.042000+00:00] Processing Files (1 / 5)      : 100%|█████████▉| 14.9GB / 15.0GB,  547MB/s  
[2026-05-31T06:57:28.042000+00:00] #015New Data Upload               :  99%|█████████▉| 5.01GB / 5.06GB,  195MB/s  #033[A
[2026-05-31T06:57:28.042000+00:00] ...int-193/training_args.bin:  99%|█████████▉| 5.55kB / 5.58kB            #033[A#033[A#033[A#033[A#033[A#033[A#033[A
[2026-05-31T06:57:28.042000+00:00] ...ckpoint-193/rng_state.pth: 100%|█████████▉| 14.6kB / 14.6kB            #033[A#033[A
[2026-05-31T06:57:28.042000+00:00] ...eckpoint-193/optimizer.pt: 100%|█████████▉|  269MB /  269MB            #033[A#033[A#033[A
[2026-05-31T06:57:28.042000+00:00] ...l/model/model.safetensors: 100%|█████████▉| 14.6GB / 14.6GB            #033[A#033[A#033[A#033[A
[2026-05-31T06:57:28.042000+00:00] ...adapter_model.safetensors: 100%|█████████▉|  134MB /  134MB            #033[A#033[A#033[A#033[A#033[A
[2026-05-31T06:57:28.042000+00:00] ...eckpoint-193/scheduler.pt: 100%|██████████| 1.47kB / 1.47kB            #033[A#033[A#033[A#033[A#033[A#033[A
[2026-05-31T06:57:28.042000+00:00] ...int-193/training_args.bin:  99%|█████████▉| 5.55kB / 5.58kB            #033[A#033[A#033[A#033[A#033[A#033[A#033[A
[2026-05-31T06:57:28.042000+00:00] Processing Files (1 / 6)      : 100%|█████████▉| 15.0GB / 15.0GB,  552MB/s
[2026-05-31T06:57:28.042000+00:00] New Data Upload               : 100%|█████████▉| 5.06GB / 5.06GB,  200MB/s  #033[A
[2026-05-31T06:57:28.042000+00:00] ...ckpoint-193/rng_state.pth: 100%|█████████▉| 14.6kB / 14.6kB            #033[A#033[A
[2026-05-31T06:57:28.042000+00:00] ...eckpoint-193/optimizer.pt: 100%|█████████▉|  269MB /  269MB            #033[A#033[A#033[A
[2026-05-31T06:57:28.042000+00:00] ...l/model/model.safetensors: 100%|█████████▉| 14.6GB / 14.6GB            #033[A#033[A#033[A#033[A
[2026-05-31T06:57:28.042000+00:00] ...adapter_model.safetensors: 100%|█████████▉|  134MB /  134MB            #033[A#033[A#033[A#033[A#033[A
[2026-05-31T06:57:28.042000+00:00] ...eckpoint-193/scheduler.pt: 100%|██████████| 1.47kB / 1.47kB            #033[A#033[A#033[A#033[A#033[A#033[A
[2026-05-31T06:57:28.042000+00:00] ...int-193/training_args.bin:  99%|█████████▉| 5.55kB / 5.58kB            #033[A#033[A#033[A#033[A#033[A#033[A#033[A
[2026-05-31T06:57:28.042000+00:00] ...ckpoint-193/rng_state.pth: 100%|██████████| 14.6kB / 14.6kB            #033[A#033[A
[2026-05-31T06:57:28.042000+00:00] ...eckpoint-193/optimizer.pt: 100%|██████████|  269MB /  269MB            #033[A#033[A#033[A
[2026-05-31T06:57:28.042000+00:00] ...l/model/model.safetensors: 100%|█████████▉| 14.6GB / 14.6GB            #033[A#033[A#033[A#033[A
[2026-05-31T06:57:28.043000+00:00] ...adapter_model.safetensors: 100%|██████████|  134MB /  134MB            #033[A#033[A#033[A#033[A#033[A
[2026-05-31T06:57:28.043000+00:00] ...eckpoint-193/scheduler.pt: 100%|██████████| 1.47kB / 1.47kB            #033[A#033[A#033[A#033[A#033[A#033[A
[2026-05-31T06:57:28.043000+00:00] ...int-193/training_args.bin: 100%|██████████| 5.58kB / 5.58kB            #033[A#033[A#033[A#033[A#033[A#033[A#033[A
[2026-05-31T06:57:28.043000+00:00] Processing Files (5 / 6)      : 100%|█████████▉| 15.0GB / 15.0GB,  539MB/s
[2026-05-31T06:57:28.043000+00:00] New Data Upload               : 100%|█████████▉| 5.06GB / 5.06GB,  187MB/s  #033[A
[2026-05-31T06:57:28.043000+00:00] ...ckpoint-193/rng_state.pth: 100%|██████████| 14.6kB / 14.6kB            #033[A#033[A
[2026-05-31T06:57:28.043000+00:00] ...eckpoint-193/optimizer.pt: 100%|██████████|  269MB /  269MB            #033[A#033[A#033[A
[2026-05-31T06:57:28.043000+00:00] ...l/model/model.safetensors: 100%|█████████▉| 14.6GB / 14.6GB            #033[A#033[A#033[A#033[A
[2026-05-31T06:57:28.043000+00:00] ...adapter_model.safetensors: 100%|██████████|  134MB /  134MB            #033[A#033[A#033[A#033[A#033[A
[2026-05-31T06:57:28.043000+00:00] ...eckpoint-193/scheduler.pt: 100%|██████████| 1.47kB / 1.47kB            #033[A#033[A#033[A#033[A#033[A#033[A
[2026-05-31T06:57:28.043000+00:00] ...int-193/training_args.bin: 100%|██████████| 5.58kB / 5.58kB            #033[A#033[A#033[A#033[A#033[A#033[A#033[A
[2026-05-31T06:57:28.043000+00:00] Processing Files (5 / 6)      : 100%|█████████▉| 15.0GB / 15.0GB,  530MB/s
[2026-05-31T06:57:28.043000+00:00] New Data Upload               : 100%|█████████▉| 5.06GB / 5.06GB,  187MB/s  #033[A
[2026-05-31T06:57:29.043000+00:00] ...ckpoint-193/rng_state.pth: 100%|██████████| 14.6kB / 14.6kB            #033[A#033[A
[2026-05-31T06:57:29.043000+00:00] ...eckpoint-193/optimizer.pt: 100%|██████████|  269MB /  269MB            #033[A#033[A#033[A
[2026-05-31T06:57:29.043000+00:00] ...l/model/model.safetensors: 100%|█████████▉| 14.6GB / 14.6GB            #033[A#033[A#033[A#033[A
[2026-05-31T06:57:29.043000+00:00] ...adapter_model.safetensors: 100%|██████████|  134MB /  134MB            #033[A#033[A#033[A#033[A#033[A
[2026-05-31T06:57:29.043000+00:00] ...eckpoint-193/scheduler.pt: 100%|██████████| 1.47kB / 1.47kB            #033[A#033[A#033[A#033[A#033[A#033[A
[2026-05-31T06:57:29.043000+00:00] ...int-193/training_args.bin: 100%|██████████| 5.58kB / 5.58kB            #033[A#033[A#033[A#033[A#033[A#033[A#033[A
[2026-05-31T06:57:29.043000+00:00] ...ckpoint-193/rng_state.pth: 100%|██████████| 14.6kB / 14.6kB            #033[A#033[A
[2026-05-31T06:57:29.043000+00:00] ...eckpoint-193/optimizer.pt: 100%|██████████|  269MB /  269MB            #033[A#033[A#033[A
[2026-05-31T06:57:29.043000+00:00] ...l/model/model.safetensors: 100%|█████████▉| 14.6GB / 14.6GB            #033[A#033[A#033[A#033[A
[2026-05-31T06:57:29.044000+00:00] ...adapter_model.safetensors: 100%|██████████|  134MB /  134MB            #033[A#033[A#033[A#033[A#033[A
[2026-05-31T06:57:29.044000+00:00] ...eckpoint-193/scheduler.pt: 100%|██████████| 1.47kB / 1.47kB            #033[A#033[A#033[A#033[A#033[A#033[A
[2026-05-31T06:57:29.044000+00:00] ...int-193/training_args.bin: 100%|██████████| 5.58kB / 5.58kB            #033[A#033[A#033[A#033[A#033[A#033[A#033[A
[2026-05-31T06:57:29.044000+00:00] ...ckpoint-193/rng_state.pth: 100%|██████████| 14.6kB / 14.6kB            #033[A#033[A
[2026-05-31T06:57:29.044000+00:00] ...eckpoint-193/optimizer.pt: 100%|██████████|  269MB /  269MB            #033[A#033[A#033[A
[2026-05-31T06:57:29.044000+00:00] ...l/model/model.safetensors: 100%|█████████▉| 14.6GB / 14.6GB            #033[A#033[A#033[A#033[A
[2026-05-31T06:57:29.044000+00:00] ...adapter_model.safetensors: 100%|██████████|  134MB /  134MB            #033[A#033[A#033[A#033[A#033[A
[2026-05-31T06:57:29.044000+00:00] ...eckpoint-193/scheduler.pt: 100%|██████████| 1.47kB / 1.47kB            #033[A#033[A#033[A#033[A#033[A#033[A
[2026-05-31T06:57:29.044000+00:00] ...int-193/training_args.bin: 100%|██████████| 5.58kB / 5.58kB            #033[A#033[A#033[A#033[A#033[A#033[A#033[A
[2026-05-31T06:57:29.044000+00:00] ...ckpoint-193/rng_state.pth: 100%|██████████| 14.6kB / 14.6kB            #033[A#033[A
[2026-05-31T06:57:29.044000+00:00] ...eckpoint-193/optimizer.pt: 100%|██████████|  269MB /  269MB            #033[A#033[A#033[A
[2026-05-31T06:57:29.044000+00:00] ...l/model/model.safetensors: 100%|█████████▉| 14.6GB / 14.6GB            #033[A#033[A#033[A#033[A
[2026-05-31T06:57:29.044000+00:00] ...adapter_model.safetensors: 100%|██████████|  134MB /  134MB            #033[A#033[A#033[A#033[A#033[A
[2026-05-31T06:57:29.044000+00:00] ...eckpoint-193/scheduler.pt: 100%|██████████| 1.47kB / 1.47kB            #033[A#033[A#033[A#033[A#033[A#033[A
[2026-05-31T06:57:29.044000+00:00] ...int-193/training_args.bin: 100%|██████████| 5.58kB / 5.58kB            #033[A#033[A#033[A#033[A#033[A#033[A#033[A
[2026-05-31T06:57:29.044000+00:00] ...ckpoint-193/rng_state.pth: 100%|██████████| 14.6kB / 14.6kB            #033[A#033[A
[2026-05-31T06:57:29.044000+00:00] ...eckpoint-193/optimizer.pt: 100%|██████████|  269MB /  269MB            #033[A#033[A#033[A
[2026-05-31T06:57:29.044000+00:00] ...l/model/model.safetensors: 100%|█████████▉| 14.6GB / 14.6GB            #033[A#033[A#033[A#033[A
[2026-05-31T06:57:29.044000+00:00] ...adapter_model.safetensors: 100%|██████████|  134MB /  134MB            #033[A#033[A#033[A#033[A#033[A
[2026-05-31T06:57:29.044000+00:00] ...eckpoint-193/scheduler.pt: 100%|██████████| 1.47kB / 1.47kB            #033[A#033[A#033[A#033[A#033[A#033[A
[2026-05-31T06:57:29.044000+00:00] ...int-193/training_args.bin: 100%|██████████| 5.58kB / 5.58kB            #033[A#033[A#033[A#033[A#033[A#033[A#033[A
[2026-05-31T06:57:30.045000+00:00] ...ckpoint-193/rng_state.pth: 100%|██████████| 14.6kB / 14.6kB            #033[A#033[A
[2026-05-31T06:57:30.045000+00:00] ...eckpoint-193/optimizer.pt: 100%|██████████|  269MB /  269MB            #033[A#033[A#033[A
[2026-05-31T06:57:30.045000+00:00] ...l/model/model.safetensors: 100%|█████████▉| 14.6GB / 14.6GB            #033[A#033[A#033[A#033[A
[2026-05-31T06:57:30.045000+00:00] ...adapter_model.safetensors: 100%|██████████|  134MB /  134MB            #033[A#033[A#033[A#033[A#033[A
[2026-05-31T06:57:30.045000+00:00] ...eckpoint-193/scheduler.pt: 100%|██████████| 1.47kB / 1.47kB            #033[A#033[A#033[A#033[A#033[A#033[A
[2026-05-31T06:57:30.045000+00:00] ...int-193/training_args.bin: 100%|██████████| 5.58kB / 5.58kB            #033[A#033[A#033[A#033[A#033[A#033[A#033[A
[2026-05-31T06:57:30.045000+00:00] ...ckpoint-193/rng_state.pth: 100%|██████████| 14.6kB / 14.6kB            #033[A#033[A
[2026-05-31T06:57:30.045000+00:00] ...eckpoint-193/optimizer.pt: 100%|██████████|  269MB /  269MB            #033[A#033[A#033[A
[2026-05-31T06:57:30.045000+00:00] ...l/model/model.safetensors: 100%|█████████▉| 14.6GB / 14.6GB            #033[A#033[A#033[A#033[A
[2026-05-31T06:57:30.045000+00:00] ...adapter_model.safetensors: 100%|██████████|  134MB /  134MB            #033[A#033[A#033[A#033[A#033[A
[2026-05-31T06:57:30.045000+00:00] ...eckpoint-193/scheduler.pt: 100%|██████████| 1.47kB / 1.47kB            #033[A#033[A#033[A#033[A#033[A#033[A
[2026-05-31T06:57:30.045000+00:00] ...int-193/training_args.bin: 100%|██████████| 5.58kB / 5.58kB            #033[A#033[A#033[A#033[A#033[A#033[A#033[A
[2026-05-31T06:57:30.045000+00:00] ...ckpoint-193/rng_state.pth: 100%|██████████| 14.6kB / 14.6kB            #033[A#033[A
[2026-05-31T06:57:30.045000+00:00] ...eckpoint-193/optimizer.pt: 100%|██████████|  269MB /  269MB            #033[A#033[A#033[A
[2026-05-31T06:57:30.045000+00:00] ...l/model/model.safetensors: 100%|█████████▉| 14.6GB / 14.6GB            #033[A#033[A#033[A#033[A
[2026-05-31T06:57:30.045000+00:00] ...adapter_model.safetensors: 100%|██████████|  134MB /  134MB            #033[A#033[A#033[A#033[A#033[A
[2026-05-31T06:57:30.045000+00:00] ...eckpoint-193/scheduler.pt: 100%|██████████| 1.47kB / 1.47kB
[2026-05-31T06:57:30.046000+00:00] #033[A#033[A#033[A#033[A#033[A#033[A
[2026-05-31T06:57:30.046000+00:00] ...int-193/training_args.bin: 100%|██████████| 5.58kB / 5.58kB            #033[A#033[A#033[A#033[A#033[A#033[A#033[A
[2026-05-31T06:57:30.046000+00:00] ...ckpoint-193/rng_state.pth: 100%|██████████| 14.6kB / 14.6kB            #033[A#033[A
[2026-05-31T06:57:30.046000+00:00] ...eckpoint-193/optimizer.pt: 100%|██████████|  269MB /  269MB            #033[A#033[A#033[A
[2026-05-31T06:57:30.046000+00:00] ...l/model/model.safetensors: 100%|█████████▉| 14.6GB / 14.6GB            #033[A#033[A#033[A#033[A
[2026-05-31T06:57:30.046000+00:00] ...adapter_model.safetensors: 100%|██████████|  134MB /  134MB            #033[A#033[A#033[A#033[A#033[A
[2026-05-31T06:57:30.046000+00:00] ...eckpoint-193/scheduler.pt: 100%|██████████| 1.47kB / 1.47kB            #033[A#033[A#033[A#033[A#033[A#033[A
[2026-05-31T06:57:30.046000+00:00] ...int-193/training_args.bin: 100%|██████████| 5.58kB / 5.58kB            #033[A#033[A#033[A#033[A#033[A#033[A#033[A
[2026-05-31T06:57:30.046000+00:00] ...ckpoint-193/rng_state.pth: 100%|██████████| 14.6kB / 14.6kB            #033[A#033[A
[2026-05-31T06:57:30.046000+00:00] ...eckpoint-193/optimizer.pt: 100%|██████████|  269MB /  269MB            #033[A#033[A#033[A
[2026-05-31T06:57:30.046000+00:00] #015  ...l/model/model.safetensors: 100%|█████████▉| 14.6GB / 14.6GB            #033[A#033[A#033[A#033[A
[2026-05-31T06:57:30.046000+00:00] ...adapter_model.safetensors: 100%|██████████|  134MB /  134MB            #033[A#033[A#033[A#033[A#033[A
[2026-05-31T06:57:30.046000+00:00] #015  ...eckpoint-193/scheduler.pt: 100%|██████████| 1.47kB / 1.47kB            #033[A#033[A#033[A#033[A#033[A#033[A
[2026-05-31T06:57:30.046000+00:00] #015  ...int-193/training_args.bin: 100%|██████████| 5.58kB / 5.58kB            #033[A#033[A#033[A#033[A#033[A#033[A#033[A
[2026-05-31T06:57:31.046000+00:00] ...ckpoint-193/rng_state.pth: 100%|██████████| 14.6kB / 14.6kB            #033[A#033[A
[2026-05-31T06:57:31.046000+00:00] ...eckpoint-193/optimizer.pt: 100%|██████████|  269MB /  269MB            #033[A#033[A#033[A
[2026-05-31T06:57:31.046000+00:00] ...l/model/model.safetensors: 100%|█████████▉| 14.6GB / 14.6GB            #033[A#033[A#033[A#033[A
[2026-05-31T06:57:31.046000+00:00] ...adapter_model.safetensors: 100%|██████████|  134MB /  134MB            #033[A#033[A#033[A#033[A#033[A
[2026-05-31T06:57:31.046000+00:00] ...eckpoint-193/scheduler.pt: 100%|██████████| 1.47kB / 1.47kB            #033[A#033[A#033[A#033[A#033[A#033[A
[2026-05-31T06:57:31.046000+00:00] ...int-193/training_args.bin: 100%|██████████| 5.58kB / 5.58kB            #033[A#033[A#033[A#033[A#033[A#033[A#033[A
[2026-05-31T06:57:31.046000+00:00] ...ckpoint-193/rng_state.pth: 100%|██████████| 14.6kB / 14.6kB            #033[A#033[A
[2026-05-31T06:57:31.046000+00:00] ...eckpoint-193/optimizer.pt: 100%|██████████|  269MB /  269MB            #033[A#033[A#033[A
[2026-05-31T06:57:31.046000+00:00] ...l/model/model.safetensors: 100%|█████████▉| 14.6GB / 14.6GB            #033[A#033[A#033[A#033[A
[2026-05-31T06:57:31.046000+00:00] ...adapter_model.safetensors: 100%|██████████|  134MB /  134MB            #033[A#033[A#033[A#033[A#033[A
[2026-05-31T06:57:31.047000+00:00] ...eckpoint-193/scheduler.pt: 100%|██████████| 1.47kB / 1.47kB
[2026-05-31T06:57:31.047000+00:00] #033[A#033[A#033[A#033[A#033[A#033[A
[2026-05-31T06:57:31.047000+00:00] ...int-193/training_args.bin: 100%|██████████| 5.58kB / 5.58kB            #033[A#033[A#033[A#033[A#033[A#033[A#033[A
[2026-05-31T06:57:31.047000+00:00] ...ckpoint-193/rng_state.pth: 100%|██████████| 14.6kB / 14.6kB            #033[A#033[A
[2026-05-31T06:57:31.047000+00:00] ...eckpoint-193/optimizer.pt: 100%|██████████|  269MB /  269MB            #033[A#033[A#033[A
[2026-05-31T06:57:31.047000+00:00] ...l/model/model.safetensors: 100%|█████████▉| 14.6GB / 14.6GB            #033[A#033[A#033[A#033[A
[2026-05-31T06:57:31.047000+00:00] ...adapter_model.safetensors: 100%|██████████|  134MB /  134MB            #033[A#033[A#033[A#033[A#033[A
[2026-05-31T06:57:31.047000+00:00] ...eckpoint-193/scheduler.pt: 100%|██████████| 1.47kB / 1.47kB            #033[A#033[A#033[A#033[A#033[A#033[A
[2026-05-31T06:57:31.047000+00:00] ...int-193/training_args.bin: 100%|██████████| 5.58kB / 5.58kB            #033[A#033[A#033[A#033[A#033[A#033[A#033[A
[2026-05-31T06:57:31.047000+00:00] ...ckpoint-193/rng_state.pth: 100%|██████████| 14.6kB / 14.6kB            #033[A#033[A
[2026-05-31T06:57:31.047000+00:00] ...eckpoint-193/optimizer.pt: 100%|██████████|  269MB /  269MB            #033[A#033[A#033[A
[2026-05-31T06:57:31.047000+00:00] ...l/model/model.safetensors: 100%|█████████▉| 14.6GB / 14.6GB            #033[A#033[A#033[A#033[A
[2026-05-31T06:57:31.047000+00:00] ...adapter_model.safetensors: 100%|██████████|  134MB /  134MB            #033[A#033[A#033[A#033[A#033[A
[2026-05-31T06:57:31.047000+00:00] ...eckpoint-193/scheduler.pt: 100%|██████████| 1.47kB / 1.47kB            #033[A#033[A#033[A#033[A#033[A#033[A
[2026-05-31T06:57:31.047000+00:00] ...int-193/training_args.bin: 100%|██████████| 5.58kB / 5.58kB            #033[A#033[A#033[A#033[A#033[A#033[A#033[A
[2026-05-31T06:57:31.047000+00:00] ...ckpoint-193/rng_state.pth: 100%|██████████| 14.6kB / 14.6kB            #033[A#033[A
[2026-05-31T06:57:31.047000+00:00] ...eckpoint-193/optimizer.pt: 100%|██████████|  269MB /  269MB            #033[A#033[A#033[A
[2026-05-31T06:57:31.047000+00:00] ...l/model/model.safetensors: 100%|█████████▉| 14.6GB / 14.6GB            #033[A#033[A#033[A#033[A
[2026-05-31T06:57:31.047000+00:00] ...adapter_model.safetensors: 100%|██████████|  134MB /  134MB            #033[A#033[A#033[A#033[A#033[A
[2026-05-31T06:57:31.047000+00:00] ...eckpoint-193/scheduler.pt: 100%|██████████| 1.47kB / 1.47kB            #033[A#033[A#033[A#033[A#033[A#033[A
[2026-05-31T06:57:31.047000+00:00] ...int-193/training_args.bin: 100%|██████████| 5.58kB / 5.58kB            #033[A#033[A#033[A#033[A#033[A#033[A#033[A
[2026-05-31T06:57:32.048000+00:00] ...ckpoint-193/rng_state.pth: 100%|██████████| 14.6kB / 14.6kB            #033[A#033[A
[2026-05-31T06:57:32.048000+00:00] ...eckpoint-193/optimizer.pt: 100%|██████████|  269MB /  269MB            #033[A#033[A#033[A
[2026-05-31T06:57:32.048000+00:00] ...l/model/model.safetensors: 100%|█████████▉| 14.6GB / 14.6GB            #033[A#033[A#033[A#033[A
[2026-05-31T06:57:32.048000+00:00] ...adapter_model.safetensors: 100%|██████████|  134MB /  134MB            #033[A#033[A#033[A#033[A#033[A
[2026-05-31T06:57:32.048000+00:00] ...eckpoint-193/scheduler.pt: 100%|██████████| 1.47kB / 1.47kB            #033[A#033[A#033[A#033[A#033[A#033[A
[2026-05-31T06:57:32.048000+00:00] ...int-193/training_args.bin: 100%|██████████| 5.58kB / 5.58kB            #033[A#033[A#033[A#033[A#033[A#033[A#033[A
[2026-05-31T06:57:32.048000+00:00] ...ckpoint-193/rng_state.pth: 100%|██████████| 14.6kB / 14.6kB            #033[A#033[A
[2026-05-31T06:57:32.048000+00:00] ...eckpoint-193/optimizer.pt: 100%|██████████|  269MB /  269MB            #033[A#033[A#033[A
[2026-05-31T06:57:32.048000+00:00] ...l/model/model.safetensors: 100%|██████████| 14.6GB / 14.6GB            #033[A#033[A#033[A#033[A
[2026-05-31T06:57:32.048000+00:00] ...adapter_model.safetensors: 100%|██████████|  134MB /  134MB            #033[A#033[A#033[A#033[A#033[A
[2026-05-31T06:57:32.048000+00:00] ...eckpoint-193/scheduler.pt: 100%|██████████| 1.47kB / 1.47kB            #033[A#033[A#033[A#033[A#033[A#033[A
[2026-05-31T06:57:32.048000+00:00] ...int-193/training_args.bin: 100%|██████████| 5.58kB / 5.58kB            #033[A#033[A#033[A#033[A#033[A#033[A#033[A
[2026-05-31T06:57:32.048000+00:00] Processing Files (6 / 6)      : 100%|██████████| 15.0GB / 15.0GB,  332MB/s
[2026-05-31T06:57:32.048000+00:00] New Data Upload               : 100%|██████████| 5.06GB / 5.06GB,  122MB/s  #033[A
[2026-05-31T06:57:32.048000+00:00] ...ckpoint-193/rng_state.pth: 100%|██████████| 14.6kB / 14.6kB            #033[A#033[A
[2026-05-31T06:57:32.048000+00:00] ...eckpoint-193/optimizer.pt: 100%|██████████|  269MB /  269MB            #033[A#033[A#033[A
[2026-05-31T06:57:32.048000+00:00] ...l/model/model.safetensors: 100%|██████████| 14.6GB / 14.6GB            #033[A#033[A#033[A#033[A
[2026-05-31T06:57:32.048000+00:00] ...adapter_model.safetensors: 100%|██████████|  134MB /  134MB            #033[A#033[A#033[A#033[A#033[A
[2026-05-31T06:57:32.048000+00:00] ...eckpoint-193/scheduler.pt: 100%|██████████| 1.47kB / 1.47kB            #033[A#033[A#033[A#033[A#033[A#033[A
[2026-05-31T06:57:32.048000+00:00] ...int-193/training_args.bin: 100%|██████████| 5.58kB / 5.58kB
[2026-05-31T06:57:32.048000+00:00] #033[A#033[A#033[A#033[A#033[A#033[A#033[A
[2026-05-31T06:57:32.048000+00:00] ...ckpoint-193/rng_state.pth: 100%|██████████| 14.6kB / 14.6kB            #033[A#033[A
[2026-05-31T06:57:32.048000+00:00] ...eckpoint-193/optimizer.pt: 100%|██████████|  269MB /  269MB            #033[A#033[A#033[A
[2026-05-31T06:57:32.048000+00:00] ...l/model/model.safetensors: 100%|██████████| 14.6GB / 14.6GB            #033[A#033[A#033[A#033[A
[2026-05-31T06:57:32.048000+00:00] ...adapter_model.safetensors: 100%|██████████|  134MB /  134MB            #033[A#033[A#033[A#033[A#033[A
[2026-05-31T06:57:32.048000+00:00] #015  ...eckpoint-193/scheduler.pt: 100%|██████████| 1.47kB / 1.47kB            #033[A#033[A#033[A#033[A#033[A#033[A
[2026-05-31T06:57:32.048000+00:00] ...int-193/training_args.bin: 100%|██████████| 5.58kB / 5.58kB            #033[A#033[A#033[A#033[A#033[A#033[A#033[A
[2026-05-31T06:57:32.048000+00:00] ...ckpoint-193/rng_state.pth: 100%|██████████| 14.6kB / 14.6kB            #033[A#033[A
[2026-05-31T06:57:32.048000+00:00] ...eckpoint-193/optimizer.pt: 100%|██████████|  269MB /  269MB            #033[A#033[A#033[A
[2026-05-31T06:57:32.048000+00:00] ...l/model/model.safetensors: 100%|██████████| 14.6GB / 14.6GB            #033[A#033[A#033[A#033[A
[2026-05-31T06:57:32.048000+00:00] ...adapter_model.safetensors: 100%|██████████|  134MB /  134MB            #033[A#033[A#033[A#033[A#033[A
[2026-05-31T06:57:32.048000+00:00] ...eckpoint-193/scheduler.pt: 100%|██████████| 1.47kB / 1.47kB            #033[A#033[A#033[A#033[A#033[A#033[A
[2026-05-31T06:57:32.048000+00:00] ...int-193/training_args.bin: 100%|██████████| 5.58kB / 5.58kB            #033[A#033[A#033[A#033[A#033[A#033[A#033[A
[2026-05-31T06:57:32.048000+00:00] ...ckpoint-193/rng_state.pth: 100%|██████████| 14.6kB / 14.6kB            #033[A#033[A
[2026-05-31T06:57:32.048000+00:00] ...eckpoint-193/optimizer.pt: 100%|██████████|  269MB /  269MB            #033[A#033[A#033[A
[2026-05-31T06:57:32.048000+00:00] ...l/model/model.safetensors: 100%|██████████| 14.6GB / 14.6GB            #033[A#033[A#033[A#033[A
[2026-05-31T06:57:32.048000+00:00] ...adapter_model.safetensors: 100%|██████████|  134MB /  134MB            #033[A#033[A#033[A#033[A#033[A
[2026-05-31T06:57:32.048000+00:00] ...eckpoint-193/scheduler.pt: 100%|██████████| 1.47kB / 1.47kB            #033[A#033[A#033[A#033[A#033[A#033[A
[2026-05-31T06:57:32.048000+00:00] ...int-193/training_args.bin: 100%|██████████| 5.58kB / 5.58kB            #033[A#033[A#033[A#033[A#033[A#033[A#033[A
[2026-05-31T06:57:32.048000+00:00] Processing Files (6 / 6)      : 100%|██████████| 15.0GB / 15.0GB,  298MB/s
[2026-05-31T06:57:32.048000+00:00] New Data Upload               : 100%|██████████| 5.06GB / 5.06GB,  111MB/s
[2026-05-31T06:57:32.048000+00:00] ...ckpoint-193/rng_state.pth: 100%|██████████| 14.6kB / 14.6kB
[2026-05-31T06:57:32.048000+00:00] ...eckpoint-193/optimizer.pt: 100%|██████████|  269MB /  269MB
[2026-05-31T06:57:32.048000+00:00] ...l/model/model.safetensors: 100%|██████████| 14.6GB / 14.6GB
[2026-05-31T06:57:32.048000+00:00] ...adapter_model.safetensors: 100%|██████████|  134MB /  134MB
[2026-05-31T06:57:32.048000+00:00] ...eckpoint-193/scheduler.pt: 100%|██████████| 1.47kB / 1.47kB
[2026-05-31T06:57:32.048000+00:00] ...int-193/training_args.bin: 100%|██████████| 5.58kB / 5.58kB
[2026-05-31T06:57:37.050000+00:00] 2026-05-31 06:57:36,630 sagemaker-training-toolkit INFO     Waiting for the process to finish and give a return code.
[2026-05-31T06:57:37.050000+00:00] 2026-05-31 06:57:36,630 sagemaker-training-toolkit INFO     Done waiting for a return code. Received 0 from exiting process.
[2026-05-31T06:57:37.050000+00:00] 2026-05-31 06:57:36,630 sagemaker-training-toolkit INFO     Reporting training SUCCESS
