==== stream: olmo2-7b-finetuned-2026-05-31-04-01-56-210/algo-1-1780200181 ====
[2026-05-31T04:06:54.691000+00:00] bash: cannot set terminal process group (-1): Inappropriate ioctl for device
[2026-05-31T04:06:54.691000+00:00] bash: no job control in this shell
[2026-05-31T04:06:56.692000+00:00] CUDA compat package should be installed for NVIDIA driver smaller than 580.126.20
[2026-05-31T04:06:56.692000+00:00] Current installed NVIDIA driver version is 570.211.01
[2026-05-31T04:06:56.692000+00:00] Adding CUDA compat to LD_LIBRARY_PATH
[2026-05-31T04:06:56.692000+00:00] /usr/local/cuda/compat:/usr/local/lib:/opt/amazon/ofi-nccl/lib:/opt/amazon/openmpi/lib:/opt/amazon/efa/lib:/usr/local/cuda/lib64:/usr/local/lib:/usr/local/cuda/lib64:/opt/amazon/ofi-nccl/lib:/opt/amazon/efa/lib:/opt/amazon/openmpi/lib:/usr/local/nvidia/lib:/usr/local/nvidia/lib64:/usr/local/cuda/lib64
[2026-05-31T04:06:56.692000+00:00] 2026-05-31 04:06:56,072 sagemaker-training-toolkit INFO     Imported framework sagemaker_pytorch_container.training
[2026-05-31T04:06:56.692000+00:00] 2026-05-31 04:06:56,090 sagemaker-training-toolkit INFO     No Neurons detected (normal if no neurons installed)
[2026-05-31T04:06:56.692000+00:00] 2026-05-31 04:06:56,108 sagemaker_pytorch_container.training INFO     Block until all host DNS lookups succeed.
[2026-05-31T04:06:56.692000+00:00] 2026-05-31 04:06:56,110 sagemaker_pytorch_container.training INFO     Invoking user training script.
[2026-05-31T04:06:57.692000+00:00] 2026-05-31 04:06:57,131 sagemaker-training-toolkit INFO     Provided path: /opt/ml/code  is empty, unzipping
[2026-05-31T04:06:57.692000+00:00] 2026-05-31 04:06:57,599 sagemaker-training-toolkit INFO     No Neurons detected (normal if no neurons installed)
[2026-05-31T04:06:57.692000+00:00] 2026-05-31 04:06:57,631 sagemaker-training-toolkit INFO     No Neurons detected (normal if no neurons installed)
[2026-05-31T04:06:57.692000+00:00] 2026-05-31 04:06:57,669 sagemaker-training-toolkit INFO     No Neurons detected (normal if no neurons installed)
[2026-05-31T04:06:57.692000+00:00] 2026-05-31 04:06:57,678 sagemaker-training-toolkit INFO     Invoking user script
[2026-05-31T04:06:57.692000+00:00] Training Env:
[2026-05-31T04:06:57.693000+00:00] {
    "additional_framework_parameters": {},
    "channel_input_dirs": {
        "training": "/opt/ml/input/data/training"
    },
    "current_host": "algo-1",
    "current_instance_group": "homogeneousCluster",
    "current_instance_group_hosts": [
        "algo-1"
    ],
    "current_instance_type": "ml.g6e.2xlarge",
    "distribution_hosts": [],
    "distribution_instance_groups": [],
    "framework_module": "sagemaker_pytorch_container.training:main",
    "hosts": [
        "algo-1"
    ],
    "hyperparameters": {
        "base_model": "allenai/OLMo-2-1124-7B-Instruct",
        "batch_size": 8,
        "epochs": 6,
        "gradient_accumulation": 1,
        "hub_model_id": "iamraymondlow/olmo2_7b-finetuned",
        "lora_alpha": 64,
        "lora_dropout": 0.05,
        "lora_r": 32,
        "lora_target_modules": "q_proj,k_proj,v_proj,o_proj",
        "lr": 0.0002,
        "max_grad_norm": 1.0,
        "max_seq_length": 2048,
        "seed": 42,
        "warmup_ratio": 0.03,
        "weight_decay": 0.01
    },
    "input_config_dir": "/opt/ml/input/config",
    "input_data_config": {
        "training": {
            "TrainingInputMode": "File",
            "S3DistributionType": "FullyReplicated",
            "RecordWrapperType": "None"
        }
    },
    "input_dir": "/opt/ml/input",
    "instance_groups": [
        "homogeneousCluster"
    ],
    "instance_groups_dict": {
        "homogeneousCluster": {
            "instance_group_name": "homogeneousCluster",
            "instance_type": "ml.g6e.2xlarge",
            "hosts": [
                "algo-1"
            ]
        }
    },
    "is_hetero": false,
    "is_master": true,
    "is_modelparallel_enabled": null,
    "is_smddpmprun_installed": false,
    "is_smddprun_installed": false,
    "job_name": "olmo2-7b-finetuned-2026-05-31-04-01-56-210",
    "log_level": 20,
    "master_hostname": "algo-1",
    "model_dir": "/opt/ml/model",
    "module_dir": "s3://sagemaker-us-east-1-858486579140/olmo2-7b-finetuned-2026-05-31-04-01-56-210/source/sourcedir.tar.gz",
    "module_name": "train",
    "network_interface_name": "eth0",
    "num_cpus": 8,
    "num_gpus": 1,
    "num_neurons": 0,
    "output_data_dir": "/opt/ml/output/data",
    "output_dir": "/opt/ml/output",
    "output_intermediate_dir": "/opt/ml/output/intermediate",
    "resource_config": {
        "current_host": "algo-1",
        "current_instance_type": "ml.g6e.2xlarge",
        "current_group_name": "homogeneousCluster",
        "hosts": [
            "algo-1"
        ],
        "instance_groups": [
            {
                "instance_group_name": "homogeneousCluster",
                "instance_type": "ml.g6e.2xlarge",
                "hosts": [
                    "algo-1"
                ]
            }
        ],
        "network_interface_name": "eth0",
        "topology": null
    },
    "topology": null,
    "user_entry_point": "train.py"
[2026-05-31T04:06:57.693000+00:00] }
[2026-05-31T04:06:57.693000+00:00] Environment variables:
[2026-05-31T04:06:57.693000+00:00] SM_HOSTS=["algo-1"]
[2026-05-31T04:06:57.693000+00:00] SM_NETWORK_INTERFACE_NAME=eth0
[2026-05-31T04:06:57.693000+00:00] SM_HPS={"base_model":"allenai/OLMo-2-1124-7B-Instruct","batch_size":8,"epochs":6,"gradient_accumulation":1,"hub_model_id":"iamraymondlow/olmo2_7b-finetuned","lora_alpha":64,"lora_dropout":0.05,"lora_r":32,"lora_target_modules":"q_proj,k_proj,v_proj,o_proj","lr":0.0002,"max_grad_norm":1.0,"max_seq_length":2048,"seed":42,"warmup_ratio":0.03,"weight_decay":0.01}
[2026-05-31T04:06:57.693000+00:00] SM_USER_ENTRY_POINT=train.py
[2026-05-31T04:06:57.693000+00:00] SM_FRAMEWORK_PARAMS={}
[2026-05-31T04:06:57.693000+00:00] SM_RESOURCE_CONFIG={"current_group_name":"homogeneousCluster","current_host":"algo-1","current_instance_type":"ml.g6e.2xlarge","hosts":["algo-1"],"instance_groups":[{"hosts":["algo-1"],"instance_group_name":"homogeneousCluster","instance_type":"ml.g6e.2xlarge"}],"network_interface_name":"eth0","topology":null}
[2026-05-31T04:06:57.693000+00:00] SM_INPUT_DATA_CONFIG={"training":{"RecordWrapperType":"None","S3DistributionType":"FullyReplicated","TrainingInputMode":"File"}}
[2026-05-31T04:06:57.693000+00:00] SM_OUTPUT_DATA_DIR=/opt/ml/output/data
[2026-05-31T04:06:57.693000+00:00] SM_CHANNELS=["training"]
[2026-05-31T04:06:57.693000+00:00] SM_CURRENT_HOST=algo-1
[2026-05-31T04:06:57.693000+00:00] SM_CURRENT_INSTANCE_TYPE=ml.g6e.2xlarge
[2026-05-31T04:06:57.693000+00:00] SM_CURRENT_INSTANCE_GROUP=homogeneousCluster
[2026-05-31T04:06:57.693000+00:00] SM_CURRENT_INSTANCE_GROUP_HOSTS=["algo-1"]
[2026-05-31T04:06:57.693000+00:00] SM_INSTANCE_GROUPS=["homogeneousCluster"]
[2026-05-31T04:06:57.693000+00:00] SM_INSTANCE_GROUPS_DICT={"homogeneousCluster":{"hosts":["algo-1"],"instance_group_name":"homogeneousCluster","instance_type":"ml.g6e.2xlarge"}}
[2026-05-31T04:06:57.694000+00:00] SM_DISTRIBUTION_INSTANCE_GROUPS=[]
[2026-05-31T04:06:57.694000+00:00] SM_IS_HETERO=false
[2026-05-31T04:06:57.694000+00:00] SM_MODULE_NAME=train
[2026-05-31T04:06:57.694000+00:00] SM_LOG_LEVEL=20
[2026-05-31T04:06:57.694000+00:00] SM_FRAMEWORK_MODULE=sagemaker_pytorch_container.training:main
[2026-05-31T04:06:57.694000+00:00] SM_INPUT_DIR=/opt/ml/input
[2026-05-31T04:06:57.694000+00:00] SM_INPUT_CONFIG_DIR=/opt/ml/input/config
[2026-05-31T04:06:57.694000+00:00] SM_OUTPUT_DIR=/opt/ml/output
[2026-05-31T04:06:57.694000+00:00] SM_NUM_CPUS=8
[2026-05-31T04:06:57.694000+00:00] SM_NUM_GPUS=1
[2026-05-31T04:06:57.694000+00:00] SM_NUM_NEURONS=0
[2026-05-31T04:06:57.694000+00:00] SM_MODEL_DIR=/opt/ml/model
[2026-05-31T04:06:57.694000+00:00] SM_MODULE_DIR=s3://sagemaker-us-east-1-858486579140/olmo2-7b-finetuned-2026-05-31-04-01-56-210/source/sourcedir.tar.gz
[2026-05-31T04:06:57.694000+00:00] SM_TRAINING_ENV={"additional_framework_parameters":{},"channel_input_dirs":{"training":"/opt/ml/input/data/training"},"current_host":"algo-1","current_instance_group":"homogeneousCluster","current_instance_group_hosts":["algo-1"],"current_instance_type":"ml.g6e.2xlarge","distribution_hosts":[],"distribution_instance_groups":[],"framework_module":"sagemaker_pytorch_container.training:main","hosts":["algo-1"],"hyperparameters":{"base_model":"allenai/OLMo-2-1124-7B-Instruct","batch_size":8,"epochs":6,"gradient_accumulation":1,"hub_model_id":"iamraymondlow/olmo2_7b-finetuned","lora_alpha":64,"lora_dropout":0.05,"lora_r":32,"lora_target_modules":"q_proj,k_proj,v_proj,o_proj","lr":0.0002,"max_grad_norm":1.0,"max_seq_length":2048,"seed":42,"warmup_ratio":0.03,"weight_decay":0.01},"input_config_dir":"/opt/ml/input/config","input_data_config":{"training":{"RecordWrapperType":"None","S3DistributionType":"FullyReplicated","TrainingInputMode":"File"}},"input_dir":"/opt/ml/input","instance_groups":["homogeneousCluster"],"instance_groups_dict":{"homogeneousCluster":{"hosts":["algo-1"],"instance_group_name":"homogeneousCluster","instance_type":"ml.g6e.2xlarge"}},"is_hetero":false,"is_master":true,"is_modelparallel_enabled":null,"is_smddpmprun_installed":false,"is_smddprun_installed":false,"job_name":"olmo2-7b-finetuned-2026-05-31-04-01-56-210","log_level":20,"master_hostname":"algo-1","model_dir":"/opt/ml/model","module_dir":"s3://sagemaker-us-east-1-858486579140/olmo2-7b-finetuned-2026-05-31-04-01-56-210/source/sourcedir.tar.gz","module_name":"train","network_interface_name":"eth0","num_cpus":8,"num_gpus":1,"num_neurons":0,"output_data_dir":"/opt/ml/output/data","output_dir":"/opt/ml/output","output_intermediate_dir":"/opt/ml/output/intermediate","resource_config":{"current_group_name":"homogeneousCluster","current_host":"algo-1","current_instance_type":"ml.g6e.2xlarge","hosts":["algo-1"],"instance_groups":[{"hosts":["algo-1"],"instance_group_name":"homogeneousCluster","instance_type":"ml.g6e.2xlarge"}],"network_interface_name":"eth0","topology":null},"topology":null,"user_entry_point":"train.py"}
[2026-05-31T04:06:57.694000+00:00] SM_USER_ARGS=["--base_model","allenai/OLMo-2-1124-7B-Instruct","--batch_size","8","--epochs","6","--gradient_accumulation","1","--hub_model_id","iamraymondlow/olmo2_7b-finetuned","--lora_alpha","64","--lora_dropout","0.05","--lora_r","32","--lora_target_modules","q_proj,k_proj,v_proj,o_proj","--lr","0.0002","--max_grad_norm","1.0","--max_seq_length","2048","--seed","42","--warmup_ratio","0.03","--weight_decay","0.01"]
[2026-05-31T04:06:57.694000+00:00] SM_OUTPUT_INTERMEDIATE_DIR=/opt/ml/output/intermediate
[2026-05-31T04:06:57.694000+00:00] SM_CHANNEL_TRAINING=/opt/ml/input/data/training
[2026-05-31T04:06:57.694000+00:00] SM_HP_BASE_MODEL=allenai/OLMo-2-1124-7B-Instruct
[2026-05-31T04:06:57.694000+00:00] SM_HP_BATCH_SIZE=8
[2026-05-31T04:06:57.694000+00:00] SM_HP_EPOCHS=6
[2026-05-31T04:06:57.694000+00:00] SM_HP_GRADIENT_ACCUMULATION=1
[2026-05-31T04:06:57.694000+00:00] SM_HP_HUB_MODEL_ID=iamraymondlow/olmo2_7b-finetuned
[2026-05-31T04:06:57.694000+00:00] SM_HP_LORA_ALPHA=64
[2026-05-31T04:06:57.694000+00:00] SM_HP_LORA_DROPOUT=0.05
[2026-05-31T04:06:57.694000+00:00] SM_HP_LORA_R=32
[2026-05-31T04:06:57.694000+00:00] SM_HP_LORA_TARGET_MODULES=q_proj,k_proj,v_proj,o_proj
[2026-05-31T04:06:57.694000+00:00] SM_HP_LR=0.0002
[2026-05-31T04:06:57.694000+00:00] SM_HP_MAX_GRAD_NORM=1.0
[2026-05-31T04:06:57.694000+00:00] SM_HP_MAX_SEQ_LENGTH=2048
[2026-05-31T04:06:57.694000+00:00] SM_HP_SEED=42
[2026-05-31T04:06:57.694000+00:00] SM_HP_WARMUP_RATIO=0.03
[2026-05-31T04:06:57.694000+00:00] SM_HP_WEIGHT_DECAY=0.01
[2026-05-31T04:06:57.694000+00:00] PYTHONPATH=/opt/ml/code:/usr/local/bin:/usr/local/lib/python312.zip:/usr/local/lib/python3.12:/usr/local/lib/python3.12/lib-dynload:/usr/local/lib/python3.12/site-packages
[2026-05-31T04:06:57.694000+00:00] Invoking script with the following command:
[2026-05-31T04:06:57.694000+00:00] /usr/local/bin/python train.py --base_model allenai/OLMo-2-1124-7B-Instruct --batch_size 8 --epochs 6 --gradient_accumulation 1 --hub_model_id iamraymondlow/olmo2_7b-finetuned --lora_alpha 64 --lora_dropout 0.05 --lora_r 32 --lora_target_modules q_proj,k_proj,v_proj,o_proj --lr 0.0002 --max_grad_norm 1.0 --max_seq_length 2048 --seed 42 --warmup_ratio 0.03 --weight_decay 0.01
[2026-05-31T04:06:57.694000+00:00] 2026-05-31 04:06:57,678 sagemaker-training-toolkit INFO     Exceptions not imported for SageMaker Debugger as it is not installed.
[2026-05-31T04:06:57.694000+00:00] 2026-05-31 04:06:57,679 sagemaker-training-toolkit INFO     Exceptions not imported for SageMaker TF as Tensorflow is not installed.
[2026-05-31T04:07:03.696000+00:00] Note: Environment variable`HF_TOKEN` is set and is the current active token independently from the token you've just configured.
[2026-05-31T04:07:03.696000+00:00] [setup] rank=0 world_size=1  base_model=allenai/OLMo-2-1124-7B-Instruct  HF token len=37 (suffix=YOMV)
[2026-05-31T04:07:03.696000+00:00] Generating train split: 0 examples [00:00, ? examples/s]
[2026-05-31T04:07:03.696000+00:00] Generating train split: 1538 examples [00:00, 141137.70 examples/s]
[2026-05-31T04:07:03.696000+00:00] [setup] Loaded 1538 training rows; first row keys: ['messages']
[2026-05-31T04:07:03.696000+00:00] `torch_dtype` is deprecated! Use `dtype` instead!
[2026-05-31T04:07:03.696000+00:00] `torch_dtype` is deprecated! Use `dtype` instead!
[2026-05-31T04:07:03.696000+00:00] Fetching 3 files:   0%|          | 0/3 [00:00<?, ?it/s]
[2026-05-31T04:07:40.723000+00:00] Fetching 3 files:  33%|███▎      | 1/3 [00:36<01:12, 36.06s/it]
[2026-05-31T04:07:40.723000+00:00] Fetching 3 files: 100%|██████████| 3/3 [00:36<00:00, 12.02s/it]
[2026-05-31T04:07:40.723000+00:00] Loading weights:   0%|          | 0/355 [00:00<?, ?it/s]
[2026-05-31T04:07:40.723000+00:00] Loading weights: 100%|██████████| 355/355 [00:00<00:00, 6738.98it/s]
[2026-05-31T04:07:40.723000+00:00] [setup] SFTConfig max_length=2048  per_device_bs=8  grad_accum=1  world_size=1  effective_batch=8
[2026-05-31T04:07:40.723000+00:00] warmup_ratio is deprecated and will be removed in v5.2. Use `warmup_steps` instead.
[2026-05-31T04:07:40.723000+00:00] warmup_ratio is deprecated and will be removed in v5.2. Use `warmup_steps` instead.
[2026-05-31T04:07:42.723000+00:00] Tokenizing train dataset:   0%|          | 0/1538 [00:00<?, ? examples/s]
[2026-05-31T04:07:42.723000+00:00] Tokenizing train dataset:   5%|▌         | 82/1538 [00:00<00:01, 805.01 examples/s]
[2026-05-31T04:07:42.723000+00:00] Tokenizing train dataset:  11%|█         | 170/1538 [00:00<00:01, 839.49 examples/s]
[2026-05-31T04:07:42.723000+00:00] Tokenizing train dataset:  17%|█▋        | 257/1538 [00:00<00:01, 848.15 examples/s]
[2026-05-31T04:07:42.723000+00:00] Tokenizing train dataset:  22%|██▏       | 342/1538 [00:00<00:01, 847.57 examples/s]
[2026-05-31T04:07:42.723000+00:00] Tokenizing train dataset:  28%|██▊       | 428/1538 [00:00<00:01, 848.14 examples/s]
[2026-05-31T04:07:42.723000+00:00] Tokenizing train dataset:  33%|███▎      | 515/1538 [00:00<00:01, 853.21 examples/s]
[2026-05-31T04:07:43.724000+00:00] Tokenizing train dataset:  39%|███▉      | 602/1538 [00:00<00:01, 853.87 examples/s]
[2026-05-31T04:07:43.724000+00:00] Tokenizing train dataset:  47%|████▋     | 726/1538 [00:00<00:00, 840.52 examples/s]
[2026-05-31T04:07:43.724000+00:00] Tokenizing train dataset:  56%|█████▌    | 854/1538 [00:01<00:00, 841.78 examples/s]
[2026-05-31T04:07:43.724000+00:00] Tokenizing train dataset:  61%|██████    | 942/1538 [00:01<00:00, 850.09 examples/s]
[2026-05-31T04:07:43.724000+00:00] Tokenizing train dataset:  68%|██████▊   | 1042/1538 [00:01<00:00, 679.55 examples/s]
[2026-05-31T04:07:43.724000+00:00] Tokenizing train dataset:  73%|███████▎  | 1129/1538 [00:01<00:00, 721.19 examples/s]
[2026-05-31T04:07:43.724000+00:00] Tokenizing train dataset:  79%|███████▉  | 1216/1538 [00:01<00:00, 756.82 examples/s]
[2026-05-31T04:07:44.724000+00:00] Tokenizing train dataset:  85%|████████▍ | 1301/1538 [00:01<00:00, 779.47 examples/s]
[2026-05-31T04:07:44.724000+00:00] Tokenizing train dataset:  90%|█████████ | 1387/1538 [00:01<00:00, 798.09 examples/s]
[2026-05-31T04:07:44.724000+00:00] Tokenizing train dataset:  96%|█████████▌| 1473/1538 [00:01<00:00, 813.94 examples/s]
[2026-05-31T04:07:44.724000+00:00] Tokenizing train dataset: 100%|██████████| 1538/1538 [00:01<00:00, 791.05 examples/s]
[2026-05-31T04:07:44.724000+00:00] Truncating train dataset:   0%|          | 0/1538 [00:00<?, ? examples/s]
[2026-05-31T04:07:44.724000+00:00] Truncating train dataset: 100%|██████████| 1538/1538 [00:00<00:00, 149894.03 examples/s]
[2026-05-31T04:07:46.725000+00:00] The tokenizer has new PAD/BOS/EOS tokens that differ from the model config and generation config. The model config and generation config were aligned accordingly, being updated with the tokenizer's values. Updated tokens: {'bos_token_id': 100257}.
[2026-05-31T04:07:46.725000+00:00] The tokenizer has new PAD/BOS/EOS tokens that differ from the model config and generation config. The model config and generation config were aligned accordingly, being updated with the tokenizer's values. Updated tokens: {'bos_token_id': 100257}.
[2026-05-31T04:07:46.725000+00:00] 0%|          | 0/1158 [00:00<?, ?it/s]
[2026-05-31T04:07:50.726000+00:00] 0%|          | 1/1158 [00:03<1:08:48,  3.57s/it]
[2026-05-31T04:07:53.727000+00:00] 0%|          | 2/1158 [00:06<1:04:11,  3.33s/it]
[2026-05-31T04:07:56.728000+00:00] 0%|          | 3/1158 [00:09<1:02:37,  3.25s/it]
[2026-05-31T04:07:59.729000+00:00] 0%|          | 4/1158 [00:13<1:02:10,  3.23s/it]
[2026-05-31T04:08:02.729000+00:00] 0%|          | 5/1158 [00:16<1:01:45,  3.21s/it]
[2026-05-31T04:08:05.730000+00:00] 1%|          | 6/1158 [00:19<1:01:18,  3.19s/it]
[2026-05-31T04:08:08.731000+00:00] 1%|          | 7/1158 [00:22<59:25,  3.10s/it]
[2026-05-31T04:08:12.732000+00:00] 1%|          | 8/1158 [00:25<59:48,  3.12s/it]
[2026-05-31T04:08:15.733000+00:00] 1%|          | 9/1158 [00:29<1:02:05,  3.24s/it]
[2026-05-31T04:08:18.734000+00:00] 1%|          | 10/1158 [00:32<1:01:47,  3.23s/it]
[2026-05-31T04:08:18.734000+00:00] {'loss': '2.36', 'grad_norm': '0.7733', 'learning_rate': '5.143e-05', 'entropy': '1.187', 'num_tokens': '5.604e+04', 'mean_token_accuracy': '0.557', 'epoch': '0.05181'}
[2026-05-31T04:08:18.734000+00:00] 1%|          | 10/1158 [00:32<1:01:47,  3.23s/it]
[2026-05-31T04:08:21.735000+00:00] 1%|          | 11/1158 [00:35<1:00:01,  3.14s/it]
[2026-05-31T04:08:24.735000+00:00] 1%|          | 12/1158 [00:38<1:00:19,  3.16s/it]
[2026-05-31T04:08:28.736000+00:00] 1%|          | 13/1158 [00:41<59:55,  3.14s/it]
[2026-05-31T04:08:31.737000+00:00] 1%|          | 14/1158 [00:44<1:00:19,  3.16s/it]
[2026-05-31T04:08:34.738000+00:00] 1%|▏         | 15/1158 [00:47<59:03,  3.10s/it]
[2026-05-31T04:08:37.739000+00:00] 1%|▏         | 16/1158 [00:50<59:42,  3.14s/it]
[2026-05-31T04:08:40.740000+00:00] 1%|▏         | 17/1158 [00:54<1:00:13,  3.17s/it]
[2026-05-31T04:08:43.740000+00:00] 2%|▏         | 18/1158 [00:57<1:00:25,  3.18s/it]
[2026-05-31T04:08:47.741000+00:00] 2%|▏         | 19/1158 [01:00<1:00:33,  3.19s/it]
[2026-05-31T04:08:50.742000+00:00] 2%|▏         | 20/1158 [01:03<1:00:48,  3.21s/it]
[2026-05-31T04:08:50.742000+00:00] {'loss': '1.664', 'grad_norm': '0.621', 'learning_rate': '0.0001086', 'entropy': '1.515', 'num_tokens': '1.119e+05', 'mean_token_accuracy': '0.6274', 'epoch': '0.1036'}
[2026-05-31T04:08:50.742000+00:00] 2%|▏         | 20/1158 [01:03<1:00:48,  3.21s/it]
[2026-05-31T04:08:53.743000+00:00] 2%|▏         | 21/1158 [01:06<1:00:46,  3.21s/it]
[2026-05-31T04:08:56.744000+00:00] 2%|▏         | 22/1158 [01:09<59:28,  3.14s/it]
[2026-05-31T04:08:59.744000+00:00] 2%|▏         | 23/1158 [01:13<1:00:01,  3.17s/it]
[2026-05-31T04:09:02.745000+00:00] 2%|▏         | 24/1158 [01:16<1:00:19,  3.19s/it]
[2026-05-31T04:09:06.746000+00:00] 2%|▏         | 25/1158 [01:19<1:00:26,  3.20s/it]
[2026-05-31T04:09:09.747000+00:00] 2%|▏         | 26/1158 [01:22<1:00:35,  3.21s/it]
[2026-05-31T04:09:12.748000+00:00] 2%|▏         | 27/1158 [01:26<1:00:16,  3.20s/it]
[2026-05-31T04:09:15.749000+00:00] 2%|▏         | 28/1158 [01:29<1:00:25,  3.21s/it]
[2026-05-31T04:09:19.750000+00:00] 3%|▎         | 29/1158 [01:32<1:00:31,  3.22s/it]
[2026-05-31T04:09:22.751000+00:00] 3%|▎         | 30/1158 [01:35<1:00:38,  3.23s/it]
[2026-05-31T04:09:22.751000+00:00] {'loss': '0.8162', 'grad_norm': '0.9216', 'learning_rate': '0.0001657', 'entropy': '1.043', 'num_tokens': '1.681e+05', 'mean_token_accuracy': '0.8138', 'epoch': '0.1554'}
[2026-05-31T04:09:22.751000+00:00] 3%|▎         | 30/1158 [01:35<1:00:38,  3.23s/it]
[2026-05-31T04:09:25.752000+00:00] 3%|▎         | 31/1158 [01:39<1:00:42,  3.23s/it]
[2026-05-31T04:09:28.752000+00:00] 3%|▎         | 32/1158 [01:42<59:26,  3.17s/it]
[2026-05-31T04:09:31.753000+00:00] 3%|▎         | 33/1158 [01:44<57:50,  3.08s/it]
[2026-05-31T04:09:34.754000+00:00] 3%|▎         | 34/1158 [01:48<58:54,  3.14s/it]
[2026-05-31T04:09:38.755000+00:00] 3%|▎         | 35/1158 [01:51<59:41,  3.19s/it]
[2026-05-31T04:09:41.756000+00:00] 3%|▎         | 36/1158 [01:54<58:23,  3.12s/it]
[2026-05-31T04:09:44.757000+00:00] 3%|▎         | 37/1158 [01:57<59:15,  3.17s/it]
[2026-05-31T04:09:47.757000+00:00] 3%|▎         | 38/1158 [02:01<59:52,  3.21s/it]
[2026-05-31T04:09:50.758000+00:00] 3%|▎         | 39/1158 [02:04<1:00:09,  3.23s/it]
[2026-05-31T04:09:54.759000+00:00] 3%|▎         | 40/1158 [02:07<1:00:12,  3.23s/it]
[2026-05-31T04:09:54.759000+00:00] {'loss': '0.182', 'grad_norm': '0.1808', 'learning_rate': '0.0002', 'entropy': '0.2172', 'num_tokens': '2.24e+05', 'mean_token_accuracy': '0.96', 'epoch': '0.2073'}
[2026-05-31T04:09:54.759000+00:00] 3%|▎         | 40/1158 [02:07<1:00:12,  3.23s/it]
[2026-05-31T04:09:57.760000+00:00] 4%|▎         | 41/1158 [02:10<1:00:18,  3.24s/it]
[2026-05-31T04:10:00.761000+00:00] 4%|▎         | 42/1158 [02:14<1:00:12,  3.24s/it]
[2026-05-31T04:10:03.762000+00:00] 4%|▎         | 43/1158 [02:17<1:00:19,  3.25s/it]
[2026-05-31T04:10:07.763000+00:00] 4%|▍         | 44/1158 [02:20<1:00:17,  3.25s/it]
[2026-05-31T04:10:10.763000+00:00] 4%|▍         | 45/1158 [02:23<1:00:19,  3.25s/it]
[2026-05-31T04:10:13.764000+00:00] 4%|▍         | 46/1158 [02:27<1:00:25,  3.26s/it]
[2026-05-31T04:10:16.765000+00:00] 4%|▍         | 47/1158 [02:30<1:00:13,  3.25s/it]
[2026-05-31T04:10:19.766000+00:00] 4%|▍         | 48/1158 [02:33<58:54,  3.18s/it]
[2026-05-31T04:10:23.767000+00:00] 4%|▍         | 49/1158 [02:36<59:16,  3.21s/it]
[2026-05-31T04:10:26.768000+00:00] 4%|▍         | 50/1158 [02:39<59:21,  3.21s/it]
[2026-05-31T04:10:26.768000+00:00] {'loss': '0.1391', 'grad_norm': '0.1574', 'learning_rate': '0.0001999', 'entropy': '0.15', 'num_tokens': '2.805e+05', 'mean_token_accuracy': '0.968', 'epoch': '0.2591'}
[2026-05-31T04:10:26.768000+00:00] 4%|▍         | 50/1158 [02:39<59:21,  3.21s/it]
[2026-05-31T04:10:29.768000+00:00] 4%|▍         | 51/1158 [02:43<59:35,  3.23s/it]
[2026-05-31T04:10:32.769000+00:00] 4%|▍         | 52/1158 [02:46<59:38,  3.24s/it]
[2026-05-31T04:10:35.770000+00:00] 5%|▍         | 53/1158 [02:49<58:21,  3.17s/it]
[2026-05-31T04:10:39.771000+00:00] 5%|▍         | 54/1158 [02:52<58:19,  3.17s/it]
[2026-05-31T04:10:42.772000+00:00] 5%|▍         | 55/1158 [02:55<58:43,  3.19s/it]
[2026-05-31T04:10:45.773000+00:00] 5%|▍         | 56/1158 [02:58<58:34,  3.19s/it]
[2026-05-31T04:10:48.773000+00:00] 5%|▍         | 57/1158 [03:02<58:50,  3.21s/it]
[2026-05-31T04:10:52.775000+00:00] 5%|▌         | 58/1158 [03:05<59:04,  3.22s/it]
[2026-05-31T04:10:55.775000+00:00] 5%|▌         | 59/1158 [03:08<59:14,  3.23s/it]
[2026-05-31T04:10:58.776000+00:00] 5%|▌         | 60/1158 [03:12<59:21,  3.24s/it]
[2026-05-31T04:10:58.776000+00:00] {'loss': '0.1342', 'grad_norm': '0.1747', 'learning_rate': '0.0001998', 'entropy': '0.1399', 'num_tokens': '3.371e+05', 'mean_token_accuracy': '0.9683', 'epoch': '0.3109'}
[2026-05-31T04:10:58.776000+00:00] 5%|▌         | 60/1158 [03:12<59:21,  3.24s/it]
[2026-05-31T04:11:01.777000+00:00] 5%|▌         | 61/1158 [03:15<59:36,  3.26s/it]
[2026-05-31T04:11:05.778000+00:00] 5%|▌         | 62/1158 [03:18<59:43,  3.27s/it]
[2026-05-31T04:11:07.779000+00:00] 5%|▌         | 63/1158 [03:21<56:57,  3.12s/it]
[2026-05-31T04:11:11.780000+00:00] 6%|▌         | 64/1158 [03:24<57:44,  3.17s/it]
[2026-05-31T04:11:14.780000+00:00] 6%|▌         | 65/1158 [03:27<58:28,  3.21s/it]
[2026-05-31T04:11:17.781000+00:00] 6%|▌         | 66/1158 [03:31<58:58,  3.24s/it]
[2026-05-31T04:11:21.782000+00:00] 6%|▌         | 67/1158 [03:34<59:27,  3.27s/it]
[2026-05-31T04:11:24.783000+00:00] 6%|▌         | 68/1158 [03:37<59:37,  3.28s/it]
[2026-05-31T04:11:27.784000+00:00] 6%|▌         | 69/1158 [03:41<59:46,  3.29s/it]
[2026-05-31T04:11:30.785000+00:00] 6%|▌         | 70/1158 [03:44<58:07,  3.21s/it]
[2026-05-31T04:11:30.785000+00:00] {'loss': '0.1289', 'grad_norm': '0.1177', 'learning_rate': '0.0001995', 'entropy': '0.138', 'num_tokens': '3.934e+05', 'mean_token_accuracy': '0.9693', 'epoch': '0.3627'}
[2026-05-31T04:11:30.785000+00:00] 6%|▌         | 70/1158 [03:44<58:07,  3.21s/it]
[2026-05-31T04:11:34.786000+00:00] 6%|▌         | 71/1158 [03:47<58:27,  3.23s/it]
[2026-05-31T04:11:37.787000+00:00] 6%|▌         | 72/1158 [03:50<58:34,  3.24s/it]
[2026-05-31T04:11:40.787000+00:00] 6%|▋         | 73/1158 [03:53<56:34,  3.13s/it]
[2026-05-31T04:11:43.788000+00:00] 6%|▋         | 74/1158 [03:56<55:45,  3.09s/it]
[2026-05-31T04:11:46.789000+00:00] 6%|▋         | 75/1158 [03:59<55:12,  3.06s/it]
[2026-05-31T04:11:49.790000+00:00] 7%|▋         | 76/1158 [04:02<56:17,  3.12s/it]
[2026-05-31T04:11:52.791000+00:00] 7%|▋         | 77/1158 [04:06<56:30,  3.14s/it]
[2026-05-31T04:11:55.791000+00:00] 7%|▋         | 78/1158 [04:09<57:00,  3.17s/it]
[2026-05-31T04:11:58.792000+00:00] 7%|▋         | 79/1158 [04:12<55:24,  3.08s/it]
[2026-05-31T04:12:01.793000+00:00] 7%|▋         | 80/1158 [04:15<56:19,  3.13s/it]
[2026-05-31T04:12:01.793000+00:00] {'loss': '0.1308', 'grad_norm': '0.1264', 'learning_rate': '0.0001992', 'entropy': '0.1342', 'num_tokens': '4.488e+05', 'mean_token_accuracy': '0.9692', 'epoch': '0.4145'}
[2026-05-31T04:12:01.793000+00:00] 7%|▋         | 80/1158 [04:15<56:19,  3.13s/it]
[2026-05-31T04:12:05.794000+00:00] 7%|▋         | 81/1158 [04:18<56:53,  3.17s/it]
[2026-05-31T04:12:08.795000+00:00] 7%|▋         | 82/1158 [04:21<57:09,  3.19s/it]
[2026-05-31T04:12:11.796000+00:00] 7%|▋         | 83/1158 [04:25<57:17,  3.20s/it]
[2026-05-31T04:12:14.797000+00:00] 7%|▋         | 84/1158 [04:28<57:25,  3.21s/it]
[2026-05-31T04:12:17.797000+00:00] 7%|▋         | 85/1158 [04:31<56:06,  3.14s/it]
[2026-05-31T04:12:21.798000+00:00] 7%|▋         | 86/1158 [04:34<56:30,  3.16s/it]
[2026-05-31T04:12:24.799000+00:00] 8%|▊         | 87/1158 [04:37<56:57,  3.19s/it]
[2026-05-31T04:12:27.800000+00:00] 8%|▊         | 88/1158 [04:41<57:05,  3.20s/it]
[2026-05-31T04:12:30.801000+00:00] 8%|▊         | 89/1158 [04:44<57:17,  3.22s/it]
[2026-05-31T04:12:34.802000+00:00] 8%|▊         | 90/1158 [04:47<57:17,  3.22s/it]
[2026-05-31T04:12:34.802000+00:00] {'loss': '0.126', 'grad_norm': '0.07948', 'learning_rate': '0.0001989', 'entropy': '0.1358', 'num_tokens': '5.047e+05', 'mean_token_accuracy': '0.9695', 'epoch': '0.4663'}
[2026-05-31T04:12:34.802000+00:00] 8%|▊         | 90/1158 [04:47<57:17,  3.22s/it]
[2026-05-31T04:12:36.803000+00:00] 8%|▊         | 91/1158 [04:50<55:42,  3.13s/it]
[2026-05-31T04:12:40.804000+00:00] 8%|▊         | 92/1158 [04:53<56:10,  3.16s/it]
[2026-05-31T04:12:43.804000+00:00] 8%|▊         | 93/1158 [04:56<56:24,  3.18s/it]
[2026-05-31T04:12:46.805000+00:00] 8%|▊         | 94/1158 [05:00<56:36,  3.19s/it]
[2026-05-31T04:12:49.806000+00:00] 8%|▊         | 95/1158 [05:03<56:42,  3.20s/it]
[2026-05-31T04:12:53.807000+00:00] 8%|▊         | 96/1158 [05:06<56:57,  3.22s/it]
[2026-05-31T04:12:55.808000+00:00] 8%|▊         | 97/1158 [05:09<54:56,  3.11s/it]
[2026-05-31T04:12:59.809000+00:00] 8%|▊         | 98/1158 [05:12<55:08,  3.12s/it]
[2026-05-31T04:13:01.809000+00:00] 9%|▊         | 99/1158 [05:15<53:04,  3.01s/it]
[2026-05-31T04:13:05.810000+00:00] 9%|▊         | 100/1158 [05:18<54:11,  3.07s/it]
[2026-05-31T04:13:05.810000+00:00] {'loss': '0.1227', 'grad_norm': '0.097', 'learning_rate': '0.0001984', 'entropy': '0.1278', 'num_tokens': '5.61e+05', 'mean_token_accuracy': '0.9701', 'epoch': '0.5181'}
[2026-05-31T04:13:05.810000+00:00] 9%|▊         | 100/1158 [05:18<54:11,  3.07s/it]
[2026-05-31T04:13:08.811000+00:00] 9%|▊         | 101/1158 [05:21<54:55,  3.12s/it]
[2026-05-31T04:13:11.812000+00:00] 9%|▉         | 102/1158 [05:25<55:36,  3.16s/it]
[2026-05-31T04:13:14.813000+00:00] 9%|▉         | 103/1158 [05:28<55:56,  3.18s/it]
[2026-05-31T04:13:18.814000+00:00] 9%|▉         | 104/1158 [05:31<56:13,  3.20s/it]
[2026-05-31T04:13:21.815000+00:00] 9%|▉         | 105/1158 [05:34<56:15,  3.21s/it]
[2026-05-31T04:13:24.815000+00:00] 9%|▉         | 106/1158 [05:38<56:28,  3.22s/it]
[2026-05-31T04:13:27.816000+00:00] 9%|▉         | 107/1158 [05:40<54:58,  3.14s/it]
[2026-05-31T04:13:30.817000+00:00] 9%|▉         | 108/1158 [05:44<55:31,  3.17s/it]
[2026-05-31T04:13:33.818000+00:00] 9%|▉         | 109/1158 [05:47<55:46,  3.19s/it]
[2026-05-31T04:13:37.819000+00:00] 9%|▉         | 110/1158 [05:50<56:04,  3.21s/it]
[2026-05-31T04:13:37.819000+00:00] {'loss': '0.1222', 'grad_norm': '0.09217', 'learning_rate': '0.0001979', 'entropy': '0.1294', 'num_tokens': '6.174e+05', 'mean_token_accuracy': '0.9695', 'epoch': '0.5699'}
[2026-05-31T04:13:37.819000+00:00] 9%|▉         | 110/1158 [05:50<56:04,  3.21s/it]
[2026-05-31T04:13:40.820000+00:00] 10%|▉         | 111/1158 [05:53<56:12,  3.22s/it]
[2026-05-31T04:13:43.820000+00:00] 10%|▉         | 112/1158 [05:57<56:13,  3.23s/it]
[2026-05-31T04:13:46.821000+00:00] 10%|▉         | 113/1158 [06:00<56:18,  3.23s/it]
[2026-05-31T04:13:49.822000+00:00] 10%|▉         | 114/1158 [06:03<54:55,  3.16s/it]
[2026-05-31T04:13:52.823000+00:00] 10%|▉         | 115/1158 [06:06<52:42,  3.03s/it]
[2026-05-31T04:13:55.824000+00:00] 10%|█         | 116/1158 [06:09<53:53,  3.10s/it]
[2026-05-31T04:13:58.825000+00:00] 10%|█         | 117/1158 [06:12<53:02,  3.06s/it]
[2026-05-31T04:14:02.826000+00:00] 10%|█         | 118/1158 [06:15<54:05,  3.12s/it]
[2026-05-31T04:14:05.827000+00:00] 10%|█         | 119/1158 [06:18<53:31,  3.09s/it]
[2026-05-31T04:14:08.827000+00:00] 10%|█         | 120/1158 [06:21<54:20,  3.14s/it]
[2026-05-31T04:14:08.827000+00:00] {'loss': '0.1208', 'grad_norm': '0.09163', 'learning_rate': '0.0001973', 'entropy': '0.1305', 'num_tokens': '6.729e+05', 'mean_token_accuracy': '0.9704', 'epoch': '0.6218'}
[2026-05-31T04:14:08.827000+00:00] 10%|█         | 120/1158 [06:21<54:20,  3.14s/it]
[2026-05-31T04:14:11.828000+00:00] 10%|█         | 121/1158 [06:24<53:43,  3.11s/it]
[2026-05-31T04:14:14.829000+00:00] 11%|█         | 122/1158 [06:28<54:20,  3.15s/it]
[2026-05-31T04:14:17.830000+00:00] 11%|█         | 123/1158 [06:31<54:49,  3.18s/it]
[2026-05-31T04:14:21.831000+00:00] 11%|█         | 124/1158 [06:34<55:18,  3.21s/it]
[2026-05-31T04:14:24.832000+00:00] 11%|█         | 125/1158 [06:38<55:40,  3.23s/it]
[2026-05-31T04:14:27.833000+00:00] 11%|█         | 126/1158 [06:41<55:49,  3.25s/it]
[2026-05-31T04:14:31.834000+00:00] 11%|█         | 127/1158 [06:44<56:03,  3.26s/it]
[2026-05-31T04:14:34.834000+00:00] 11%|█         | 128/1158 [06:47<55:39,  3.24s/it]
[2026-05-31T04:14:37.835000+00:00] 11%|█         | 129/1158 [06:51<56:07,  3.27s/it]
[2026-05-31T04:14:40.836000+00:00] 11%|█         | 130/1158 [06:54<56:16,  3.28s/it]
[2026-05-31T04:14:40.836000+00:00] {'loss': '0.1183', 'grad_norm': '0.1005', 'learning_rate': '0.0001966', 'entropy': '0.125', 'num_tokens': '7.3e+05', 'mean_token_accuracy': '0.9702', 'epoch': '0.6736'}
[2026-05-31T04:14:40.836000+00:00] 11%|█         | 130/1158 [06:54<56:16,  3.28s/it]
[2026-05-31T04:14:43.837000+00:00] 11%|█▏        | 131/1158 [06:57<54:59,  3.21s/it]
[2026-05-31T04:14:47.838000+00:00] 11%|█▏        | 132/1158 [07:00<55:19,  3.24s/it]
[2026-05-31T04:14:50.839000+00:00] 11%|█▏        | 133/1158 [07:03<54:10,  3.17s/it]
[2026-05-31T04:14:53.839000+00:00] 12%|█▏        | 134/1158 [07:07<54:35,  3.20s/it]
[2026-05-31T04:14:56.840000+00:00] 12%|█▏        | 135/1158 [07:10<55:02,  3.23s/it]
[2026-05-31T04:15:00.841000+00:00] 12%|█▏        | 136/1158 [07:13<55:08,  3.24s/it]
[2026-05-31T04:15:03.842000+00:00] 12%|█▏        | 137/1158 [07:16<55:09,  3.24s/it]
[2026-05-31T04:15:06.843000+00:00] 12%|█▏        | 138/1158 [07:20<55:16,  3.25s/it]
[2026-05-31T04:15:09.844000+00:00] 12%|█▏        | 139/1158 [07:23<55:17,  3.26s/it]
[2026-05-31T04:15:12.844000+00:00] 12%|█▏        | 140/1158 [07:26<53:14,  3.14s/it]
[2026-05-31T04:15:12.844000+00:00] {'loss': '0.1171', 'grad_norm': '0.1054', 'learning_rate': '0.0001958', 'entropy': '0.1247', 'num_tokens': '7.861e+05', 'mean_token_accuracy': '0.9705', 'epoch': '0.7254'}
[2026-05-31T04:15:12.844000+00:00] 12%|█▏        | 140/1158 [07:26<53:14,  3.14s/it]
[2026-05-31T04:15:15.845000+00:00] 12%|█▏        | 141/1158 [07:29<53:43,  3.17s/it]
[2026-05-31T04:15:18.846000+00:00] 12%|█▏        | 142/1158 [07:32<51:26,  3.04s/it]
[2026-05-31T04:15:21.847000+00:00] 12%|█▏        | 143/1158 [07:35<52:30,  3.10s/it]
[2026-05-31T04:15:25.848000+00:00] 12%|█▏        | 144/1158 [07:38<53:07,  3.14s/it]
[2026-05-31T04:15:28.849000+00:00] 13%|█▎        | 145/1158 [07:42<53:40,  3.18s/it]
[2026-05-31T04:15:31.850000+00:00] 13%|█▎        | 146/1158 [07:45<54:06,  3.21s/it]
[2026-05-31T04:15:34.850000+00:00] 13%|█▎        | 147/1158 [07:48<52:56,  3.14s/it]
[2026-05-31T04:15:37.851000+00:00] 13%|█▎        | 148/1158 [07:51<53:24,  3.17s/it]
[2026-05-31T04:15:41.852000+00:00] 13%|█▎        | 149/1158 [07:54<53:36,  3.19s/it]
[2026-05-31T04:15:44.853000+00:00] 13%|█▎        | 150/1158 [07:57<53:49,  3.20s/it]
[2026-05-31T04:15:44.853000+00:00] {'loss': '0.1162', 'grad_norm': '0.0917', 'learning_rate': '0.000195', 'entropy': '0.1234', 'num_tokens': '8.43e+05', 'mean_token_accuracy': '0.9708', 'epoch': '0.7772'}
[2026-05-31T04:15:44.853000+00:00] 13%|█▎        | 150/1158 [07:57<53:49,  3.20s/it]
[2026-05-31T04:15:47.854000+00:00] 13%|█▎        | 151/1158 [08:01<54:06,  3.22s/it]
[2026-05-31T04:15:50.855000+00:00] 13%|█▎        | 152/1158 [08:04<54:03,  3.22s/it]
[2026-05-31T04:15:53.855000+00:00] 13%|█▎        | 153/1158 [08:07<52:34,  3.14s/it]
[2026-05-31T04:15:56.856000+00:00] 13%|█▎        | 154/1158 [08:10<51:39,  3.09s/it]
[2026-05-31T04:16:00.857000+00:00] 13%|█▎        | 155/1158 [08:13<52:10,  3.12s/it]
[2026-05-31T04:16:03.858000+00:00] 13%|█▎        | 156/1158 [08:16<51:23,  3.08s/it]
[2026-05-31T04:16:06.859000+00:00] 14%|█▎        | 157/1158 [08:19<52:11,  3.13s/it]
[2026-05-31T04:16:09.860000+00:00] 14%|█▎        | 158/1158 [08:22<52:14,  3.13s/it]
[2026-05-31T04:16:12.861000+00:00] 14%|█▎        | 159/1158 [08:26<52:46,  3.17s/it]
[2026-05-31T04:16:15.861000+00:00] 14%|█▍        | 160/1158 [08:28<50:32,  3.04s/it]
[2026-05-31T04:16:15.861000+00:00] {'loss': '0.1161', 'grad_norm': '0.1024', 'learning_rate': '0.000194', 'entropy': '0.1239', 'num_tokens': '8.987e+05', 'mean_token_accuracy': '0.9709', 'epoch': '0.829'}
[2026-05-31T04:16:15.861000+00:00] 14%|█▍        | 160/1158 [08:28<50:32,  3.04s/it]
[2026-05-31T04:16:18.862000+00:00] 14%|█▍        | 161/1158 [08:31<50:11,  3.02s/it]
[2026-05-31T04:16:21.863000+00:00] 14%|█▍        | 162/1158 [08:35<51:09,  3.08s/it]
[2026-05-31T04:16:24.864000+00:00] 14%|█▍        | 163/1158 [08:38<51:58,  3.13s/it]
[2026-05-31T04:16:27.865000+00:00] 14%|█▍        | 164/1158 [08:41<51:10,  3.09s/it]
[2026-05-31T04:16:31.866000+00:00] 14%|█▍        | 165/1158 [08:44<52:03,  3.15s/it]
[2026-05-31T04:16:34.866000+00:00] 14%|█▍        | 166/1158 [08:47<51:09,  3.09s/it]
[2026-05-31T04:16:36.867000+00:00] 14%|█▍        | 167/1158 [08:50<49:58,  3.03s/it]
[2026-05-31T04:16:39.868000+00:00] 15%|█▍        | 168/1158 [08:53<49:36,  3.01s/it]
[2026-05-31T04:16:42.869000+00:00] 15%|█▍        | 169/1158 [08:56<49:25,  3.00s/it]
[2026-05-31T04:16:46.870000+00:00] 15%|█▍        | 170/1158 [08:59<50:31,  3.07s/it]
[2026-05-31T04:16:46.870000+00:00] {'loss': '0.1149', 'grad_norm': '0.1117', 'learning_rate': '0.0001931', 'entropy': '0.1211', 'num_tokens': '9.545e+05', 'mean_token_accuracy': '0.9711', 'epoch': '0.8808'}
[2026-05-31T04:16:46.870000+00:00] 15%|█▍        | 170/1158 [08:59<50:31,  3.07s/it]
[2026-05-31T04:16:49.871000+00:00] 15%|█▍        | 171/1158 [09:02<51:25,  3.13s/it]
[2026-05-31T04:16:52.871000+00:00] 15%|█▍        | 172/1158 [09:06<52:09,  3.17s/it]
[2026-05-31T04:16:55.872000+00:00] 15%|█▍        | 173/1158 [09:09<52:24,  3.19s/it]
[2026-05-31T04:16:59.873000+00:00] 15%|█▌        | 174/1158 [09:12<52:41,  3.21s/it]
[2026-05-31T04:17:02.874000+00:00] 15%|█▌        | 175/1158 [09:15<52:52,  3.23s/it]
[2026-05-31T04:17:05.875000+00:00] 15%|█▌        | 176/1158 [09:18<51:45,  3.16s/it]
[2026-05-31T04:17:08.876000+00:00] 15%|█▌        | 177/1158 [09:22<52:17,  3.20s/it]
[2026-05-31T04:17:11.876000+00:00] 15%|█▌        | 178/1158 [09:25<52:43,  3.23s/it]
[2026-05-31T04:17:15.877000+00:00] 15%|█▌        | 179/1158 [09:28<53:00,  3.25s/it]
[2026-05-31T04:17:18.878000+00:00] 16%|█▌        | 180/1158 [09:32<53:17,  3.27s/it]
[2026-05-31T04:17:18.878000+00:00] {'loss': '0.1093', 'grad_norm': '0.08794', 'learning_rate': '0.000192', 'entropy': '0.1196', 'num_tokens': '1.012e+06', 'mean_token_accuracy': '0.9712', 'epoch': '0.9326'}
[2026-05-31T04:17:18.878000+00:00] 16%|█▌        | 180/1158 [09:32<53:17,  3.27s/it]
[2026-05-31T04:17:21.879000+00:00] 16%|█▌        | 181/1158 [09:35<53:27,  3.28s/it]
[2026-05-31T04:17:25.880000+00:00] 16%|█▌        | 182/1158 [09:38<53:32,  3.29s/it]
[2026-05-31T04:17:28.881000+00:00] 16%|█▌        | 183/1158 [09:41<52:15,  3.22s/it]
[2026-05-31T04:17:31.882000+00:00] 16%|█▌        | 184/1158 [09:44<51:16,  3.16s/it]
[2026-05-31T04:17:34.883000+00:00] 16%|█▌        | 185/1158 [09:47<50:34,  3.12s/it]
[2026-05-31T04:17:37.883000+00:00] 16%|█▌        | 186/1158 [09:51<51:19,  3.17s/it]
[2026-05-31T04:17:40.884000+00:00] 16%|█▌        | 187/1158 [09:54<51:39,  3.19s/it]
[2026-05-31T04:17:44.885000+00:00] 16%|█▌        | 188/1158 [09:57<51:58,  3.22s/it]
[2026-05-31T04:17:47.886000+00:00] 16%|█▋        | 189/1158 [10:00<51:54,  3.21s/it]
[2026-05-31T04:17:50.887000+00:00] 16%|█▋        | 190/1158 [10:04<51:47,  3.21s/it]
[2026-05-31T04:17:50.887000+00:00] {'loss': '0.1109', 'grad_norm': '0.09665', 'learning_rate': '0.0001909', 'entropy': '0.1182', 'num_tokens': '1.068e+06', 'mean_token_accuracy': '0.9715', 'epoch': '0.9845'}
[2026-05-31T04:17:50.887000+00:00] 16%|█▋        | 190/1158 [10:04<51:47,  3.21s/it]
[2026-05-31T04:17:53.888000+00:00] 16%|█▋        | 191/1158 [10:07<51:55,  3.22s/it]
[2026-05-31T04:17:56.888000+00:00] 17%|█▋        | 192/1158 [10:10<50:40,  3.15s/it]
[2026-05-31T04:17:57.889000+00:00] 17%|█▋        | 193/1158 [10:10<38:23,  2.39s/it]
[2026-05-31T04:18:01.890000+00:00] 17%|█▋        | 194/1158 [10:14<45:39,  2.84s/it]
[2026-05-31T04:18:04.891000+00:00] 17%|█▋        | 195/1158 [10:18<47:37,  2.97s/it]
[2026-05-31T04:18:07.892000+00:00] 17%|█▋        | 196/1158 [10:21<48:59,  3.06s/it]
[2026-05-31T04:18:11.893000+00:00] 17%|█▋        | 197/1158 [10:24<49:54,  3.12s/it]
[2026-05-31T04:18:14.893000+00:00] 17%|█▋        | 198/1158 [10:27<50:30,  3.16s/it]
[2026-05-31T04:18:17.894000+00:00] 17%|█▋        | 199/1158 [10:31<50:50,  3.18s/it]
[2026-05-31T04:18:20.895000+00:00] 17%|█▋        | 200/1158 [10:34<50:59,  3.19s/it]
[2026-05-31T04:18:20.895000+00:00] {'loss': '0.1095', 'grad_norm': '0.09607', 'learning_rate': '0.0001897', 'entropy': '0.1172', 'num_tokens': '1.12e+06', 'mean_token_accuracy': '0.9717', 'epoch': '1.036'}
[2026-05-31T04:18:20.895000+00:00] 17%|█▋        | 200/1158 [10:34<50:59,  3.19s/it]
[2026-05-31T04:18:23.896000+00:00] 17%|█▋        | 201/1158 [10:37<51:03,  3.20s/it]
[2026-05-31T04:18:26.897000+00:00] 17%|█▋        | 202/1158 [10:40<50:00,  3.14s/it]
[2026-05-31T04:18:30.898000+00:00] 18%|█▊        | 203/1158 [10:43<50:21,  3.16s/it]
[2026-05-31T04:18:33.899000+00:00] 18%|█▊        | 204/1158 [10:47<50:38,  3.18s/it]
[2026-05-31T04:18:36.899000+00:00] 18%|█▊        | 205/1158 [10:50<50:57,  3.21s/it]
[2026-05-31T04:18:39.900000+00:00] 18%|█▊        | 206/1158 [10:53<51:08,  3.22s/it]
[2026-05-31T04:18:43.901000+00:00] 18%|█▊        | 207/1158 [10:56<51:06,  3.22s/it]
[2026-05-31T04:18:46.902000+00:00] 18%|█▊        | 208/1158 [10:59<51:03,  3.22s/it]
[2026-05-31T04:18:49.903000+00:00] 18%|█▊        | 209/1158 [11:03<51:04,  3.23s/it]
[2026-05-31T04:18:52.904000+00:00] 18%|█▊        | 210/1158 [11:06<50:59,  3.23s/it]
[2026-05-31T04:18:52.904000+00:00] {'loss': '0.1099', 'grad_norm': '0.08689', 'learning_rate': '0.0001884', 'entropy': '0.1186', 'num_tokens': '1.177e+06', 'mean_token_accuracy': '0.9718', 'epoch': '1.088'}
[2026-05-31T04:18:52.904000+00:00] 18%|█▊        | 210/1158 [11:06<50:59,  3.23s/it]
[2026-05-31T04:18:56.905000+00:00] 18%|█▊        | 211/1158 [11:09<50:53,  3.22s/it]
[2026-05-31T04:18:59.906000+00:00] 18%|█▊        | 212/1158 [11:12<50:52,  3.23s/it]
[2026-05-31T04:19:02.906000+00:00] 18%|█▊        | 213/1158 [11:16<50:50,  3.23s/it]
[2026-05-31T04:19:05.907000+00:00] 18%|█▊        | 214/1158 [11:19<50:52,  3.23s/it]
[2026-05-31T04:19:09.908000+00:00] 19%|█▊        | 215/1158 [11:22<50:53,  3.24s/it]
[2026-05-31T04:19:12.909000+00:00] 19%|█▊        | 216/1158 [11:25<50:57,  3.25s/it]
[2026-05-31T04:19:15.910000+00:00] 19%|█▊        | 217/1158 [11:29<50:56,  3.25s/it]
[2026-05-31T04:19:18.911000+00:00] 19%|█▉        | 218/1158 [11:32<50:59,  3.25s/it]
[2026-05-31T04:19:22.912000+00:00] 19%|█▉        | 219/1158 [11:35<50:59,  3.26s/it]
[2026-05-31T04:19:25.912000+00:00] 19%|█▉        | 220/1158 [11:38<51:04,  3.27s/it]
[2026-05-31T04:19:25.913000+00:00] {'loss': '0.1062', 'grad_norm': '0.1118', 'learning_rate': '0.000187', 'entropy': '0.116', 'num_tokens': '1.233e+06', 'mean_token_accuracy': '0.9727', 'epoch': '1.14'}
[2026-05-31T04:19:25.913000+00:00] 19%|█▉        | 220/1158 [11:38<51:04,  3.27s/it]
[2026-05-31T04:19:28.913000+00:00] 19%|█▉        | 221/1158 [11:41<49:36,  3.18s/it]
[2026-05-31T04:19:31.914000+00:00] 19%|█▉        | 222/1158 [11:45<49:54,  3.20s/it]
[2026-05-31T04:19:34.915000+00:00] 19%|█▉        | 223/1158 [11:48<50:14,  3.22s/it]
[2026-05-31T04:19:37.916000+00:00] 19%|█▉        | 224/1158 [11:51<49:13,  3.16s/it]
[2026-05-31T04:19:41.917000+00:00] 19%|█▉        | 225/1158 [11:54<49:38,  3.19s/it]
[2026-05-31T04:19:44.917000+00:00] 20%|█▉        | 226/1158 [11:58<50:02,  3.22s/it]
[2026-05-31T04:19:47.918000+00:00] 20%|█▉        | 227/1158 [12:01<50:22,  3.25s/it]
[2026-05-31T04:19:51.919000+00:00] 20%|█▉        | 228/1158 [12:04<50:32,  3.26s/it]
[2026-05-31T04:19:54.920000+00:00] 20%|█▉        | 229/1158 [12:07<50:47,  3.28s/it]
[2026-05-31T04:19:57.921000+00:00] 20%|█▉        | 230/1158 [12:11<51:01,  3.30s/it]
[2026-05-31T04:19:57.921000+00:00] {'loss': '0.105', 'grad_norm': '0.07454', 'learning_rate': '0.0001856', 'entropy': '0.1125', 'num_tokens': '1.29e+06', 'mean_token_accuracy': '0.9725', 'epoch': '1.192'}
[2026-05-31T04:19:57.921000+00:00] 20%|█▉        | 230/1158 [12:11<51:01,  3.30s/it]
[2026-05-31T04:20:00.922000+00:00] 20%|█▉        | 231/1158 [12:14<49:43,  3.22s/it]
[2026-05-31T04:20:04.923000+00:00] 20%|██        | 232/1158 [12:17<50:12,  3.25s/it]
[2026-05-31T04:20:07.924000+00:00] 20%|██        | 233/1158 [12:20<50:12,  3.26s/it]
[2026-05-31T04:20:10.924000+00:00] 20%|██        | 234/1158 [12:24<50:17,  3.27s/it]
[2026-05-31T04:20:13.925000+00:00] 20%|██        | 235/1158 [12:27<50:19,  3.27s/it]
[2026-05-31T04:20:17.926000+00:00] 20%|██        | 236/1158 [12:30<50:16,  3.27s/it]
[2026-05-31T04:20:20.927000+00:00] 20%|██        | 237/1158 [12:33<48:59,  3.19s/it]
[2026-05-31T04:20:23.928000+00:00] 21%|██        | 238/1158 [12:37<49:17,  3.21s/it]
[2026-05-31T04:20:26.929000+00:00] 21%|██        | 239/1158 [12:40<49:17,  3.22s/it]
[2026-05-31T04:20:29.930000+00:00] 21%|██        | 240/1158 [12:43<48:00,  3.14s/it]
[2026-05-31T04:20:29.930000+00:00] {'loss': '0.1031', 'grad_norm': '0.07723', 'learning_rate': '0.0001842', 'entropy': '0.1128', 'num_tokens': '1.345e+06', 'mean_token_accuracy': '0.9726', 'epoch': '1.244'}
[2026-05-31T04:20:29.930000+00:00] 21%|██        | 240/1158 [12:43<48:00,  3.14s/it]
[2026-05-31T04:20:32.931000+00:00] 21%|██        | 241/1158 [12:46<48:31,  3.18s/it]
[2026-05-31T04:20:35.931000+00:00] 21%|██        | 242/1158 [12:49<47:02,  3.08s/it]
[2026-05-31T04:20:38.932000+00:00] 21%|██        | 243/1158 [12:52<46:19,  3.04s/it]
[2026-05-31T04:20:41.933000+00:00] 21%|██        | 244/1158 [12:55<47:10,  3.10s/it]
[2026-05-31T04:20:45.934000+00:00] 21%|██        | 245/1158 [12:58<47:49,  3.14s/it]
[2026-05-31T04:20:48.935000+00:00] 21%|██        | 246/1158 [13:01<48:08,  3.17s/it]
[2026-05-31T04:20:51.936000+00:00] 21%|██▏       | 247/1158 [13:04<47:16,  3.11s/it]
[2026-05-31T04:20:54.936000+00:00] 21%|██▏       | 248/1158 [13:08<47:44,  3.15s/it]
[2026-05-31T04:20:57.937000+00:00] 22%|██▏       | 249/1158 [13:11<48:08,  3.18s/it]
[2026-05-31T04:21:01.938000+00:00] 22%|██▏       | 250/1158 [13:14<48:23,  3.20s/it]
[2026-05-31T04:21:01.938000+00:00] {'loss': '0.1028', 'grad_norm': '0.07133', 'learning_rate': '0.0001826', 'entropy': '0.1108', 'num_tokens': '1.401e+06', 'mean_token_accuracy': '0.9738', 'epoch': '1.295'}
[2026-05-31T04:21:01.938000+00:00] 22%|██▏       | 250/1158 [13:14<48:23,  3.20s/it]
[2026-05-31T04:21:04.939000+00:00] 22%|██▏       | 251/1158 [13:17<47:18,  3.13s/it]
[2026-05-31T04:21:07.940000+00:00] 22%|██▏       | 252/1158 [13:20<47:37,  3.15s/it]
[2026-05-31T04:21:10.941000+00:00] 22%|██▏       | 253/1158 [13:24<47:50,  3.17s/it]
[2026-05-31T04:21:13.941000+00:00] 22%|██▏       | 254/1158 [13:27<48:07,  3.19s/it]
[2026-05-31T04:21:16.942000+00:00] 22%|██▏       | 255/1158 [13:30<48:18,  3.21s/it]
[2026-05-31T04:21:20.943000+00:00] 22%|██▏       | 256/1158 [13:33<48:18,  3.21s/it]
[2026-05-31T04:21:23.944000+00:00] 22%|██▏       | 257/1158 [13:36<47:02,  3.13s/it]
[2026-05-31T04:21:26.945000+00:00] 22%|██▏       | 258/1158 [13:39<47:23,  3.16s/it]
[2026-05-31T04:21:29.946000+00:00] 22%|██▏       | 259/1158 [13:43<47:45,  3.19s/it]
[2026-05-31T04:21:32.947000+00:00] 22%|██▏       | 260/1158 [13:46<46:35,  3.11s/it]
[2026-05-31T04:21:32.947000+00:00] {'loss': '0.1042', 'grad_norm': '0.07835', 'learning_rate': '0.000181', 'entropy': '0.1111', 'num_tokens': '1.457e+06', 'mean_token_accuracy': '0.9733', 'epoch': '1.347'}
[2026-05-31T04:21:32.947000+00:00] 22%|██▏       | 260/1158 [13:46<46:35,  3.11s/it]
[2026-05-31T04:21:35.947000+00:00] 23%|██▎       | 261/1158 [13:49<47:06,  3.15s/it]
[2026-05-31T04:21:39.948000+00:00] 23%|██▎       | 262/1158 [13:52<47:32,  3.18s/it]
[2026-05-31T04:21:42.949000+00:00] 23%|██▎       | 263/1158 [13:55<47:51,  3.21s/it]
[2026-05-31T04:21:45.950000+00:00] 23%|██▎       | 264/1158 [13:59<48:00,  3.22s/it]
[2026-05-31T04:21:48.951000+00:00] 23%|██▎       | 265/1158 [14:02<48:08,  3.24s/it]
[2026-05-31T04:21:52.952000+00:00] 23%|██▎       | 266/1158 [14:05<48:14,  3.25s/it]
[2026-05-31T04:21:55.953000+00:00] 23%|██▎       | 267/1158 [14:08<48:11,  3.24s/it]
[2026-05-31T04:21:58.954000+00:00] 23%|██▎       | 268/1158 [14:12<48:12,  3.25s/it]
[2026-05-31T04:22:01.954000+00:00] 23%|██▎       | 269/1158 [14:15<48:13,  3.25s/it]
[2026-05-31T04:22:05.956000+00:00] 23%|██▎       | 270/1158 [14:18<48:03,  3.25s/it]
[2026-05-31T04:22:05.956000+00:00] {'loss': '0.1033', 'grad_norm': '0.07384', 'learning_rate': '0.0001793', 'entropy': '0.1116', 'num_tokens': '1.514e+06', 'mean_token_accuracy': '0.9733', 'epoch': '1.399'}
[2026-05-31T04:22:05.956000+00:00] 23%|██▎       | 270/1158 [14:18<48:03,  3.25s/it]
[2026-05-31T04:22:08.956000+00:00] 23%|██▎       | 271/1158 [14:21<47:55,  3.24s/it]
[2026-05-31T04:22:11.957000+00:00] 23%|██▎       | 272/1158 [14:25<47:50,  3.24s/it]
[2026-05-31T04:22:14.958000+00:00] 24%|██▎       | 273/1158 [14:28<46:39,  3.16s/it]
[2026-05-31T04:22:17.959000+00:00] 24%|██▎       | 274/1158 [14:31<46:56,  3.19s/it]
[2026-05-31T04:22:20.960000+00:00] 24%|██▎       | 275/1158 [14:34<46:00,  3.13s/it]
[2026-05-31T04:22:23.961000+00:00] 24%|██▍       | 276/1158 [14:37<45:22,  3.09s/it]
[2026-05-31T04:22:26.961000+00:00] 24%|██▍       | 277/1158 [14:40<46:04,  3.14s/it]
[2026-05-31T04:22:30.962000+00:00] 24%|██▍       | 278/1158 [14:43<46:33,  3.17s/it]
[2026-05-31T04:22:33.963000+00:00] 24%|██▍       | 279/1158 [14:47<46:56,  3.20s/it]
[2026-05-31T04:22:36.964000+00:00] 24%|██▍       | 280/1158 [14:50<47:10,  3.22s/it]
[2026-05-31T04:22:36.964000+00:00] {'loss': '0.1032', 'grad_norm': '0.1119', 'learning_rate': '0.0001776', 'entropy': '0.1099', 'num_tokens': '1.57e+06', 'mean_token_accuracy': '0.9735', 'epoch': '1.451'}
[2026-05-31T04:22:36.964000+00:00] 24%|██▍       | 280/1158 [14:50<47:10,  3.22s/it]
[2026-05-31T04:22:40.965000+00:00] 24%|██▍       | 281/1158 [14:53<47:23,  3.24s/it]
[2026-05-31T04:22:43.966000+00:00] 24%|██▍       | 282/1158 [14:56<46:23,  3.18s/it]
[2026-05-31T04:22:45.967000+00:00] 24%|██▍       | 283/1158 [14:59<44:37,  3.06s/it]
[2026-05-31T04:22:49.968000+00:00] 25%|██▍       | 284/1158 [15:02<45:35,  3.13s/it]
[2026-05-31T04:22:51.968000+00:00] 25%|██▍       | 285/1158 [15:05<44:06,  3.03s/it]
[2026-05-31T04:22:55.969000+00:00] 25%|██▍       | 286/1158 [15:08<45:14,  3.11s/it]
[2026-05-31T04:22:58.970000+00:00] 25%|██▍       | 287/1158 [15:12<46:07,  3.18s/it]
[2026-05-31T04:23:01.971000+00:00] 25%|██▍       | 288/1158 [15:15<46:39,  3.22s/it]
[2026-05-31T04:23:05.972000+00:00] 25%|██▍       | 289/1158 [15:18<46:51,  3.24s/it]
[2026-05-31T04:23:08.973000+00:00] 25%|██▌       | 290/1158 [15:22<46:57,  3.25s/it]
[2026-05-31T04:23:08.973000+00:00] {'loss': '0.1026', 'grad_norm': '0.07756', 'learning_rate': '0.0001758', 'entropy': '0.1102', 'num_tokens': '1.626e+06', 'mean_token_accuracy': '0.9736', 'epoch': '1.503'}
[2026-05-31T04:23:08.973000+00:00] 25%|██▌       | 290/1158 [15:22<46:57,  3.25s/it]
[2026-05-31T04:23:11.974000+00:00] 25%|██▌       | 291/1158 [15:25<46:57,  3.25s/it]
[2026-05-31T04:23:15.975000+00:00] 25%|██▌       | 292/1158 [15:28<47:03,  3.26s/it]
[2026-05-31T04:23:18.975000+00:00] 25%|██▌       | 293/1158 [15:31<47:04,  3.26s/it]
[2026-05-31T04:23:21.976000+00:00] 25%|██▌       | 294/1158 [15:34<45:52,  3.19s/it]
[2026-05-31T04:23:24.977000+00:00] 25%|██▌       | 295/1158 [15:38<46:00,  3.20s/it]
[2026-05-31T04:23:27.978000+00:00] 26%|██▌       | 296/1158 [15:41<46:07,  3.21s/it]
[2026-05-31T04:23:31.979000+00:00] 26%|██▌       | 297/1158 [15:44<46:17,  3.23s/it]
[2026-05-31T04:23:34.980000+00:00] 26%|██▌       | 298/1158 [15:47<46:16,  3.23s/it]
[2026-05-31T04:23:37.980000+00:00] 26%|██▌       | 299/1158 [15:51<46:12,  3.23s/it]
[2026-05-31T04:23:40.981000+00:00] 26%|██▌       | 300/1158 [15:54<46:18,  3.24s/it]
[2026-05-31T04:23:40.981000+00:00] {'loss': '0.1011', 'grad_norm': '0.09973', 'learning_rate': '0.0001739', 'entropy': '0.1098', 'num_tokens': '1.682e+06', 'mean_token_accuracy': '0.9729', 'epoch': '1.554'}
[2026-05-31T04:23:40.981000+00:00] 26%|██▌       | 300/1158 [15:54<46:18,  3.24s/it]
[2026-05-31T04:23:43.982000+00:00] 26%|██▌       | 301/1158 [15:57<46:15,  3.24s/it]
[2026-05-31T04:23:46.983000+00:00] 26%|██▌       | 302/1158 [16:00<45:14,  3.17s/it]
[2026-05-31T04:23:50.984000+00:00] 26%|██▌       | 303/1158 [16:03<45:35,  3.20s/it]
[2026-05-31T04:23:53.985000+00:00] 26%|██▋       | 304/1158 [16:06<44:05,  3.10s/it]
[2026-05-31T04:23:56.986000+00:00] 26%|██▋       | 305/1158 [16:10<44:37,  3.14s/it]
[2026-05-31T04:23:59.986000+00:00] 26%|██▋       | 306/1158 [16:13<45:03,  3.17s/it]
[2026-05-31T04:24:02.987000+00:00] 27%|██▋       | 307/1158 [16:16<45:15,  3.19s/it]
[2026-05-31T04:24:05.988000+00:00] 27%|██▋       | 308/1158 [16:19<44:05,  3.11s/it]
[2026-05-31T04:24:09.989000+00:00] 27%|██▋       | 309/1158 [16:22<44:41,  3.16s/it]
[2026-05-31T04:24:12.990000+00:00] 27%|██▋       | 310/1158 [16:25<45:03,  3.19s/it]
[2026-05-31T04:24:12.990000+00:00] {'loss': '0.09975', 'grad_norm': '0.06882', 'learning_rate': '0.000172', 'entropy': '0.1065', 'num_tokens': '1.739e+06', 'mean_token_accuracy': '0.9747', 'epoch': '1.606'}
[2026-05-31T04:24:12.990000+00:00] 27%|██▋       | 310/1158 [16:25<45:03,  3.19s/it]
[2026-05-31T04:24:15.991000+00:00] 27%|██▋       | 311/1158 [16:28<44:00,  3.12s/it]
[2026-05-31T04:24:18.992000+00:00] 27%|██▋       | 312/1158 [16:32<44:35,  3.16s/it]
[2026-05-31T04:24:21.992000+00:00] 27%|██▋       | 313/1158 [16:35<44:58,  3.19s/it]
[2026-05-31T04:24:24.993000+00:00] 27%|██▋       | 314/1158 [16:38<44:05,  3.13s/it]
[2026-05-31T04:24:27.994000+00:00] 27%|██▋       | 315/1158 [16:41<43:25,  3.09s/it]
[2026-05-31T04:24:31.995000+00:00] 27%|██▋       | 316/1158 [16:44<44:07,  3.14s/it]
[2026-05-31T04:24:33.996000+00:00] 27%|██▋       | 317/1158 [16:47<43:14,  3.09s/it]
[2026-05-31T04:24:37.997000+00:00] 27%|██▋       | 318/1158 [16:50<43:59,  3.14s/it]
[2026-05-31T04:24:40.998000+00:00] 28%|██▊       | 319/1158 [16:54<44:26,  3.18s/it]
[2026-05-31T04:24:43.998000+00:00] 28%|██▊       | 320/1158 [16:57<44:41,  3.20s/it]
[2026-05-31T04:24:43.998000+00:00] {'loss': '0.1032', 'grad_norm': '0.1062', 'learning_rate': '0.0001701', 'entropy': '0.1087', 'num_tokens': '1.795e+06', 'mean_token_accuracy': '0.9731', 'epoch': '1.658'}
[2026-05-31T04:24:43.999000+00:00] 28%|██▊       | 320/1158 [16:57<44:41,  3.20s/it]
[2026-05-31T04:24:46.999000+00:00] 28%|██▊       | 321/1158 [17:00<43:47,  3.14s/it]
[2026-05-31T04:24:50+00:00] 28%|██▊       | 322/1158 [17:03<43:06,  3.09s/it]
[2026-05-31T04:24:53.001000+00:00] 28%|██▊       | 323/1158 [17:06<42:40,  3.07s/it]
[2026-05-31T04:24:56.002000+00:00] 28%|██▊       | 324/1158 [17:09<43:16,  3.11s/it]
[2026-05-31T04:25:00.003000+00:00] 28%|██▊       | 325/1158 [17:12<43:47,  3.15s/it]
[2026-05-31T04:25:03.003000+00:00] 28%|██▊       | 326/1158 [17:16<44:13,  3.19s/it]
[2026-05-31T04:25:06.004000+00:00] 28%|██▊       | 327/1158 [17:19<44:27,  3.21s/it]
[2026-05-31T04:25:09.005000+00:00] 28%|██▊       | 328/1158 [17:22<43:32,  3.15s/it]
[2026-05-31T04:25:13.006000+00:00] 28%|██▊       | 329/1158 [17:25<44:02,  3.19s/it]
[2026-05-31T04:25:16.007000+00:00] 28%|██▊       | 330/1158 [17:29<44:28,  3.22s/it]
[2026-05-31T04:25:16.007000+00:00] {'loss': '0.1003', 'grad_norm': '0.07562', 'learning_rate': '0.000168', 'entropy': '0.1098', 'num_tokens': '1.851e+06', 'mean_token_accuracy': '0.9742', 'epoch': '1.71'}
[2026-05-31T04:25:16.007000+00:00] 28%|██▊       | 330/1158 [17:29<44:28,  3.22s/it]
[2026-05-31T04:25:19.008000+00:00] 29%|██▊       | 331/1158 [17:32<44:44,  3.25s/it]
[2026-05-31T04:25:22.009000+00:00] 29%|██▊       | 332/1158 [17:35<44:47,  3.25s/it]
[2026-05-31T04:25:26.010000+00:00] 29%|██▉       | 333/1158 [17:38<44:58,  3.27s/it]
[2026-05-31T04:25:29.010000+00:00] 29%|██▉       | 334/1158 [17:42<45:09,  3.29s/it]
[2026-05-31T04:25:32.011000+00:00] 29%|██▉       | 335/1158 [17:45<44:18,  3.23s/it]
[2026-05-31T04:25:35.012000+00:00] 29%|██▉       | 336/1158 [17:48<43:31,  3.18s/it]
[2026-05-31T04:25:38.013000+00:00] 29%|██▉       | 337/1158 [17:51<44:02,  3.22s/it]
[2026-05-31T04:25:42.014000+00:00] 29%|██▉       | 338/1158 [17:54<44:17,  3.24s/it]
[2026-05-31T04:25:45.015000+00:00] 29%|██▉       | 339/1158 [17:58<44:27,  3.26s/it]
[2026-05-31T04:25:48.015000+00:00] 29%|██▉       | 340/1158 [18:01<44:27,  3.26s/it]
[2026-05-31T04:25:48.015000+00:00] {'loss': '0.1005', 'grad_norm': '0.08237', 'learning_rate': '0.000166', 'entropy': '0.1073', 'num_tokens': '1.907e+06', 'mean_token_accuracy': '0.9734', 'epoch': '1.762'}
[2026-05-31T04:25:48.016000+00:00] 29%|██▉       | 340/1158 [18:01<44:27,  3.26s/it]
[2026-05-31T04:25:51.016000+00:00] 29%|██▉       | 341/1158 [18:04<43:24,  3.19s/it]
[2026-05-31T04:25:54.017000+00:00] 30%|██▉       | 342/1158 [18:07<42:39,  3.14s/it]
[2026-05-31T04:25:58.018000+00:00] 30%|██▉       | 343/1158 [18:10<43:06,  3.17s/it]
[2026-05-31T04:26:01.019000+00:00] 30%|██▉       | 344/1158 [18:14<43:24,  3.20s/it]
[2026-05-31T04:26:04.020000+00:00] 30%|██▉       | 345/1158 [18:17<42:34,  3.14s/it]
[2026-05-31T04:26:07.020000+00:00] 30%|██▉       | 346/1158 [18:20<43:05,  3.18s/it]
[2026-05-31T04:26:10.021000+00:00] 30%|██▉       | 347/1158 [18:23<43:20,  3.21s/it]
[2026-05-31T04:26:14.022000+00:00] 30%|███       | 348/1158 [18:26<43:05,  3.19s/it]
[2026-05-31T04:26:17.023000+00:00] 30%|███       | 349/1158 [18:30<43:24,  3.22s/it]
[2026-05-31T04:26:20.024000+00:00] 30%|███       | 350/1158 [18:33<42:21,  3.14s/it]
[2026-05-31T04:26:20.024000+00:00] {'loss': '0.0963', 'grad_norm': '0.08952', 'learning_rate': '0.0001638', 'entropy': '0.1056', 'num_tokens': '1.963e+06', 'mean_token_accuracy': '0.9748', 'epoch': '1.813'}
[2026-05-31T04:26:20.024000+00:00] 30%|███       | 350/1158 [18:33<42:21,  3.14s/it]
[2026-05-31T04:26:23.025000+00:00] 30%|███       | 351/1158 [18:36<42:51,  3.19s/it]
[2026-05-31T04:26:26.026000+00:00] 30%|███       | 352/1158 [18:39<43:04,  3.21s/it]
[2026-05-31T04:26:29.026000+00:00] 30%|███       | 353/1158 [18:42<42:17,  3.15s/it]
[2026-05-31T04:26:33.027000+00:00] 31%|███       | 354/1158 [18:45<42:36,  3.18s/it]
[2026-05-31T04:26:36.028000+00:00] 31%|███       | 355/1158 [18:49<42:54,  3.21s/it]
[2026-05-31T04:26:39.029000+00:00] 31%|███       | 356/1158 [18:52<41:54,  3.14s/it]
[2026-05-31T04:26:42.030000+00:00] 31%|███       | 357/1158 [18:55<42:25,  3.18s/it]
[2026-05-31T04:26:45.031000+00:00] 31%|███       | 358/1158 [18:58<41:48,  3.14s/it]
[2026-05-31T04:26:48.032000+00:00] 31%|███       | 359/1158 [19:01<42:17,  3.18s/it]
[2026-05-31T04:26:51.032000+00:00] 31%|███       | 360/1158 [19:04<41:32,  3.12s/it]
[2026-05-31T04:26:51.032000+00:00] {'loss': '0.09801', 'grad_norm': '0.09271', 'learning_rate': '0.0001617', 'entropy': '0.1048', 'num_tokens': '2.018e+06', 'mean_token_accuracy': '0.9744', 'epoch': '1.865'}
[2026-05-31T04:26:51.032000+00:00] 31%|███       | 360/1158 [19:04<41:32,  3.12s/it]
[2026-05-31T04:26:55.033000+00:00] 31%|███       | 361/1158 [19:07<41:18,  3.11s/it]
[2026-05-31T04:26:58.034000+00:00] 31%|███▏      | 362/1158 [19:11<41:59,  3.17s/it]
[2026-05-31T04:27:01.035000+00:00] 31%|███▏      | 363/1158 [19:14<42:37,  3.22s/it]
[2026-05-31T04:27:04.036000+00:00] 31%|███▏      | 364/1158 [19:17<42:54,  3.24s/it]
[2026-05-31T04:27:08.037000+00:00] 32%|███▏      | 365/1158 [19:20<42:09,  3.19s/it]
[2026-05-31T04:27:11.038000+00:00] 32%|███▏      | 366/1158 [19:24<42:25,  3.21s/it]
[2026-05-31T04:27:14.039000+00:00] 32%|███▏      | 367/1158 [19:27<42:35,  3.23s/it]
[2026-05-31T04:27:17.039000+00:00] 32%|███▏      | 368/1158 [19:30<42:39,  3.24s/it]
[2026-05-31T04:27:21.040000+00:00] 32%|███▏      | 369/1158 [19:33<42:34,  3.24s/it]
[2026-05-31T04:27:24.041000+00:00] 32%|███▏      | 370/1158 [19:37<42:40,  3.25s/it]
[2026-05-31T04:27:24.041000+00:00] {'loss': '0.09654', 'grad_norm': '0.1018', 'learning_rate': '0.0001594', 'entropy': '0.1033', 'num_tokens': '2.075e+06', 'mean_token_accuracy': '0.9746', 'epoch': '1.917'}
[2026-05-31T04:27:24.041000+00:00] 32%|███▏      | 370/1158 [19:37<42:40,  3.25s/it]
[2026-05-31T04:27:27.042000+00:00] 32%|███▏      | 371/1158 [19:40<42:34,  3.25s/it]
[2026-05-31T04:27:30.043000+00:00] 32%|███▏      | 372/1158 [19:43<42:33,  3.25s/it]
[2026-05-31T04:27:34.044000+00:00] 32%|███▏      | 373/1158 [19:46<42:30,  3.25s/it]
[2026-05-31T04:27:37.045000+00:00] 32%|███▏      | 374/1158 [19:49<41:25,  3.17s/it]
[2026-05-31T04:27:40.046000+00:00] 32%|███▏      | 375/1158 [19:53<41:32,  3.18s/it]
[2026-05-31T04:27:43.046000+00:00] 32%|███▏      | 376/1158 [19:56<41:38,  3.19s/it]
[2026-05-31T04:27:46.047000+00:00] 33%|███▎      | 377/1158 [19:59<41:48,  3.21s/it]
[2026-05-31T04:27:49.048000+00:00] 33%|███▎      | 378/1158 [20:02<41:42,  3.21s/it]
[2026-05-31T04:27:52.049000+00:00] 33%|███▎      | 379/1158 [20:05<40:02,  3.08s/it]
[2026-05-31T04:27:55.050000+00:00] 33%|███▎      | 380/1158 [20:08<40:15,  3.11s/it]
[2026-05-31T04:27:55.050000+00:00] {'loss': '0.09317', 'grad_norm': '0.1128', 'learning_rate': '0.0001572', 'entropy': '0.103', 'num_tokens': '2.131e+06', 'mean_token_accuracy': '0.9747', 'epoch': '1.969'}
[2026-05-31T04:27:55.050000+00:00] 33%|███▎      | 380/1158 [20:08<40:15,  3.11s/it]
[2026-05-31T04:27:59.051000+00:00] 33%|███▎      | 381/1158 [20:11<40:42,  3.14s/it]
[2026-05-31T04:28:02.052000+00:00] 33%|███▎      | 382/1158 [20:14<39:46,  3.08s/it]
[2026-05-31T04:28:05.052000+00:00] 33%|███▎      | 383/1158 [20:18<40:24,  3.13s/it]
[2026-05-31T04:28:08.053000+00:00] 33%|███▎      | 384/1158 [20:21<40:41,  3.15s/it]
[2026-05-31T04:28:11.054000+00:00] 33%|███▎      | 385/1158 [20:24<40:55,  3.18s/it]
[2026-05-31T04:28:12.054000+00:00] 33%|███▎      | 386/1158 [20:25<30:55,  2.40s/it]
[2026-05-31T04:28:16.055000+00:00] 33%|███▎      | 387/1158 [20:28<35:56,  2.80s/it]
[2026-05-31T04:28:19.056000+00:00] 34%|███▎      | 388/1158 [20:31<36:34,  2.85s/it]
[2026-05-31T04:28:22.057000+00:00] 34%|███▎      | 389/1158 [20:35<37:57,  2.96s/it]
[2026-05-31T04:28:25.058000+00:00] 34%|███▎      | 390/1158 [20:38<38:56,  3.04s/it]
[2026-05-31T04:28:25.058000+00:00] {'loss': '0.09154', 'grad_norm': '0.1166', 'learning_rate': '0.0001548', 'entropy': '0.09875', 'num_tokens': '2.183e+06', 'mean_token_accuracy': '0.9756', 'epoch': '2.021'}
[2026-05-31T04:28:25.058000+00:00] 34%|███▎      | 390/1158 [20:38<38:56,  3.04s/it]
[2026-05-31T04:28:28.059000+00:00] 34%|███▍      | 391/1158 [20:41<39:35,  3.10s/it]
[2026-05-31T04:28:31.060000+00:00] 34%|███▍      | 392/1158 [20:44<40:05,  3.14s/it]
[2026-05-31T04:28:35.060000+00:00] 34%|███▍      | 393/1158 [20:47<40:16,  3.16s/it]
[2026-05-31T04:28:38.061000+00:00] 34%|███▍      | 394/1158 [20:51<40:30,  3.18s/it]
[2026-05-31T04:28:41.062000+00:00] 34%|███▍      | 395/1158 [20:54<40:43,  3.20s/it]
[2026-05-31T04:28:44.063000+00:00] 34%|███▍      | 396/1158 [20:57<40:46,  3.21s/it]
[2026-05-31T04:28:47.064000+00:00] 34%|███▍      | 397/1158 [21:00<39:42,  3.13s/it]
[2026-05-31T04:28:51.065000+00:00] 34%|███▍      | 398/1158 [21:03<40:05,  3.16s/it]
[2026-05-31T04:28:54.065000+00:00] 34%|███▍      | 399/1158 [21:07<40:17,  3.19s/it]
[2026-05-31T04:28:57.066000+00:00] 35%|███▍      | 400/1158 [21:10<40:23,  3.20s/it]
[2026-05-31T04:28:57.066000+00:00] {'loss': '0.0932', 'grad_norm': '0.09861', 'learning_rate': '0.0001525', 'entropy': '0.1024', 'num_tokens': '2.24e+06', 'mean_token_accuracy': '0.9751', 'epoch': '2.073'}
[2026-05-31T04:28:57.066000+00:00] 35%|███▍      | 400/1158 [21:10<40:23,  3.20s/it]
[2026-05-31T04:29:00.067000+00:00] 35%|███▍      | 401/1158 [21:13<40:28,  3.21s/it]
[2026-05-31T04:29:03.068000+00:00] 35%|███▍      | 402/1158 [21:16<40:26,  3.21s/it]
[2026-05-31T04:29:07.069000+00:00] 35%|███▍      | 403/1158 [21:19<40:23,  3.21s/it]
[2026-05-31T04:29:10.070000+00:00] 35%|███▍      | 404/1158 [21:22<39:26,  3.14s/it]
[2026-05-31T04:29:13.071000+00:00] 35%|███▍      | 405/1158 [21:26<39:48,  3.17s/it]
[2026-05-31T04:29:16.071000+00:00] 35%|███▌      | 406/1158 [21:29<39:57,  3.19s/it]
[2026-05-31T04:29:19.072000+00:00] 35%|███▌      | 407/1158 [21:32<39:58,  3.19s/it]
[2026-05-31T04:29:23.073000+00:00] 35%|███▌      | 408/1158 [21:35<39:59,  3.20s/it]
[2026-05-31T04:29:26.074000+00:00] 35%|███▌      | 409/1158 [21:39<40:03,  3.21s/it]
[2026-05-31T04:29:29.075000+00:00] 35%|███▌      | 410/1158 [21:41<39:03,  3.13s/it]
[2026-05-31T04:29:29.075000+00:00] {'loss': '0.0917', 'grad_norm': '0.09356', 'learning_rate': '0.0001501', 'entropy': '0.1013', 'num_tokens': '2.296e+06', 'mean_token_accuracy': '0.976', 'epoch': '2.124'}
[2026-05-31T04:29:29.075000+00:00] 35%|███▌      | 410/1158 [21:41<39:03,  3.13s/it]
[2026-05-31T04:29:32.076000+00:00] 35%|███▌      | 411/1158 [21:45<39:23,  3.16s/it]
[2026-05-31T04:29:35.077000+00:00] 36%|███▌      | 412/1158 [21:48<39:33,  3.18s/it]
[2026-05-31T04:29:38.078000+00:00] 36%|███▌      | 413/1158 [21:51<39:37,  3.19s/it]
[2026-05-31T04:29:42.079000+00:00] 36%|███▌      | 414/1158 [21:54<39:35,  3.19s/it]
[2026-05-31T04:29:45.079000+00:00] 36%|███▌      | 415/1158 [21:58<39:45,  3.21s/it]
[2026-05-31T04:29:48.080000+00:00] 36%|███▌      | 416/1158 [22:01<39:48,  3.22s/it]
[2026-05-31T04:29:51.081000+00:00] 36%|███▌      | 417/1158 [22:04<39:50,  3.23s/it]
[2026-05-31T04:29:55.082000+00:00] 36%|███▌      | 418/1158 [22:07<39:44,  3.22s/it]
[2026-05-31T04:29:58.083000+00:00] 36%|███▌      | 419/1158 [22:11<39:41,  3.22s/it]
[2026-05-31T04:30:01.084000+00:00] 36%|███▋      | 420/1158 [22:14<39:38,  3.22s/it]
[2026-05-31T04:30:01.084000+00:00] {'loss': '0.09052', 'grad_norm': '0.08548', 'learning_rate': '0.0001476', 'entropy': '0.09921', 'num_tokens': '2.352e+06', 'mean_token_accuracy': '0.9761', 'epoch': '2.176'}
[2026-05-31T04:30:01.084000+00:00] 36%|███▋      | 420/1158 [22:14<39:38,  3.22s/it]
[2026-05-31T04:30:04.085000+00:00] 36%|███▋      | 421/1158 [22:17<39:39,  3.23s/it]
[2026-05-31T04:30:07.086000+00:00] 36%|███▋      | 422/1158 [22:20<39:38,  3.23s/it]
[2026-05-31T04:30:11.087000+00:00] 37%|███▋      | 423/1158 [22:23<39:31,  3.23s/it]
[2026-05-31T04:30:14.087000+00:00] 37%|███▋      | 424/1158 [22:27<39:28,  3.23s/it]
[2026-05-31T04:30:17.088000+00:00] 37%|███▋      | 425/1158 [22:30<39:28,  3.23s/it]
[2026-05-31T04:30:20.089000+00:00] 37%|███▋      | 426/1158 [22:33<38:31,  3.16s/it]
[2026-05-31T04:30:23.090000+00:00] 37%|███▋      | 427/1158 [22:36<37:48,  3.10s/it]
[2026-05-31T04:30:26.091000+00:00] 37%|███▋      | 428/1158 [22:39<38:11,  3.14s/it]
[2026-05-31T04:30:30.092000+00:00] 37%|███▋      | 429/1158 [22:42<38:28,  3.17s/it]
[2026-05-31T04:30:33.092000+00:00] 37%|███▋      | 430/1158 [22:46<38:43,  3.19s/it]
[2026-05-31T04:30:33.092000+00:00] {'loss': '0.08965', 'grad_norm': '0.08774', 'learning_rate': '0.0001452', 'entropy': '0.09832', 'num_tokens': '2.408e+06', 'mean_token_accuracy': '0.9762', 'epoch': '2.228'}
[2026-05-31T04:30:33.092000+00:00] 37%|███▋      | 430/1158 [22:46<38:43,  3.19s/it]
[2026-05-31T04:30:36.093000+00:00] 37%|███▋      | 431/1158 [22:49<38:57,  3.22s/it]
[2026-05-31T04:30:39.094000+00:00] 37%|███▋      | 432/1158 [22:52<38:53,  3.21s/it]
[2026-05-31T04:30:42.095000+00:00] 37%|███▋      | 433/1158 [22:55<38:54,  3.22s/it]
[2026-05-31T04:30:46.096000+00:00] 37%|███▋      | 434/1158 [22:59<38:56,  3.23s/it]
[2026-05-31T04:30:49.097000+00:00] 38%|███▊      | 435/1158 [23:02<38:59,  3.24s/it]
[2026-05-31T04:30:52.097000+00:00] 38%|███▊      | 436/1158 [23:05<39:08,  3.25s/it]
[2026-05-31T04:30:56.098000+00:00] 38%|███▊      | 437/1158 [23:08<39:04,  3.25s/it]
[2026-05-31T04:30:59.099000+00:00] 38%|███▊      | 438/1158 [23:11<38:02,  3.17s/it]
[2026-05-31T04:31:01.100000+00:00] 38%|███▊      | 439/1158 [23:14<37:18,  3.11s/it]
[2026-05-31T04:31:05.101000+00:00] 38%|███▊      | 440/1158 [23:18<37:49,  3.16s/it]
[2026-05-31T04:31:05.101000+00:00] {'loss': '0.09187', 'grad_norm': '0.0709', 'learning_rate': '0.0001426', 'entropy': '0.09901', 'num_tokens': '2.464e+06', 'mean_token_accuracy': '0.9759', 'epoch': '2.28'}
[2026-05-31T04:31:05.101000+00:00] 38%|███▊      | 440/1158 [23:18<37:49,  3.16s/it]
[2026-05-31T04:31:08.102000+00:00] 38%|███▊      | 441/1158 [23:21<38:18,  3.21s/it]
[2026-05-31T04:31:11.103000+00:00] 38%|███▊      | 442/1158 [23:24<38:36,  3.24s/it]
[2026-05-31T04:31:14.104000+00:00] 38%|███▊      | 443/1158 [23:27<38:00,  3.19s/it]
[2026-05-31T04:31:18.105000+00:00] 38%|███▊      | 444/1158 [23:31<38:24,  3.23s/it]
[2026-05-31T04:31:21.106000+00:00] 38%|███▊      | 445/1158 [23:34<38:32,  3.24s/it]
[2026-05-31T04:31:24.106000+00:00] 39%|███▊      | 446/1158 [23:37<38:44,  3.27s/it]
[2026-05-31T04:31:28.108000+00:00] 39%|███▊      | 447/1158 [23:40<38:49,  3.28s/it]
[2026-05-31T04:31:31.108000+00:00] 39%|███▊      | 448/1158 [23:44<38:48,  3.28s/it]
[2026-05-31T04:31:34.109000+00:00] 39%|███▉      | 449/1158 [23:47<38:38,  3.27s/it]
[2026-05-31T04:31:37.110000+00:00] 39%|███▉      | 450/1158 [23:50<37:31,  3.18s/it]
[2026-05-31T04:31:37.110000+00:00] {'loss': '0.08898', 'grad_norm': '0.0858', 'learning_rate': '0.0001401', 'entropy': '0.09815', 'num_tokens': '2.52e+06', 'mean_token_accuracy': '0.9767', 'epoch': '2.332'}
[2026-05-31T04:31:37.110000+00:00] 39%|███▉      | 450/1158 [23:50<37:31,  3.18s/it]
[2026-05-31T04:31:40.111000+00:00] 39%|███▉      | 451/1158 [23:53<37:46,  3.21s/it]
[2026-05-31T04:31:44.112000+00:00] 39%|███▉      | 452/1158 [23:57<37:55,  3.22s/it]
[2026-05-31T04:31:47.113000+00:00] 39%|███▉      | 453/1158 [23:59<36:56,  3.14s/it]
[2026-05-31T04:31:50.114000+00:00] 39%|███▉      | 454/1158 [24:03<37:11,  3.17s/it]
[2026-05-31T04:31:53.114000+00:00] 39%|███▉      | 455/1158 [24:06<36:19,  3.10s/it]
[2026-05-31T04:31:56.115000+00:00] 39%|███▉      | 456/1158 [24:09<36:49,  3.15s/it]
[2026-05-31T04:31:59.116000+00:00] 39%|███▉      | 457/1158 [24:12<36:01,  3.08s/it]
[2026-05-31T04:32:02.117000+00:00] 40%|███▉      | 458/1158 [24:15<36:34,  3.13s/it]
[2026-05-31T04:32:05.118000+00:00] 40%|███▉      | 459/1158 [24:18<36:52,  3.17s/it]
[2026-05-31T04:32:09.119000+00:00] 40%|███▉      | 460/1158 [24:22<37:04,  3.19s/it]
[2026-05-31T04:32:09.119000+00:00] {'loss': '0.08951', 'grad_norm': '0.09499', 'learning_rate': '0.0001375', 'entropy': '0.09704', 'num_tokens': '2.577e+06', 'mean_token_accuracy': '0.9768', 'epoch': '2.383'}
[2026-05-31T04:32:09.119000+00:00] 40%|███▉      | 460/1158 [24:22<37:04,  3.19s/it]
[2026-05-31T04:32:12.120000+00:00] 40%|███▉      | 461/1158 [24:25<37:14,  3.21s/it]
[2026-05-31T04:32:15.120000+00:00] 40%|███▉      | 462/1158 [24:28<37:19,  3.22s/it]
[2026-05-31T04:32:18.121000+00:00] 40%|███▉      | 463/1158 [24:31<37:25,  3.23s/it]
[2026-05-31T04:32:21.122000+00:00] 40%|████      | 464/1158 [24:34<36:28,  3.15s/it]
[2026-05-31T04:32:25.123000+00:00] 40%|████      | 465/1158 [24:38<36:46,  3.18s/it]
[2026-05-31T04:32:28.124000+00:00] 40%|████      | 466/1158 [24:41<36:57,  3.20s/it]
[2026-05-31T04:32:31.125000+00:00] 40%|████      | 467/1158 [24:44<36:06,  3.14s/it]
[2026-05-31T04:32:34.126000+00:00] 40%|████      | 468/1158 [24:47<36:28,  3.17s/it]
[2026-05-31T04:32:37.126000+00:00] 41%|████      | 469/1158 [24:50<35:47,  3.12s/it]
[2026-05-31T04:32:40.127000+00:00] 41%|████      | 470/1158 [24:53<36:11,  3.16s/it]
[2026-05-31T04:32:40.127000+00:00] {'loss': '0.09039', 'grad_norm': '0.09382', 'learning_rate': '0.0001349', 'entropy': '0.09883', 'num_tokens': '2.632e+06', 'mean_token_accuracy': '0.9759', 'epoch': '2.435'}
[2026-05-31T04:32:40.127000+00:00] 41%|████      | 470/1158 [24:53<36:11,  3.16s/it]
[2026-05-31T04:32:44.128000+00:00] 41%|████      | 471/1158 [24:56<36:25,  3.18s/it]
[2026-05-31T04:32:47.129000+00:00] 41%|████      | 472/1158 [25:00<36:40,  3.21s/it]
[2026-05-31T04:32:50.130000+00:00] 41%|████      | 473/1158 [25:03<36:42,  3.22s/it]
[2026-05-31T04:32:53.131000+00:00] 41%|████      | 474/1158 [25:06<36:47,  3.23s/it]
[2026-05-31T04:32:57.132000+00:00] 41%|████      | 475/1158 [25:10<36:50,  3.24s/it]
[2026-05-31T04:33:00.133000+00:00] 41%|████      | 476/1158 [25:12<35:52,  3.16s/it]
[2026-05-31T04:33:03.134000+00:00] 41%|████      | 477/1158 [25:16<36:11,  3.19s/it]
[2026-05-31T04:33:06.134000+00:00] 41%|████▏     | 478/1158 [25:19<36:20,  3.21s/it]
[2026-05-31T04:33:09.135000+00:00] 41%|████▏     | 479/1158 [25:22<36:24,  3.22s/it]
[2026-05-31T04:33:12.136000+00:00] 41%|████▏     | 480/1158 [25:25<35:25,  3.13s/it]
[2026-05-31T04:33:12.136000+00:00] {'loss': '0.08695', 'grad_norm': '0.0925', 'learning_rate': '0.0001323', 'entropy': '0.09661', 'num_tokens': '2.689e+06', 'mean_token_accuracy': '0.9767', 'epoch': '2.487'}
[2026-05-31T04:33:12.136000+00:00] 41%|████▏     | 480/1158 [25:25<35:25,  3.13s/it]
[2026-05-31T04:33:15.137000+00:00] 42%|████▏     | 481/1158 [25:28<34:51,  3.09s/it]
[2026-05-31T04:33:19.138000+00:00] 42%|████▏     | 482/1158 [25:31<35:18,  3.13s/it]
[2026-05-31T04:33:22.139000+00:00] 42%|████▏     | 483/1158 [25:35<35:38,  3.17s/it]
[2026-05-31T04:33:25.140000+00:00] 42%|████▏     | 484/1158 [25:38<35:52,  3.19s/it]
[2026-05-31T04:33:28.140000+00:00] 42%|████▏     | 485/1158 [25:41<36:03,  3.21s/it]
[2026-05-31T04:33:31.141000+00:00] 42%|████▏     | 486/1158 [25:44<35:21,  3.16s/it]
[2026-05-31T04:33:35.142000+00:00] 42%|████▏     | 487/1158 [25:47<35:37,  3.19s/it]
[2026-05-31T04:33:38.143000+00:00] 42%|████▏     | 488/1158 [25:50<34:59,  3.13s/it]
[2026-05-31T04:33:41.144000+00:00] 42%|████▏     | 489/1158 [25:54<35:24,  3.18s/it]
[2026-05-31T04:33:44.145000+00:00] 42%|████▏     | 490/1158 [25:57<34:51,  3.13s/it]
[2026-05-31T04:33:44.145000+00:00] {'loss': '0.08746', 'grad_norm': '0.08777', 'learning_rate': '0.0001296', 'entropy': '0.09521', 'num_tokens': '2.745e+06', 'mean_token_accuracy': '0.9773', 'epoch': '2.539'}
[2026-05-31T04:33:44.145000+00:00] 42%|████▏     | 490/1158 [25:57<34:51,  3.13s/it]
[2026-05-31T04:33:47.146000+00:00] 42%|████▏     | 491/1158 [26:00<35:22,  3.18s/it]
[2026-05-31T04:33:50.146000+00:00] 42%|████▏     | 492/1158 [26:03<35:40,  3.21s/it]
[2026-05-31T04:33:54.147000+00:00] 43%|████▎     | 493/1158 [26:07<35:52,  3.24s/it]
[2026-05-31T04:33:57.148000+00:00] 43%|████▎     | 494/1158 [26:10<36:08,  3.27s/it]
[2026-05-31T04:34:00.149000+00:00] 43%|████▎     | 495/1158 [26:13<36:17,  3.28s/it]
[2026-05-31T04:34:04.150000+00:00] 43%|████▎     | 496/1158 [26:17<36:15,  3.29s/it]
[2026-05-31T04:34:07.151000+00:00] 43%|████▎     | 497/1158 [26:20<36:09,  3.28s/it]
[2026-05-31T04:34:10.152000+00:00] 43%|████▎     | 498/1158 [26:23<36:06,  3.28s/it]
[2026-05-31T04:34:13.153000+00:00] 43%|████▎     | 499/1158 [26:26<34:59,  3.19s/it]
[2026-05-31T04:34:16.154000+00:00] 43%|████▎     | 500/1158 [26:29<35:07,  3.20s/it]
[2026-05-31T04:34:16.154000+00:00] {'loss': '0.08641', 'grad_norm': '0.09046', 'learning_rate': '0.0001269', 'entropy': '0.09608', 'num_tokens': '2.802e+06', 'mean_token_accuracy': '0.9769', 'epoch': '2.591'}
[2026-05-31T04:34:16.154000+00:00] 43%|████▎     | 500/1158 [26:29<35:07,  3.20s/it]
[2026-05-31T04:34:20.155000+00:00] 43%|████▎     | 501/1158 [26:33<35:11,  3.21s/it]
[2026-05-31T04:34:23.156000+00:00] 43%|████▎     | 502/1158 [26:36<35:23,  3.24s/it]
[2026-05-31T04:34:26.156000+00:00] 43%|████▎     | 503/1158 [26:39<35:22,  3.24s/it]
[2026-05-31T04:34:30.157000+00:00] 44%|████▎     | 504/1158 [26:42<35:20,  3.24s/it]
[2026-05-31T04:34:32.158000+00:00] 44%|████▎     | 505/1158 [26:45<34:27,  3.17s/it]
[2026-05-31T04:34:36.159000+00:00] 44%|████▎     | 506/1158 [26:49<34:41,  3.19s/it]
[2026-05-31T04:34:39.160000+00:00] 44%|████▍     | 507/1158 [26:52<34:28,  3.18s/it]
[2026-05-31T04:34:42.160000+00:00] 44%|████▍     | 508/1158 [26:55<33:54,  3.13s/it]
[2026-05-31T04:34:45.161000+00:00] 44%|████▍     | 509/1158 [26:58<33:16,  3.08s/it]
[2026-05-31T04:34:48.162000+00:00] 44%|████▍     | 510/1158 [27:01<33:44,  3.12s/it]
[2026-05-31T04:34:48.162000+00:00] {'loss': '0.08588', 'grad_norm': '0.09356', 'learning_rate': '0.0001242', 'entropy': '0.09372', 'num_tokens': '2.858e+06', 'mean_token_accuracy': '0.9769', 'epoch': '2.642'}
[2026-05-31T04:34:48.162000+00:00] 44%|████▍     | 510/1158 [27:01<33:44,  3.12s/it]
[2026-05-31T04:34:51.163000+00:00] 44%|████▍     | 511/1158 [27:04<32:53,  3.05s/it]
[2026-05-31T04:34:54.164000+00:00] 44%|████▍     | 512/1158 [27:07<33:32,  3.11s/it]
[2026-05-31T04:34:57.164000+00:00] 44%|████▍     | 513/1158 [27:10<33:03,  3.07s/it]
[2026-05-31T04:35:00.165000+00:00] 44%|████▍     | 514/1158 [27:13<33:18,  3.10s/it]
[2026-05-31T04:35:04.166000+00:00] 44%|████▍     | 515/1158 [27:16<33:38,  3.14s/it]
[2026-05-31T04:35:07.167000+00:00] 45%|████▍     | 516/1158 [27:20<33:52,  3.17s/it]
[2026-05-31T04:35:10.168000+00:00] 45%|████▍     | 517/1158 [27:23<34:07,  3.19s/it]
[2026-05-31T04:35:13.169000+00:00] 45%|████▍     | 518/1158 [27:26<33:24,  3.13s/it]
[2026-05-31T04:35:16.170000+00:00] 45%|████▍     | 519/1158 [27:29<32:33,  3.06s/it]
[2026-05-31T04:35:19.170000+00:00] 45%|████▍     | 520/1158 [27:32<32:17,  3.04s/it]
[2026-05-31T04:35:19.170000+00:00] {'loss': '0.08591', 'grad_norm': '0.09897', 'learning_rate': '0.0001215', 'entropy': '0.09389', 'num_tokens': '2.913e+06', 'mean_token_accuracy': '0.9773', 'epoch': '2.694'}
[2026-05-31T04:35:19.170000+00:00] 45%|████▍     | 520/1158 [27:32<32:17,  3.04s/it]
[2026-05-31T04:35:22.171000+00:00] 45%|████▍     | 521/1158 [27:35<31:18,  2.95s/it]
[2026-05-31T04:35:25.172000+00:00] 45%|████▌     | 522/1158 [27:38<32:14,  3.04s/it]
[2026-05-31T04:35:28.173000+00:00] 45%|████▌     | 523/1158 [27:41<32:47,  3.10s/it]
[2026-05-31T04:35:31.174000+00:00] 45%|████▌     | 524/1158 [27:44<33:11,  3.14s/it]
[2026-05-31T04:35:34.175000+00:00] 45%|████▌     | 525/1158 [27:47<32:38,  3.09s/it]
[2026-05-31T04:35:37.175000+00:00] 45%|████▌     | 526/1158 [27:50<32:13,  3.06s/it]
[2026-05-31T04:35:41.177000+00:00] 46%|████▌     | 527/1158 [27:54<32:44,  3.11s/it]
[2026-05-31T04:35:44.177000+00:00] 46%|████▌     | 528/1158 [27:56<32:19,  3.08s/it]
[2026-05-31T04:35:47.178000+00:00] 46%|████▌     | 529/1158 [28:00<32:42,  3.12s/it]
[2026-05-31T04:35:50.179000+00:00] 46%|████▌     | 530/1158 [28:03<33:11,  3.17s/it]
[2026-05-31T04:35:50.179000+00:00] {'loss': '0.08385', 'grad_norm': '0.07454', 'learning_rate': '0.0001188', 'entropy': '0.09355', 'num_tokens': '2.969e+06', 'mean_token_accuracy': '0.978', 'epoch': '2.746'}
[2026-05-31T04:35:50.179000+00:00] 46%|████▌     | 530/1158 [28:03<33:11,  3.17s/it]
[2026-05-31T04:35:53.180000+00:00] 46%|████▌     | 531/1158 [28:06<33:28,  3.20s/it]
[2026-05-31T04:35:57.181000+00:00] 46%|████▌     | 532/1158 [28:10<33:37,  3.22s/it]
[2026-05-31T04:36:00.182000+00:00] 46%|████▌     | 533/1158 [28:13<33:43,  3.24s/it]
[2026-05-31T04:36:03.183000+00:00] 46%|████▌     | 534/1158 [28:16<33:46,  3.25s/it]
[2026-05-31T04:36:06.183000+00:00] 46%|████▌     | 535/1158 [28:19<33:46,  3.25s/it]
[2026-05-31T04:36:10.184000+00:00] 46%|████▋     | 536/1158 [28:23<33:45,  3.26s/it]
[2026-05-31T04:36:13.185000+00:00] 46%|████▋     | 537/1158 [28:26<33:46,  3.26s/it]
[2026-05-31T04:36:16.186000+00:00] 46%|████▋     | 538/1158 [28:29<33:48,  3.27s/it]
[2026-05-31T04:36:19.187000+00:00] 47%|████▋     | 539/1158 [28:32<33:01,  3.20s/it]
[2026-05-31T04:36:23.188000+00:00] 47%|████▋     | 540/1158 [28:36<33:15,  3.23s/it]
[2026-05-31T04:36:23.188000+00:00] {'loss': '0.08317', 'grad_norm': '0.09335', 'learning_rate': '0.000116', 'entropy': '0.0908', 'num_tokens': '3.026e+06', 'mean_token_accuracy': '0.9774', 'epoch': '2.798'}
[2026-05-31T04:36:23.188000+00:00] 47%|████▋     | 540/1158 [28:36<33:15,  3.23s/it]
[2026-05-31T04:36:26.189000+00:00] 47%|████▋     | 541/1158 [28:39<33:26,  3.25s/it]
[2026-05-31T04:36:29.190000+00:00] 47%|████▋     | 542/1158 [28:42<33:33,  3.27s/it]
[2026-05-31T04:36:33.191000+00:00] 47%|████▋     | 543/1158 [28:45<33:39,  3.28s/it]
[2026-05-31T04:36:36.192000+00:00] 47%|████▋     | 544/1158 [28:49<32:52,  3.21s/it]
[2026-05-31T04:36:39.192000+00:00] 47%|████▋     | 545/1158 [28:52<33:04,  3.24s/it]
[2026-05-31T04:36:42.193000+00:00] 47%|████▋     | 546/1158 [28:55<33:07,  3.25s/it]
[2026-05-31T04:36:45.194000+00:00] 47%|████▋     | 547/1158 [28:58<33:12,  3.26s/it]
[2026-05-31T04:36:49.195000+00:00] 47%|████▋     | 548/1158 [29:02<32:54,  3.24s/it]
[2026-05-31T04:36:52.196000+00:00] 47%|████▋     | 549/1158 [29:05<33:00,  3.25s/it]
[2026-05-31T04:36:55.196000+00:00] 47%|████▋     | 550/1158 [29:08<32:14,  3.18s/it]
[2026-05-31T04:36:55.197000+00:00] {'loss': '0.0844', 'grad_norm': '0.1099', 'learning_rate': '0.0001132', 'entropy': '0.09158', 'num_tokens': '3.082e+06', 'mean_token_accuracy': '0.9774', 'epoch': '2.85'}
[2026-05-31T04:36:55.197000+00:00] 47%|████▋     | 550/1158 [29:08<32:14,  3.18s/it]
[2026-05-31T04:36:58.197000+00:00] 48%|████▊     | 551/1158 [29:11<32:25,  3.21s/it]
[2026-05-31T04:37:01.198000+00:00] 48%|████▊     | 552/1158 [29:14<32:36,  3.23s/it]
[2026-05-31T04:37:05.199000+00:00] 48%|████▊     | 553/1158 [29:18<32:41,  3.24s/it]
[2026-05-31T04:37:08.200000+00:00] 48%|████▊     | 554/1158 [29:21<32:48,  3.26s/it]
[2026-05-31T04:37:11.201000+00:00] 48%|████▊     | 555/1158 [29:24<32:41,  3.25s/it]
[2026-05-31T04:37:15.202000+00:00] 48%|████▊     | 556/1158 [29:27<32:42,  3.26s/it]
[2026-05-31T04:37:18.203000+00:00] 48%|████▊     | 557/1158 [29:31<32:37,  3.26s/it]
[2026-05-31T04:37:21.203000+00:00] 48%|████▊     | 558/1158 [29:34<31:35,  3.16s/it]
[2026-05-31T04:37:24.204000+00:00] 48%|████▊     | 559/1158 [29:37<31:36,  3.17s/it]
[2026-05-31T04:37:27.205000+00:00] 48%|████▊     | 560/1158 [29:40<31:52,  3.20s/it]
[2026-05-31T04:37:27.205000+00:00] {'loss': '0.08505', 'grad_norm': '0.07263', 'learning_rate': '0.0001105', 'entropy': '0.09137', 'num_tokens': '3.139e+06', 'mean_token_accuracy': '0.9775', 'epoch': '2.902'}
[2026-05-31T04:37:27.205000+00:00] 48%|████▊     | 560/1158 [29:40<31:52,  3.20s/it]
[2026-05-31T04:37:31.206000+00:00] 48%|████▊     | 561/1158 [29:43<32:06,  3.23s/it]
[2026-05-31T04:37:33.207000+00:00] 49%|████▊     | 562/1158 [29:46<31:01,  3.12s/it]
[2026-05-31T04:37:36.207000+00:00] 49%|████▊     | 563/1158 [29:49<29:50,  3.01s/it]
[2026-05-31T04:37:39.208000+00:00] 49%|████▊     | 564/1158 [29:52<30:29,  3.08s/it]
[2026-05-31T04:37:42.209000+00:00] 49%|████▉     | 565/1158 [29:55<29:29,  2.98s/it]
[2026-05-31T04:37:45.210000+00:00] 49%|████▉     | 566/1158 [29:58<30:19,  3.07s/it]
[2026-05-31T04:37:49.211000+00:00] 49%|████▉     | 567/1158 [30:02<30:49,  3.13s/it]
[2026-05-31T04:37:52.212000+00:00] 49%|████▉     | 568/1158 [30:05<31:20,  3.19s/it]
[2026-05-31T04:37:55.213000+00:00] 49%|████▉     | 569/1158 [30:08<30:41,  3.13s/it]
[2026-05-31T04:37:58.214000+00:00] 49%|████▉     | 570/1158 [30:11<31:07,  3.18s/it]
[2026-05-31T04:37:58.214000+00:00] {'loss': '0.08383', 'grad_norm': '0.0894', 'learning_rate': '0.0001077', 'entropy': '0.0912', 'num_tokens': '3.195e+06', 'mean_token_accuracy': '0.9779', 'epoch': '2.953'}
[2026-05-31T04:37:58.214000+00:00] 49%|████▉     | 570/1158 [30:11<31:07,  3.18s/it]
[2026-05-31T04:38:02.215000+00:00] 49%|████▉     | 571/1158 [30:14<31:24,  3.21s/it]
[2026-05-31T04:38:05.215000+00:00] 49%|████▉     | 572/1158 [30:18<31:34,  3.23s/it]
[2026-05-31T04:38:08.216000+00:00] 49%|████▉     | 573/1158 [30:21<31:36,  3.24s/it]
[2026-05-31T04:38:11.217000+00:00] 50%|████▉     | 574/1158 [30:24<31:38,  3.25s/it]
[2026-05-31T04:38:15.218000+00:00] 50%|████▉     | 575/1158 [30:28<31:45,  3.27s/it]
[2026-05-31T04:38:18.219000+00:00] 50%|████▉     | 576/1158 [30:31<31:05,  3.20s/it]
[2026-05-31T04:38:21.220000+00:00] 50%|████▉     | 577/1158 [30:34<31:21,  3.24s/it]
[2026-05-31T04:38:24.220000+00:00] 50%|████▉     | 578/1158 [30:37<31:37,  3.27s/it]
[2026-05-31T04:38:25.221000+00:00] 50%|█████     | 579/1158 [30:38<23:47,  2.47s/it]
[2026-05-31T04:38:29.222000+00:00] 50%|█████     | 580/1158 [30:42<28:19,  2.94s/it]
[2026-05-31T04:38:29.222000+00:00] {'loss': '0.0846', 'grad_norm': '0.0871', 'learning_rate': '0.0001049', 'entropy': '0.09287', 'num_tokens': '3.247e+06', 'mean_token_accuracy': '0.9771', 'epoch': '3.005'}
[2026-05-31T04:38:29.222000+00:00] 50%|█████     | 580/1158 [30:42<28:19,  2.94s/it]
[2026-05-31T04:38:32.223000+00:00] 50%|█████     | 581/1158 [30:45<29:19,  3.05s/it]
[2026-05-31T04:38:36.224000+00:00] 50%|█████     | 582/1158 [30:49<29:50,  3.11s/it]
[2026-05-31T04:38:39.225000+00:00] 50%|█████     | 583/1158 [30:52<30:18,  3.16s/it]
[2026-05-31T04:38:42.226000+00:00] 50%|█████     | 584/1158 [30:55<30:28,  3.19s/it]
[2026-05-31T04:38:45.227000+00:00] 51%|█████     | 585/1158 [30:58<30:34,  3.20s/it]
[2026-05-31T04:38:49.228000+00:00] 51%|█████     | 586/1158 [31:02<30:41,  3.22s/it]
[2026-05-31T04:38:52.228000+00:00] 51%|█████     | 587/1158 [31:05<29:58,  3.15s/it]
[2026-05-31T04:38:55.229000+00:00] 51%|█████     | 588/1158 [31:08<30:13,  3.18s/it]
[2026-05-31T04:38:58.230000+00:00] 51%|█████     | 589/1158 [31:11<30:19,  3.20s/it]
[2026-05-31T04:39:01.231000+00:00] 51%|█████     | 590/1158 [31:14<30:27,  3.22s/it]
[2026-05-31T04:39:01.231000+00:00] {'loss': '0.08115', 'grad_norm': '0.1086', 'learning_rate': '0.0001021', 'entropy': '0.08902', 'num_tokens': '3.304e+06', 'mean_token_accuracy': '0.9783', 'epoch': '3.057'}
[2026-05-31T04:39:01.231000+00:00] 51%|█████     | 590/1158 [31:14<30:27,  3.22s/it]
[2026-05-31T04:39:05.232000+00:00] 51%|█████     | 591/1158 [31:18<30:32,  3.23s/it]
[2026-05-31T04:39:08.233000+00:00] 51%|█████     | 592/1158 [31:21<30:29,  3.23s/it]
[2026-05-31T04:39:11.234000+00:00] 51%|█████     | 593/1158 [31:24<30:23,  3.23s/it]
[2026-05-31T04:39:14.234000+00:00] 51%|█████▏    | 594/1158 [31:27<29:37,  3.15s/it]
[2026-05-31T04:39:17.235000+00:00] 51%|█████▏    | 595/1158 [31:30<29:47,  3.18s/it]
[2026-05-31T04:39:20.236000+00:00] 51%|█████▏    | 596/1158 [31:33<29:47,  3.18s/it]
[2026-05-31T04:39:24.237000+00:00] 52%|█████▏    | 597/1158 [31:37<29:56,  3.20s/it]
[2026-05-31T04:39:27.238000+00:00] 52%|█████▏    | 598/1158 [31:40<30:02,  3.22s/it]
[2026-05-31T04:39:30.239000+00:00] 52%|█████▏    | 599/1158 [31:43<29:48,  3.20s/it]
[2026-05-31T04:39:33.239000+00:00] 52%|█████▏    | 600/1158 [31:46<29:49,  3.21s/it]
[2026-05-31T04:39:33.239000+00:00] {'loss': '0.08207', 'grad_norm': '0.08506', 'learning_rate': '9.93e-05', 'entropy': '0.09129', 'num_tokens': '3.36e+06', 'mean_token_accuracy': '0.9777', 'epoch': '3.109'}
[2026-05-31T04:39:33.239000+00:00] 52%|█████▏    | 600/1158 [31:46<29:49,  3.21s/it]
[2026-05-31T04:39:37.240000+00:00] 52%|█████▏    | 601/1158 [31:50<29:51,  3.22s/it]
[2026-05-31T04:39:40.241000+00:00] 52%|█████▏    | 602/1158 [31:53<29:50,  3.22s/it]
[2026-05-31T04:39:43.242000+00:00] 52%|█████▏    | 603/1158 [31:56<29:48,  3.22s/it]
[2026-05-31T04:39:46.243000+00:00] 52%|█████▏    | 604/1158 [31:59<29:51,  3.23s/it]
[2026-05-31T04:39:50.244000+00:00] 52%|█████▏    | 605/1158 [32:02<29:53,  3.24s/it]
[2026-05-31T04:39:53.245000+00:00] 52%|█████▏    | 606/1158 [32:06<29:49,  3.24s/it]
[2026-05-31T04:39:56.245000+00:00] 52%|█████▏    | 607/1158 [32:09<29:40,  3.23s/it]
[2026-05-31T04:39:59.246000+00:00] 53%|█████▎    | 608/1158 [32:12<28:48,  3.14s/it]
[2026-05-31T04:40:02.247000+00:00] 53%|█████▎    | 609/1158 [32:15<28:19,  3.10s/it]
[2026-05-31T04:40:05.248000+00:00] 53%|█████▎    | 610/1158 [32:18<28:38,  3.14s/it]
[2026-05-31T04:40:05.248000+00:00] {'loss': '0.08256', 'grad_norm': '0.08879', 'learning_rate': '9.65e-05', 'entropy': '0.08844', 'num_tokens': '3.416e+06', 'mean_token_accuracy': '0.9781', 'epoch': '3.161'}
[2026-05-31T04:40:05.248000+00:00] 53%|█████▎    | 610/1158 [32:18<28:38,  3.14s/it]
[2026-05-31T04:40:08.249000+00:00] 53%|█████▎    | 611/1158 [32:21<28:04,  3.08s/it]
[2026-05-31T04:40:11.250000+00:00] 53%|█████▎    | 612/1158 [32:24<28:27,  3.13s/it]
[2026-05-31T04:40:14.250000+00:00] 53%|█████▎    | 613/1158 [32:27<27:21,  3.01s/it]
[2026-05-31T04:40:17.251000+00:00] 53%|█████▎    | 614/1158 [32:30<27:07,  2.99s/it]
[2026-05-31T04:40:20.252000+00:00] 53%|█████▎    | 615/1158 [32:33<27:46,  3.07s/it]
[2026-05-31T04:40:24.253000+00:00] 53%|█████▎    | 616/1158 [32:36<28:14,  3.13s/it]
[2026-05-31T04:40:27.254000+00:00] 53%|█████▎    | 617/1158 [32:40<28:29,  3.16s/it]
[2026-05-31T04:40:30.255000+00:00] 53%|█████▎    | 618/1158 [32:43<28:37,  3.18s/it]
[2026-05-31T04:40:33.256000+00:00] 53%|█████▎    | 619/1158 [32:46<27:53,  3.10s/it]
[2026-05-31T04:40:36.256000+00:00] 54%|█████▎    | 620/1158 [32:49<28:10,  3.14s/it]
[2026-05-31T04:40:36.257000+00:00] {'loss': '0.08283', 'grad_norm': '0.0805', 'learning_rate': '9.371e-05', 'entropy': '0.09101', 'num_tokens': '3.472e+06', 'mean_token_accuracy': '0.9779', 'epoch': '3.212'}
[2026-05-31T04:40:36.257000+00:00] 54%|█████▎    | 620/1158 [32:49<28:10,  3.14s/it]
[2026-05-31T04:40:39.257000+00:00] 54%|█████▎    | 621/1158 [32:52<28:26,  3.18s/it]
[2026-05-31T04:40:43.258000+00:00] 54%|█████▎    | 622/1158 [32:56<28:36,  3.20s/it]
[2026-05-31T04:40:46.259000+00:00] 54%|█████▍    | 623/1158 [32:59<28:43,  3.22s/it]
[2026-05-31T04:40:49.260000+00:00] 54%|█████▍    | 624/1158 [33:02<27:23,  3.08s/it]
[2026-05-31T04:40:52.261000+00:00] 54%|█████▍    | 625/1158 [33:05<27:43,  3.12s/it]
[2026-05-31T04:40:55.262000+00:00] 54%|█████▍    | 626/1158 [33:08<27:20,  3.08s/it]
[2026-05-31T04:40:58.263000+00:00] 54%|█████▍    | 627/1158 [33:11<27:46,  3.14s/it]
[2026-05-31T04:41:01.263000+00:00] 54%|█████▍    | 628/1158 [33:14<28:00,  3.17s/it]
[2026-05-31T04:41:05.264000+00:00] 54%|█████▍    | 629/1158 [33:18<28:11,  3.20s/it]
[2026-05-31T04:41:08.265000+00:00] 54%|█████▍    | 630/1158 [33:21<28:22,  3.22s/it]
[2026-05-31T04:41:08.265000+00:00] {'loss': '0.08214', 'grad_norm': '0.1181', 'learning_rate': '9.092e-05', 'entropy': '0.08802', 'num_tokens': '3.529e+06', 'mean_token_accuracy': '0.9778', 'epoch': '3.264'}
[2026-05-31T04:41:08.265000+00:00] 54%|█████▍    | 630/1158 [33:21<28:22,  3.22s/it]
[2026-05-31T04:41:11.266000+00:00] 54%|█████▍    | 631/1158 [33:24<27:43,  3.16s/it]
[2026-05-31T04:41:14.267000+00:00] 55%|█████▍    | 632/1158 [33:27<27:55,  3.18s/it]
[2026-05-31T04:41:17.268000+00:00] 55%|█████▍    | 633/1158 [33:30<28:06,  3.21s/it]
[2026-05-31T04:41:21.269000+00:00] 55%|█████▍    | 634/1158 [33:34<28:16,  3.24s/it]
[2026-05-31T04:41:24.270000+00:00] 55%|█████▍    | 635/1158 [33:37<28:17,  3.25s/it]
[2026-05-31T04:41:27.270000+00:00] 55%|█████▍    | 636/1158 [33:40<28:21,  3.26s/it]
[2026-05-31T04:41:31.271000+00:00] 55%|█████▌    | 637/1158 [33:44<28:23,  3.27s/it]
[2026-05-31T04:41:34.272000+00:00] 55%|█████▌    | 638/1158 [33:47<28:27,  3.28s/it]
[2026-05-31T04:41:37.273000+00:00] 55%|█████▌    | 639/1158 [33:50<27:41,  3.20s/it]
[2026-05-31T04:41:40.274000+00:00] 55%|█████▌    | 640/1158 [33:53<27:05,  3.14s/it]
[2026-05-31T04:41:40.274000+00:00] {'loss': '0.0827', 'grad_norm': '0.07509', 'learning_rate': '8.814e-05', 'entropy': '0.09018', 'num_tokens': '3.585e+06', 'mean_token_accuracy': '0.9775', 'epoch': '3.316'}
[2026-05-31T04:41:40.274000+00:00] 55%|█████▌    | 640/1158 [33:53<27:05,  3.14s/it]
[2026-05-31T04:41:43.275000+00:00] 55%|█████▌    | 641/1158 [33:56<27:24,  3.18s/it]
[2026-05-31T04:41:46.275000+00:00] 55%|█████▌    | 642/1158 [33:59<26:49,  3.12s/it]
[2026-05-31T04:41:49.276000+00:00] 56%|█████▌    | 643/1158 [34:02<27:08,  3.16s/it]
[2026-05-31T04:41:53.277000+00:00] 56%|█████▌    | 644/1158 [34:06<27:23,  3.20s/it]
[2026-05-31T04:41:56.278000+00:00] 56%|█████▌    | 645/1158 [34:09<27:31,  3.22s/it]
[2026-05-31T04:41:59.279000+00:00] 56%|█████▌    | 646/1158 [34:12<27:37,  3.24s/it]
[2026-05-31T04:42:03.280000+00:00] 56%|█████▌    | 647/1158 [34:15<27:35,  3.24s/it]
[2026-05-31T04:42:06.281000+00:00] 56%|█████▌    | 648/1158 [34:19<27:37,  3.25s/it]
[2026-05-31T04:42:09.282000+00:00] 56%|█████▌    | 649/1158 [34:22<27:00,  3.18s/it]
[2026-05-31T04:42:12.282000+00:00] 56%|█████▌    | 650/1158 [34:25<27:09,  3.21s/it]
[2026-05-31T04:42:12.282000+00:00] {'loss': '0.08158', 'grad_norm': '0.1393', 'learning_rate': '8.537e-05', 'entropy': '0.09005', 'num_tokens': '3.641e+06', 'mean_token_accuracy': '0.9774', 'epoch': '3.368'}
[2026-05-31T04:42:12.282000+00:00] 56%|█████▌    | 650/1158 [34:25<27:09,  3.21s/it]
[2026-05-31T04:42:15.283000+00:00] 56%|█████▌    | 651/1158 [34:28<27:12,  3.22s/it]
[2026-05-31T04:42:18.284000+00:00] 56%|█████▋    | 652/1158 [34:31<26:45,  3.17s/it]
[2026-05-31T04:42:22.285000+00:00] 56%|█████▋    | 653/1158 [34:35<26:58,  3.21s/it]
[2026-05-31T04:42:25.286000+00:00] 56%|█████▋    | 654/1158 [34:38<27:09,  3.23s/it]
[2026-05-31T04:42:28.287000+00:00] 57%|█████▋    | 655/1158 [34:41<27:13,  3.25s/it]
[2026-05-31T04:42:31.288000+00:00] 57%|█████▋    | 656/1158 [34:44<26:19,  3.15s/it]
[2026-05-31T04:42:34.288000+00:00] 57%|█████▋    | 657/1158 [34:47<25:58,  3.11s/it]
[2026-05-31T04:42:37.289000+00:00] 57%|█████▋    | 658/1158 [34:50<26:23,  3.17s/it]
[2026-05-31T04:42:41.290000+00:00] 57%|█████▋    | 659/1158 [34:54<26:43,  3.21s/it]
[2026-05-31T04:42:44.291000+00:00] 57%|█████▋    | 660/1158 [34:57<26:11,  3.16s/it]
[2026-05-31T04:42:44.291000+00:00] {'loss': '0.08041', 'grad_norm': '0.1019', 'learning_rate': '8.26e-05', 'entropy': '0.08783', 'num_tokens': '3.696e+06', 'mean_token_accuracy': '0.9786', 'epoch': '3.42'}
[2026-05-31T04:42:44.291000+00:00] 57%|█████▋    | 660/1158 [34:57<26:11,  3.16s/it]
[2026-05-31T04:42:47.292000+00:00] 57%|█████▋    | 661/1158 [35:00<26:31,  3.20s/it]
[2026-05-31T04:42:50.293000+00:00] 57%|█████▋    | 662/1158 [35:03<26:43,  3.23s/it]
[2026-05-31T04:42:53.294000+00:00] 57%|█████▋    | 663/1158 [35:06<25:35,  3.10s/it]
[2026-05-31T04:42:57.295000+00:00] 57%|█████▋    | 664/1158 [35:10<26:05,  3.17s/it]
[2026-05-31T04:43:00.295000+00:00] 57%|█████▋    | 665/1158 [35:13<26:24,  3.21s/it]
[2026-05-31T04:43:03.296000+00:00] 58%|█████▊    | 666/1158 [35:16<26:30,  3.23s/it]
[2026-05-31T04:43:06.297000+00:00] 58%|█████▊    | 667/1158 [35:19<26:33,  3.25s/it]
[2026-05-31T04:43:10.298000+00:00] 58%|█████▊    | 668/1158 [35:23<26:33,  3.25s/it]
[2026-05-31T04:43:13.299000+00:00] 58%|█████▊    | 669/1158 [35:26<26:29,  3.25s/it]
[2026-05-31T04:43:16.300000+00:00] 58%|█████▊    | 670/1158 [35:29<26:27,  3.25s/it]
[2026-05-31T04:43:16.300000+00:00] {'loss': '0.08095', 'grad_norm': '0.07618', 'learning_rate': '7.986e-05', 'entropy': '0.08808', 'num_tokens': '3.752e+06', 'mean_token_accuracy': '0.9779', 'epoch': '3.472'}
[2026-05-31T04:43:16.300000+00:00] 58%|█████▊    | 670/1158 [35:29<26:27,  3.25s/it]
[2026-05-31T04:43:19.301000+00:00] 58%|█████▊    | 671/1158 [35:32<26:28,  3.26s/it]
[2026-05-31T04:43:23.302000+00:00] 58%|█████▊    | 672/1158 [35:36<26:26,  3.26s/it]
[2026-05-31T04:43:26.303000+00:00] 58%|█████▊    | 673/1158 [35:39<26:27,  3.27s/it]
[2026-05-31T04:43:29.304000+00:00] 58%|█████▊    | 674/1158 [35:42<26:23,  3.27s/it]
[2026-05-31T04:43:33.305000+00:00] 58%|█████▊    | 675/1158 [35:46<26:22,  3.28s/it]
[2026-05-31T04:43:36.305000+00:00] 58%|█████▊    | 676/1158 [35:49<26:17,  3.27s/it]
[2026-05-31T04:43:39.306000+00:00] 58%|█████▊    | 677/1158 [35:52<26:17,  3.28s/it]
[2026-05-31T04:43:42.307000+00:00] 59%|█████▊    | 678/1158 [35:55<25:19,  3.17s/it]
[2026-05-31T04:43:45.308000+00:00] 59%|█████▊    | 679/1158 [35:58<25:30,  3.19s/it]
[2026-05-31T04:43:48.309000+00:00] 59%|█████▊    | 680/1158 [36:01<24:44,  3.11s/it]
[2026-05-31T04:43:48.309000+00:00] {'loss': '0.0801', 'grad_norm': '0.0672', 'learning_rate': '7.712e-05', 'entropy': '0.08717', 'num_tokens': '3.808e+06', 'mean_token_accuracy': '0.9783', 'epoch': '3.523'}
[2026-05-31T04:43:48.309000+00:00] 59%|█████▊    | 680/1158 [36:01<24:44,  3.11s/it]
[2026-05-31T04:43:52.310000+00:00] 59%|█████▉    | 681/1158 [36:05<25:09,  3.16s/it]
[2026-05-31T04:43:55.311000+00:00] 59%|█████▉    | 682/1158 [36:08<24:45,  3.12s/it]
[2026-05-31T04:43:58.312000+00:00] 59%|█████▉    | 683/1158 [36:11<25:11,  3.18s/it]
[2026-05-31T04:44:01.312000+00:00] 59%|█████▉    | 684/1158 [36:14<25:26,  3.22s/it]
[2026-05-31T04:44:04.313000+00:00] 59%|█████▉    | 685/1158 [36:17<25:33,  3.24s/it]
[2026-05-31T04:44:08.314000+00:00] 59%|█████▉    | 686/1158 [36:21<25:40,  3.26s/it]
[2026-05-31T04:44:11.315000+00:00] 59%|█████▉    | 687/1158 [36:24<25:45,  3.28s/it]
[2026-05-31T04:44:14.316000+00:00] 59%|█████▉    | 688/1158 [36:27<25:06,  3.20s/it]
[2026-05-31T04:44:17.317000+00:00] 59%|█████▉    | 689/1158 [36:30<24:43,  3.16s/it]
[2026-05-31T04:44:21.318000+00:00] 60%|█████▉    | 690/1158 [36:34<25:04,  3.22s/it]
[2026-05-31T04:44:21.318000+00:00] {'loss': '0.07936', 'grad_norm': '0.0812', 'learning_rate': '7.441e-05', 'entropy': '0.08649', 'num_tokens': '3.865e+06', 'mean_token_accuracy': '0.9788', 'epoch': '3.575'}
[2026-05-31T04:44:21.318000+00:00] 60%|█████▉    | 690/1158 [36:34<25:04,  3.22s/it]
[2026-05-31T04:44:24.319000+00:00] 60%|█████▉    | 691/1158 [36:37<25:17,  3.25s/it]
[2026-05-31T04:44:27.320000+00:00] 60%|█████▉    | 692/1158 [36:40<25:21,  3.26s/it]
[2026-05-31T04:44:30.321000+00:00] 60%|█████▉    | 693/1158 [36:43<24:47,  3.20s/it]
[2026-05-31T04:44:33.321000+00:00] 60%|█████▉    | 694/1158 [36:46<24:56,  3.23s/it]
[2026-05-31T04:44:37.322000+00:00] 60%|██████    | 695/1158 [36:50<24:52,  3.22s/it]
[2026-05-31T04:44:39.323000+00:00] 60%|██████    | 696/1158 [36:52<23:47,  3.09s/it]
[2026-05-31T04:44:43.324000+00:00] 60%|██████    | 697/1158 [36:56<24:11,  3.15s/it]
[2026-05-31T04:44:46.325000+00:00] 60%|██████    | 698/1158 [36:59<24:27,  3.19s/it]
[2026-05-31T04:44:49.325000+00:00] 60%|██████    | 699/1158 [37:02<23:56,  3.13s/it]
[2026-05-31T04:44:52.326000+00:00] 60%|██████    | 700/1158 [37:05<24:11,  3.17s/it]
[2026-05-31T04:44:52.326000+00:00] {'loss': '0.07758', 'grad_norm': '0.124', 'learning_rate': '7.172e-05', 'entropy': '0.08585', 'num_tokens': '3.92e+06', 'mean_token_accuracy': '0.9789', 'epoch': '3.627'}
[2026-05-31T04:44:52.326000+00:00] 60%|██████    | 700/1158 [37:05<24:11,  3.17s/it]
[2026-05-31T04:44:56.327000+00:00] 61%|██████    | 701/1158 [37:09<24:21,  3.20s/it]
[2026-05-31T04:44:59.328000+00:00] 61%|██████    | 702/1158 [37:12<24:31,  3.23s/it]
[2026-05-31T04:45:02.329000+00:00] 61%|██████    | 703/1158 [37:15<24:33,  3.24s/it]
[2026-05-31T04:45:05.330000+00:00] 61%|██████    | 704/1158 [37:18<24:39,  3.26s/it]
[2026-05-31T04:45:08.331000+00:00] 61%|██████    | 705/1158 [37:21<24:08,  3.20s/it]
[2026-05-31T04:45:11.331000+00:00] 61%|██████    | 706/1158 [37:24<23:37,  3.14s/it]
[2026-05-31T04:45:15.332000+00:00] 61%|██████    | 707/1158 [37:28<23:57,  3.19s/it]
[2026-05-31T04:45:18.333000+00:00] 61%|██████    | 708/1158 [37:31<24:08,  3.22s/it]
[2026-05-31T04:45:21.334000+00:00] 61%|██████    | 709/1158 [37:34<23:43,  3.17s/it]
[2026-05-31T04:45:24.335000+00:00] 61%|██████▏   | 710/1158 [37:37<23:55,  3.20s/it]
[2026-05-31T04:45:24.335000+00:00] {'loss': '0.081', 'grad_norm': '0.0768', 'learning_rate': '6.905e-05', 'entropy': '0.0875', 'num_tokens': '3.977e+06', 'mean_token_accuracy': '0.9777', 'epoch': '3.679'}
[2026-05-31T04:45:24.335000+00:00] 61%|██████▏   | 710/1158 [37:37<23:55,  3.20s/it]
[2026-05-31T04:45:28.336000+00:00] 61%|██████▏   | 711/1158 [37:41<24:02,  3.23s/it]
[2026-05-31T04:45:31.337000+00:00] 61%|██████▏   | 712/1158 [37:44<23:16,  3.13s/it]
[2026-05-31T04:45:34.338000+00:00] 62%|██████▏   | 713/1158 [37:47<23:37,  3.19s/it]
[2026-05-31T04:45:37.338000+00:00] 62%|██████▏   | 714/1158 [37:50<23:16,  3.15s/it]
[2026-05-31T04:45:40.339000+00:00] 62%|██████▏   | 715/1158 [37:53<23:37,  3.20s/it]
[2026-05-31T04:45:44.340000+00:00] 62%|██████▏   | 716/1158 [37:57<23:50,  3.24s/it]
[2026-05-31T04:45:47.341000+00:00] 62%|██████▏   | 717/1158 [38:00<23:55,  3.26s/it]
[2026-05-31T04:45:50.342000+00:00] 62%|██████▏   | 718/1158 [38:03<24:02,  3.28s/it]
[2026-05-31T04:45:54.343000+00:00] 62%|██████▏   | 719/1158 [38:07<24:05,  3.29s/it]
[2026-05-31T04:45:57.344000+00:00] 62%|██████▏   | 720/1158 [38:10<24:05,  3.30s/it]
[2026-05-31T04:45:57.344000+00:00] {'loss': '0.08106', 'grad_norm': '0.1016', 'learning_rate': '6.64e-05', 'entropy': '0.0876', 'num_tokens': '4.032e+06', 'mean_token_accuracy': '0.9781', 'epoch': '3.731'}
[2026-05-31T04:45:57.344000+00:00] 62%|██████▏   | 720/1158 [38:10<24:05,  3.30s/it]
[2026-05-31T04:46:00.345000+00:00] 62%|██████▏   | 721/1158 [38:13<24:00,  3.30s/it]
[2026-05-31T04:46:03.346000+00:00] 62%|██████▏   | 722/1158 [38:16<23:14,  3.20s/it]
[2026-05-31T04:46:06.347000+00:00] 62%|██████▏   | 723/1158 [38:19<23:23,  3.23s/it]
[2026-05-31T04:46:10.348000+00:00] 63%|██████▎   | 724/1158 [38:23<23:28,  3.25s/it]
[2026-05-31T04:46:13.348000+00:00] 63%|██████▎   | 725/1158 [38:26<23:30,  3.26s/it]
[2026-05-31T04:46:16.349000+00:00] 63%|██████▎   | 726/1158 [38:29<23:29,  3.26s/it]
[2026-05-31T04:46:20.350000+00:00] 63%|██████▎   | 727/1158 [38:33<23:32,  3.28s/it]
[2026-05-31T04:46:23.351000+00:00] 63%|██████▎   | 728/1158 [38:36<22:59,  3.21s/it]
[2026-05-31T04:46:26.352000+00:00] 63%|██████▎   | 729/1158 [38:39<23:05,  3.23s/it]
[2026-05-31T04:46:29.353000+00:00] 63%|██████▎   | 730/1158 [38:42<23:11,  3.25s/it]
[2026-05-31T04:46:29.353000+00:00] {'loss': '0.08018', 'grad_norm': '0.09337', 'learning_rate': '6.378e-05', 'entropy': '0.08756', 'num_tokens': '4.088e+06', 'mean_token_accuracy': '0.9784', 'epoch': '3.782'}
[2026-05-31T04:46:29.353000+00:00] 63%|██████▎   | 730/1158 [38:42<23:11,  3.25s/it]
[2026-05-31T04:46:33.354000+00:00] 63%|██████▎   | 731/1158 [38:46<23:17,  3.27s/it]
[2026-05-31T04:46:36.355000+00:00] 63%|██████▎   | 732/1158 [38:49<23:15,  3.28s/it]
[2026-05-31T04:46:39.355000+00:00] 63%|██████▎   | 733/1158 [38:52<23:05,  3.26s/it]
[2026-05-31T04:46:42.356000+00:00] 63%|██████▎   | 734/1158 [38:55<23:11,  3.28s/it]
[2026-05-31T04:46:46.357000+00:00] 63%|██████▎   | 735/1158 [38:59<23:14,  3.30s/it]
[2026-05-31T04:46:49.358000+00:00] 64%|██████▎   | 736/1158 [39:02<22:38,  3.22s/it]
[2026-05-31T04:46:52.359000+00:00] 64%|██████▎   | 737/1158 [39:05<22:43,  3.24s/it]
[2026-05-31T04:46:55.360000+00:00] 64%|██████▎   | 738/1158 [39:08<22:47,  3.26s/it]
[2026-05-31T04:46:59.361000+00:00] 64%|██████▍   | 739/1158 [39:12<22:50,  3.27s/it]
[2026-05-31T04:47:02.362000+00:00] 64%|██████▍   | 740/1158 [39:15<22:49,  3.28s/it]
[2026-05-31T04:47:02.362000+00:00] {'loss': '0.07876', 'grad_norm': '0.08833', 'learning_rate': '6.118e-05', 'entropy': '0.08665', 'num_tokens': '4.145e+06', 'mean_token_accuracy': '0.9786', 'epoch': '3.834'}
[2026-05-31T04:47:02.362000+00:00] 64%|██████▍   | 740/1158 [39:15<22:49,  3.28s/it]
[2026-05-31T04:47:05.362000+00:00] 64%|██████▍   | 741/1158 [39:18<22:43,  3.27s/it]
[2026-05-31T04:47:08.363000+00:00] 64%|██████▍   | 742/1158 [39:21<22:37,  3.26s/it]
[2026-05-31T04:47:12.364000+00:00] 64%|██████▍   | 743/1158 [39:25<22:30,  3.25s/it]
[2026-05-31T04:47:15.365000+00:00] 64%|██████▍   | 744/1158 [39:28<21:48,  3.16s/it]
[2026-05-31T04:47:18.366000+00:00] 64%|██████▍   | 745/1158 [39:31<21:22,  3.11s/it]
[2026-05-31T04:47:21.367000+00:00] 64%|██████▍   | 746/1158 [39:34<21:33,  3.14s/it]
[2026-05-31T04:47:24.368000+00:00] 65%|██████▍   | 747/1158 [39:37<21:45,  3.18s/it]
[2026-05-31T04:47:27.369000+00:00] 65%|██████▍   | 748/1158 [39:40<21:52,  3.20s/it]
[2026-05-31T04:47:31.370000+00:00] 65%|██████▍   | 749/1158 [39:44<21:51,  3.21s/it]
[2026-05-31T04:47:34.370000+00:00] 65%|██████▍   | 750/1158 [39:47<21:51,  3.22s/it]
[2026-05-31T04:47:34.371000+00:00] {'loss': '0.08059', 'grad_norm': '0.09021', 'learning_rate': '5.862e-05', 'entropy': '0.08722', 'num_tokens': '4.201e+06', 'mean_token_accuracy': '0.9777', 'epoch': '3.886'}
[2026-05-31T04:47:34.371000+00:00] 65%|██████▍   | 750/1158 [39:47<21:51,  3.22s/it]
[2026-05-31T04:47:37.371000+00:00] 65%|██████▍   | 751/1158 [39:50<21:51,  3.22s/it]
[2026-05-31T04:47:40.372000+00:00] 65%|██████▍   | 752/1158 [39:53<21:54,  3.24s/it]
[2026-05-31T04:47:43.373000+00:00] 65%|██████▌   | 753/1158 [39:57<21:49,  3.23s/it]
[2026-05-31T04:47:46.374000+00:00] 65%|██████▌   | 754/1158 [39:59<21:12,  3.15s/it]
[2026-05-31T04:47:50.375000+00:00] 65%|██████▌   | 755/1158 [40:03<21:15,  3.16s/it]
[2026-05-31T04:47:53.376000+00:00] 65%|██████▌   | 756/1158 [40:06<21:22,  3.19s/it]
[2026-05-31T04:47:56.377000+00:00] 65%|██████▌   | 757/1158 [40:09<21:24,  3.20s/it]
[2026-05-31T04:47:59.377000+00:00] 65%|██████▌   | 758/1158 [40:12<21:24,  3.21s/it]
[2026-05-31T04:48:03.378000+00:00] 66%|██████▌   | 759/1158 [40:16<21:23,  3.22s/it]
[2026-05-31T04:48:06.379000+00:00] 66%|██████▌   | 760/1158 [40:19<21:24,  3.23s/it]
[2026-05-31T04:48:06.379000+00:00] {'loss': '0.07781', 'grad_norm': '0.09335', 'learning_rate': '5.609e-05', 'entropy': '0.08666', 'num_tokens': '4.258e+06', 'mean_token_accuracy': '0.979', 'epoch': '3.938'}
[2026-05-31T04:48:06.379000+00:00] 66%|██████▌   | 760/1158 [40:19<21:24,  3.23s/it]
[2026-05-31T04:48:09.380000+00:00] 66%|██████▌   | 761/1158 [40:22<21:22,  3.23s/it]
[2026-05-31T04:48:12.381000+00:00] 66%|██████▌   | 762/1158 [40:25<21:21,  3.24s/it]
[2026-05-31T04:48:15.382000+00:00] 66%|██████▌   | 763/1158 [40:28<20:47,  3.16s/it]
[2026-05-31T04:48:18.383000+00:00] 66%|██████▌   | 764/1158 [40:32<20:44,  3.16s/it]
[2026-05-31T04:48:22.384000+00:00] 66%|██████▌   | 765/1158 [40:35<20:55,  3.19s/it]
[2026-05-31T04:48:25.385000+00:00] 66%|██████▌   | 766/1158 [40:38<20:56,  3.20s/it]
[2026-05-31T04:48:28.385000+00:00] 66%|██████▌   | 767/1158 [40:41<20:58,  3.22s/it]
[2026-05-31T04:48:31.386000+00:00] 66%|██████▋   | 768/1158 [40:45<20:57,  3.22s/it]
[2026-05-31T04:48:35.387000+00:00] 66%|██████▋   | 769/1158 [40:48<20:55,  3.23s/it]
[2026-05-31T04:48:38.388000+00:00] 66%|██████▋   | 770/1158 [40:51<20:23,  3.15s/it]
[2026-05-31T04:48:38.388000+00:00] {'loss': '0.07936', 'grad_norm': '0.103', 'learning_rate': '5.359e-05', 'entropy': '0.08616', 'num_tokens': '4.315e+06', 'mean_token_accuracy': '0.9783', 'epoch': '3.99'}
[2026-05-31T04:48:38.388000+00:00] 66%|██████▋   | 770/1158 [40:51<20:23,  3.15s/it]
[2026-05-31T04:48:41.389000+00:00] 67%|██████▋   | 771/1158 [40:54<20:29,  3.18s/it]
[2026-05-31T04:48:41.389000+00:00] 67%|██████▋   | 772/1158 [40:55<15:21,  2.39s/it]
[2026-05-31T04:48:45.390000+00:00] 67%|██████▋   | 773/1158 [40:58<18:22,  2.86s/it]
[2026-05-31T04:48:48.391000+00:00] 67%|██████▋   | 774/1158 [41:01<18:30,  2.89s/it]
[2026-05-31T04:48:52.392000+00:00] 67%|██████▋   | 775/1158 [41:05<19:08,  3.00s/it]
[2026-05-31T04:48:55.392000+00:00] 67%|██████▋   | 776/1158 [41:08<19:38,  3.09s/it]
[2026-05-31T04:48:58.393000+00:00] 67%|██████▋   | 777/1158 [41:11<19:58,  3.15s/it]
[2026-05-31T04:49:01.394000+00:00] 67%|██████▋   | 778/1158 [41:15<20:08,  3.18s/it]
[2026-05-31T04:49:05.395000+00:00] 67%|██████▋   | 779/1158 [41:18<20:15,  3.21s/it]
[2026-05-31T04:49:08.396000+00:00] 67%|██████▋   | 780/1158 [41:21<20:21,  3.23s/it]
[2026-05-31T04:49:08.396000+00:00] {'loss': '0.0774', 'grad_norm': '0.09515', 'learning_rate': '5.113e-05', 'entropy': '0.08583', 'num_tokens': '4.366e+06', 'mean_token_accuracy': '0.9786', 'epoch': '4.041'}
[2026-05-31T04:49:08.396000+00:00] 67%|██████▋   | 780/1158 [41:21<20:21,  3.23s/it]
[2026-05-31T04:49:11.397000+00:00] 67%|██████▋   | 781/1158 [41:24<20:26,  3.25s/it]
[2026-05-31T04:49:14.398000+00:00] 68%|██████▊   | 782/1158 [41:27<19:52,  3.17s/it]
[2026-05-31T04:49:18.399000+00:00] 68%|██████▊   | 783/1158 [41:31<20:05,  3.22s/it]
[2026-05-31T04:49:21.400000+00:00] 68%|██████▊   | 784/1158 [41:34<20:11,  3.24s/it]
[2026-05-31T04:49:24.400000+00:00] 68%|██████▊   | 785/1158 [41:37<20:13,  3.25s/it]
[2026-05-31T04:49:27.401000+00:00] 68%|██████▊   | 786/1158 [41:41<20:16,  3.27s/it]
[2026-05-31T04:49:31.402000+00:00] 68%|██████▊   | 787/1158 [41:44<20:18,  3.28s/it]
[2026-05-31T04:49:34.403000+00:00] 68%|██████▊   | 788/1158 [41:47<19:46,  3.21s/it]
[2026-05-31T04:49:37.404000+00:00] 68%|██████▊   | 789/1158 [41:50<19:19,  3.14s/it]
[2026-05-31T04:49:40.405000+00:00] 68%|██████▊   | 790/1158 [41:53<19:06,  3.12s/it]
[2026-05-31T04:49:40.405000+00:00] {'loss': '0.07666', 'grad_norm': '0.1112', 'learning_rate': '4.871e-05', 'entropy': '0.08365', 'num_tokens': '4.423e+06', 'mean_token_accuracy': '0.9787', 'epoch': '4.093'}
[2026-05-31T04:49:40.405000+00:00] 68%|██████▊   | 790/1158 [41:53<19:06,  3.12s/it]
[2026-05-31T04:49:43.406000+00:00] 68%|██████▊   | 791/1158 [41:56<19:19,  3.16s/it]
[2026-05-31T04:49:46.406000+00:00] 68%|██████▊   | 792/1158 [42:00<19:30,  3.20s/it]
[2026-05-31T04:49:50.408000+00:00] 68%|██████▊   | 793/1158 [42:03<19:37,  3.23s/it]
[2026-05-31T04:49:53.408000+00:00] 69%|██████▊   | 794/1158 [42:06<19:36,  3.23s/it]
[2026-05-31T04:49:56.409000+00:00] 69%|██████▊   | 795/1158 [42:09<19:41,  3.25s/it]
[2026-05-31T04:50:00.410000+00:00] 69%|██████▊   | 796/1158 [42:13<19:42,  3.27s/it]
[2026-05-31T04:50:03.411000+00:00] 69%|██████▉   | 797/1158 [42:16<19:41,  3.27s/it]
[2026-05-31T04:50:06.412000+00:00] 69%|██████▉   | 798/1158 [42:19<19:14,  3.21s/it]
[2026-05-31T04:50:09.413000+00:00] 69%|██████▉   | 799/1158 [42:22<18:50,  3.15s/it]
[2026-05-31T04:50:12.414000+00:00] 69%|██████▉   | 800/1158 [42:25<19:03,  3.19s/it]
[2026-05-31T04:50:12.414000+00:00] {'loss': '0.07844', 'grad_norm': '0.09828', 'learning_rate': '4.633e-05', 'entropy': '0.08545', 'num_tokens': '4.479e+06', 'mean_token_accuracy': '0.9791', 'epoch': '4.145'}
[2026-05-31T04:50:12.414000+00:00] 69%|██████▉   | 800/1158 [42:25<19:03,  3.19s/it]
[2026-05-31T04:50:15.415000+00:00] 69%|██████▉   | 801/1158 [42:29<19:09,  3.22s/it]
[2026-05-31T04:50:18.415000+00:00] 69%|██████▉   | 802/1158 [42:32<18:45,  3.16s/it]
[2026-05-31T04:50:21.416000+00:00] 69%|██████▉   | 803/1158 [42:35<18:23,  3.11s/it]
[2026-05-31T04:50:25.417000+00:00] 69%|██████▉   | 804/1158 [42:38<18:17,  3.10s/it]
[2026-05-31T04:50:28.418000+00:00] 70%|██████▉   | 805/1158 [42:41<18:08,  3.08s/it]
[2026-05-31T04:50:31.419000+00:00] 70%|██████▉   | 806/1158 [42:44<18:17,  3.12s/it]
[2026-05-31T04:50:34.420000+00:00] 70%|██████▉   | 807/1158 [42:47<18:33,  3.17s/it]
[2026-05-31T04:50:37.421000+00:00] 70%|██████▉   | 808/1158 [42:50<18:11,  3.12s/it]
[2026-05-31T04:50:40.421000+00:00] 70%|██████▉   | 809/1158 [42:54<18:28,  3.18s/it]
[2026-05-31T04:50:44.422000+00:00] 70%|██████▉   | 810/1158 [42:57<18:37,  3.21s/it]
[2026-05-31T04:50:44.422000+00:00] {'loss': '0.077', 'grad_norm': '0.1184', 'learning_rate': '4.399e-05', 'entropy': '0.08398', 'num_tokens': '4.534e+06', 'mean_token_accuracy': '0.979', 'epoch': '4.197'}
[2026-05-31T04:50:44.423000+00:00] 70%|██████▉   | 810/1158 [42:57<18:37,  3.21s/it]
[2026-05-31T04:50:47.423000+00:00] 70%|███████   | 811/1158 [43:00<18:45,  3.24s/it]
[2026-05-31T04:50:50.424000+00:00] 70%|███████   | 812/1158 [43:03<18:48,  3.26s/it]
[2026-05-31T04:50:54.425000+00:00] 70%|███████   | 813/1158 [43:07<18:59,  3.30s/it]
[2026-05-31T04:50:57.426000+00:00] 70%|███████   | 814/1158 [43:10<18:57,  3.31s/it]
[2026-05-31T04:51:00.427000+00:00] 70%|███████   | 815/1158 [43:13<18:58,  3.32s/it]
[2026-05-31T04:51:04.428000+00:00] 70%|███████   | 816/1158 [43:17<18:53,  3.31s/it]
[2026-05-31T04:51:07.429000+00:00] 71%|███████   | 817/1158 [43:20<18:52,  3.32s/it]
[2026-05-31T04:51:10.430000+00:00] 71%|███████   | 818/1158 [43:23<18:49,  3.32s/it]
[2026-05-31T04:51:14.431000+00:00] 71%|███████   | 819/1158 [43:27<18:45,  3.32s/it]
[2026-05-31T04:51:17.431000+00:00] 71%|███████   | 820/1158 [43:30<18:41,  3.32s/it]
[2026-05-31T04:51:17.432000+00:00] {'loss': '0.07301', 'grad_norm': '0.1132', 'learning_rate': '4.17e-05', 'entropy': '0.08062', 'num_tokens': '4.59e+06', 'mean_token_accuracy': '0.9794', 'epoch': '4.249'}
[2026-05-31T04:51:17.432000+00:00] 71%|███████   | 820/1158 [43:30<18:41,  3.32s/it]
[2026-05-31T04:51:20.432000+00:00] 71%|███████   | 821/1158 [43:33<18:10,  3.24s/it]
[2026-05-31T04:51:23.433000+00:00] 71%|███████   | 822/1158 [43:36<18:15,  3.26s/it]
[2026-05-31T04:51:27.434000+00:00] 71%|███████   | 823/1158 [43:40<18:14,  3.27s/it]
[2026-05-31T04:51:30.435000+00:00] 71%|███████   | 824/1158 [43:43<18:13,  3.27s/it]
[2026-05-31T04:51:33.436000+00:00] 71%|███████   | 825/1158 [43:46<18:13,  3.28s/it]
[2026-05-31T04:51:36.436000+00:00] 71%|███████▏  | 826/1158 [43:50<18:11,  3.29s/it]
[2026-05-31T04:51:40.437000+00:00] 71%|███████▏  | 827/1158 [43:53<18:07,  3.29s/it]
[2026-05-31T04:51:43.438000+00:00] 72%|███████▏  | 828/1158 [43:56<18:04,  3.29s/it]
[2026-05-31T04:51:46.439000+00:00] 72%|███████▏  | 829/1158 [43:59<17:59,  3.28s/it]
[2026-05-31T04:51:50.440000+00:00] 72%|███████▏  | 830/1158 [44:03<17:54,  3.28s/it]
[2026-05-31T04:51:50.440000+00:00] {'loss': '0.07511', 'grad_norm': '0.09622', 'learning_rate': '3.945e-05', 'entropy': '0.08284', 'num_tokens': '4.647e+06', 'mean_token_accuracy': '0.9791', 'epoch': '4.301'}
[2026-05-31T04:51:50.440000+00:00] 72%|███████▏  | 830/1158 [44:03<17:54,  3.28s/it]
[2026-05-31T04:51:53.441000+00:00] 72%|███████▏  | 831/1158 [44:06<17:25,  3.20s/it]
[2026-05-31T04:51:56.442000+00:00] 72%|███████▏  | 832/1158 [44:09<17:28,  3.22s/it]
[2026-05-31T04:51:59.442000+00:00] 72%|███████▏  | 833/1158 [44:12<17:07,  3.16s/it]
[2026-05-31T04:52:02.443000+00:00] 72%|███████▏  | 834/1158 [44:15<17:17,  3.20s/it]
[2026-05-31T04:52:05.444000+00:00] 72%|███████▏  | 835/1158 [44:19<17:21,  3.22s/it]
[2026-05-31T04:52:09.445000+00:00] 72%|███████▏  | 836/1158 [44:22<17:26,  3.25s/it]
[2026-05-31T04:52:12.446000+00:00] 72%|███████▏  | 837/1158 [44:25<17:28,  3.27s/it]
[2026-05-31T04:52:15.447000+00:00] 72%|███████▏  | 838/1158 [44:29<17:30,  3.28s/it]
[2026-05-31T04:52:19.448000+00:00] 72%|███████▏  | 839/1158 [44:32<17:28,  3.29s/it]
[2026-05-31T04:52:22.449000+00:00] 73%|███████▎  | 840/1158 [44:35<17:00,  3.21s/it]
[2026-05-31T04:52:22.449000+00:00] {'loss': '0.07736', 'grad_norm': '0.1036', 'learning_rate': '3.725e-05', 'entropy': '0.08436', 'num_tokens': '4.704e+06', 'mean_token_accuracy': '0.9786', 'epoch': '4.352'}
[2026-05-31T04:52:22.449000+00:00] 73%|███████▎  | 840/1158 [44:35<17:00,  3.21s/it]
[2026-05-31T04:52:25.450000+00:00] 73%|███████▎  | 841/1158 [44:38<17:05,  3.24s/it]
[2026-05-31T04:52:28.451000+00:00] 73%|███████▎  | 842/1158 [44:41<17:08,  3.25s/it]
[2026-05-31T04:52:31.452000+00:00] 73%|███████▎  | 843/1158 [44:45<16:45,  3.19s/it]
[2026-05-31T04:52:35.452000+00:00] 73%|███████▎  | 844/1158 [44:48<16:51,  3.22s/it]
[2026-05-31T04:52:38.453000+00:00] 73%|███████▎  | 845/1158 [44:51<16:51,  3.23s/it]
[2026-05-31T04:52:41.454000+00:00] 73%|███████▎  | 846/1158 [44:54<16:51,  3.24s/it]
[2026-05-31T04:52:44.455000+00:00] 73%|███████▎  | 847/1158 [44:58<16:52,  3.25s/it]
[2026-05-31T04:52:48.456000+00:00] 73%|███████▎  | 848/1158 [45:01<16:50,  3.26s/it]
[2026-05-31T04:52:51.457000+00:00] 73%|███████▎  | 849/1158 [45:04<16:22,  3.18s/it]
[2026-05-31T04:52:54.458000+00:00] 73%|███████▎  | 850/1158 [45:07<16:24,  3.20s/it]
[2026-05-31T04:52:54.458000+00:00] {'loss': '0.07493', 'grad_norm': '0.1084', 'learning_rate': '3.509e-05', 'entropy': '0.08365', 'num_tokens': '4.76e+06', 'mean_token_accuracy': '0.979', 'epoch': '4.404'}
[2026-05-31T04:52:54.458000+00:00] 73%|███████▎  | 850/1158 [45:07<16:24,  3.20s/it]
[2026-05-31T04:52:57.459000+00:00] 73%|███████▎  | 851/1158 [45:10<16:24,  3.21s/it]
[2026-05-31T04:53:00.459000+00:00] 74%|███████▎  | 852/1158 [45:14<16:26,  3.22s/it]
[2026-05-31T04:53:04.461000+00:00] 74%|███████▎  | 853/1158 [45:17<16:25,  3.23s/it]
[2026-05-31T04:53:07.461000+00:00] 74%|███████▎  | 854/1158 [45:20<16:21,  3.23s/it]
[2026-05-31T04:53:10.462000+00:00] 74%|███████▍  | 855/1158 [45:23<16:17,  3.23s/it]
[2026-05-31T04:53:13.463000+00:00] 74%|███████▍  | 856/1158 [45:27<16:14,  3.23s/it]
[2026-05-31T04:53:17.464000+00:00] 74%|███████▍  | 857/1158 [45:30<16:11,  3.23s/it]
[2026-05-31T04:53:20.465000+00:00] 74%|███████▍  | 858/1158 [45:33<15:42,  3.14s/it]
[2026-05-31T04:53:22.465000+00:00] 74%|███████▍  | 859/1158 [45:36<15:13,  3.05s/it]
[2026-05-31T04:53:26.466000+00:00] 74%|███████▍  | 860/1158 [45:39<15:23,  3.10s/it]
[2026-05-31T04:53:26.467000+00:00] {'loss': '0.07741', 'grad_norm': '0.115', 'learning_rate': '3.299e-05', 'entropy': '0.08482', 'num_tokens': '4.816e+06', 'mean_token_accuracy': '0.9788', 'epoch': '4.456'}
[2026-05-31T04:53:26.467000+00:00] 74%|███████▍  | 860/1158 [45:39<15:23,  3.10s/it]
[2026-05-31T04:53:29.467000+00:00] 74%|███████▍  | 861/1158 [45:42<15:09,  3.06s/it]
[2026-05-31T04:53:32.468000+00:00] 74%|███████▍  | 862/1158 [45:45<15:22,  3.12s/it]
[2026-05-31T04:53:35.469000+00:00] 75%|███████▍  | 863/1158 [45:48<15:26,  3.14s/it]
[2026-05-31T04:53:38.470000+00:00] 75%|███████▍  | 864/1158 [45:51<15:33,  3.18s/it]
[2026-05-31T04:53:41.471000+00:00] 75%|███████▍  | 865/1158 [45:55<15:35,  3.19s/it]
[2026-05-31T04:53:45.472000+00:00] 75%|███████▍  | 866/1158 [45:58<15:34,  3.20s/it]
[2026-05-31T04:53:48.473000+00:00] 75%|███████▍  | 867/1158 [46:01<15:34,  3.21s/it]
[2026-05-31T04:53:51.473000+00:00] 75%|███████▍  | 868/1158 [46:04<15:32,  3.21s/it]
[2026-05-31T04:53:54.474000+00:00] 75%|███████▌  | 869/1158 [46:08<15:28,  3.21s/it]
[2026-05-31T04:53:57.475000+00:00] 75%|███████▌  | 870/1158 [46:10<15:01,  3.13s/it]
[2026-05-31T04:53:57.475000+00:00] {'loss': '0.07466', 'grad_norm': '0.1148', 'learning_rate': '3.094e-05', 'entropy': '0.08483', 'num_tokens': '4.871e+06', 'mean_token_accuracy': '0.9797', 'epoch': '4.508'}
[2026-05-31T04:53:57.475000+00:00] 75%|███████▌  | 870/1158 [46:10<15:01,  3.13s/it]
[2026-05-31T04:54:00.476000+00:00] 75%|███████▌  | 871/1158 [46:14<14:59,  3.13s/it]
[2026-05-31T04:54:03.476000+00:00] 75%|███████▌  | 872/1158 [46:17<14:42,  3.08s/it]
[2026-05-31T04:54:07.478000+00:00] 75%|███████▌  | 873/1158 [46:20<14:51,  3.13s/it]
[2026-05-31T04:54:10.478000+00:00] 75%|███████▌  | 874/1158 [46:23<14:55,  3.15s/it]
[2026-05-31T04:54:13.479000+00:00] 76%|███████▌  | 875/1158 [46:26<14:58,  3.17s/it]
[2026-05-31T04:54:16.480000+00:00] 76%|███████▌  | 876/1158 [46:29<15:00,  3.19s/it]
[2026-05-31T04:54:20.481000+00:00] 76%|███████▌  | 877/1158 [46:33<15:00,  3.21s/it]
[2026-05-31T04:54:23.482000+00:00] 76%|███████▌  | 878/1158 [46:36<15:00,  3.21s/it]
[2026-05-31T04:54:26.482000+00:00] 76%|███████▌  | 879/1158 [46:39<14:33,  3.13s/it]
[2026-05-31T04:54:29.483000+00:00] 76%|███████▌  | 880/1158 [46:42<14:39,  3.16s/it]
[2026-05-31T04:54:29.483000+00:00] {'loss': '0.07587', 'grad_norm': '0.1148', 'learning_rate': '2.894e-05', 'entropy': '0.08248', 'num_tokens': '4.928e+06', 'mean_token_accuracy': '0.9796', 'epoch': '4.56'}
[2026-05-31T04:54:29.483000+00:00] 76%|███████▌  | 880/1158 [46:42<14:39,  3.16s/it]
[2026-05-31T04:54:32.484000+00:00] 76%|███████▌  | 881/1158 [46:45<14:44,  3.19s/it]
[2026-05-31T04:54:35.485000+00:00] 76%|███████▌  | 882/1158 [46:49<14:43,  3.20s/it]
[2026-05-31T04:54:38.486000+00:00] 76%|███████▋  | 883/1158 [46:52<14:18,  3.12s/it]
[2026-05-31T04:54:42.487000+00:00] 76%|███████▋  | 884/1158 [46:55<14:25,  3.16s/it]
[2026-05-31T04:54:45.488000+00:00] 76%|███████▋  | 885/1158 [46:58<14:30,  3.19s/it]
[2026-05-31T04:54:48.489000+00:00] 77%|███████▋  | 886/1158 [47:01<14:29,  3.20s/it]
[2026-05-31T04:54:51.490000+00:00] 77%|███████▋  | 887/1158 [47:05<14:31,  3.22s/it]
[2026-05-31T04:54:54.491000+00:00] 77%|███████▋  | 888/1158 [47:07<14:03,  3.12s/it]
[2026-05-31T04:54:57.491000+00:00] 77%|███████▋  | 889/1158 [47:10<13:44,  3.07s/it]
[2026-05-31T04:55:00.492000+00:00] 77%|███████▋  | 890/1158 [47:14<13:54,  3.11s/it]
[2026-05-31T04:55:00.492000+00:00] {'loss': '0.07469', 'grad_norm': '0.09195', 'learning_rate': '2.7e-05', 'entropy': '0.08244', 'num_tokens': '4.984e+06', 'mean_token_accuracy': '0.9794', 'epoch': '4.611'}
[2026-05-31T04:55:00.492000+00:00] 77%|███████▋  | 890/1158 [47:14<13:54,  3.11s/it]
[2026-05-31T04:55:04.493000+00:00] 77%|███████▋  | 891/1158 [47:17<14:00,  3.15s/it]
[2026-05-31T04:55:07.494000+00:00] 77%|███████▋  | 892/1158 [47:20<14:03,  3.17s/it]
[2026-05-31T04:55:10.495000+00:00] 77%|███████▋  | 893/1158 [47:23<14:04,  3.19s/it]
[2026-05-31T04:55:13.496000+00:00] 77%|███████▋  | 894/1158 [47:27<14:07,  3.21s/it]
[2026-05-31T04:55:17.497000+00:00] 77%|███████▋  | 895/1158 [47:30<14:09,  3.23s/it]
[2026-05-31T04:55:20.498000+00:00] 77%|███████▋  | 896/1158 [47:33<14:08,  3.24s/it]
[2026-05-31T04:55:23.499000+00:00] 77%|███████▋  | 897/1158 [47:36<14:06,  3.24s/it]
[2026-05-31T04:55:26.499000+00:00] 78%|███████▊  | 898/1158 [47:40<14:02,  3.24s/it]
[2026-05-31T04:55:30.500000+00:00] 78%|███████▊  | 899/1158 [47:43<14:01,  3.25s/it]
[2026-05-31T04:55:33.501000+00:00] 78%|███████▊  | 900/1158 [47:46<13:57,  3.25s/it]
[2026-05-31T04:55:33.501000+00:00] {'loss': '0.07458', 'grad_norm': '0.1072', 'learning_rate': '2.512e-05', 'entropy': '0.08219', 'num_tokens': '5.041e+06', 'mean_token_accuracy': '0.9789', 'epoch': '4.663'}
[2026-05-31T04:55:33.501000+00:00] 78%|███████▊  | 900/1158 [47:46<13:57,  3.25s/it]
[2026-05-31T04:55:36.502000+00:00] 78%|███████▊  | 901/1158 [47:49<13:55,  3.25s/it]
[2026-05-31T04:55:39.503000+00:00] 78%|███████▊  | 902/1158 [47:53<13:50,  3.25s/it]
[2026-05-31T04:55:42.503000+00:00] 78%|███████▊  | 903/1158 [47:55<13:20,  3.14s/it]
[2026-05-31T04:55:45.504000+00:00] 78%|███████▊  | 904/1158 [47:58<13:06,  3.09s/it]
[2026-05-31T04:55:49.505000+00:00] 78%|███████▊  | 905/1158 [48:02<13:15,  3.14s/it]
[2026-05-31T04:55:52.506000+00:00] 78%|███████▊  | 906/1158 [48:05<13:22,  3.19s/it]
[2026-05-31T04:55:55.507000+00:00] 78%|███████▊  | 907/1158 [48:08<13:25,  3.21s/it]
[2026-05-31T04:55:58.508000+00:00] 78%|███████▊  | 908/1158 [48:11<13:08,  3.15s/it]
[2026-05-31T04:56:01.509000+00:00] 78%|███████▊  | 909/1158 [48:15<13:12,  3.18s/it]
[2026-05-31T04:56:05.510000+00:00] 79%|███████▊  | 910/1158 [48:18<13:16,  3.21s/it]
[2026-05-31T04:56:05.510000+00:00] {'loss': '0.07492', 'grad_norm': '0.0883', 'learning_rate': '2.33e-05', 'entropy': '0.08319', 'num_tokens': '5.097e+06', 'mean_token_accuracy': '0.9791', 'epoch': '4.715'}
[2026-05-31T04:56:05.510000+00:00] 79%|███████▊  | 910/1158 [48:18<13:16,  3.21s/it]
[2026-05-31T04:56:08.511000+00:00] 79%|███████▊  | 911/1158 [48:21<13:19,  3.24s/it]
[2026-05-31T04:56:11.511000+00:00] 79%|███████▉  | 912/1158 [48:24<13:21,  3.26s/it]
[2026-05-31T04:56:15.512000+00:00] 79%|███████▉  | 913/1158 [48:28<13:23,  3.28s/it]
[2026-05-31T04:56:18.513000+00:00] 79%|███████▉  | 914/1158 [48:31<13:04,  3.21s/it]
[2026-05-31T04:56:21.514000+00:00] 79%|███████▉  | 915/1158 [48:34<13:09,  3.25s/it]
[2026-05-31T04:56:24.515000+00:00] 79%|███████▉  | 916/1158 [48:37<12:51,  3.19s/it]
[2026-05-31T04:56:27.516000+00:00] 79%|███████▉  | 917/1158 [48:40<12:34,  3.13s/it]
[2026-05-31T04:56:30.516000+00:00] 79%|███████▉  | 918/1158 [48:43<12:40,  3.17s/it]
[2026-05-31T04:56:33.517000+00:00] 79%|███████▉  | 919/1158 [48:46<12:26,  3.12s/it]
[2026-05-31T04:56:36.518000+00:00] 79%|███████▉  | 920/1158 [48:49<12:10,  3.07s/it]
[2026-05-31T04:56:36.518000+00:00] {'loss': '0.07251', 'grad_norm': '0.1272', 'learning_rate': '2.153e-05', 'entropy': '0.08051', 'num_tokens': '5.153e+06', 'mean_token_accuracy': '0.9798', 'epoch': '4.767'}
[2026-05-31T04:56:36.518000+00:00] 79%|███████▉  | 920/1158 [48:49<12:10,  3.07s/it]
[2026-05-31T04:56:39.519000+00:00] 80%|███████▉  | 921/1158 [48:53<12:21,  3.13s/it]
[2026-05-31T04:56:43.520000+00:00] 80%|███████▉  | 922/1158 [48:56<12:27,  3.17s/it]
[2026-05-31T04:56:46.521000+00:00] 80%|███████▉  | 923/1158 [48:59<12:30,  3.19s/it]
[2026-05-31T04:56:49.522000+00:00] 80%|███████▉  | 924/1158 [49:02<12:31,  3.21s/it]
[2026-05-31T04:56:52.522000+00:00] 80%|███████▉  | 925/1158 [49:06<12:27,  3.21s/it]
[2026-05-31T04:56:55.523000+00:00] 80%|███████▉  | 926/1158 [49:09<12:07,  3.14s/it]
[2026-05-31T04:56:59.524000+00:00] 80%|████████  | 927/1158 [49:12<12:09,  3.16s/it]
[2026-05-31T04:57:02.525000+00:00] 80%|████████  | 928/1158 [49:15<12:10,  3.18s/it]
[2026-05-31T04:57:05.526000+00:00] 80%|████████  | 929/1158 [49:18<12:12,  3.20s/it]
[2026-05-31T04:57:08.527000+00:00] 80%|████████  | 930/1158 [49:22<12:12,  3.21s/it]
[2026-05-31T04:57:08.527000+00:00] {'loss': '0.07423', 'grad_norm': '0.117', 'learning_rate': '1.983e-05', 'entropy': '0.08189', 'num_tokens': '5.209e+06', 'mean_token_accuracy': '0.9791', 'epoch': '4.819'}
[2026-05-31T04:57:08.527000+00:00] 80%|████████  | 930/1158 [49:22<12:12,  3.21s/it]
[2026-05-31T04:57:11.527000+00:00] 80%|████████  | 931/1158 [49:25<11:54,  3.15s/it]
[2026-05-31T04:57:14.528000+00:00] 80%|████████  | 932/1158 [49:27<11:39,  3.10s/it]
[2026-05-31T04:57:17.529000+00:00] 81%|████████  | 933/1158 [49:31<11:45,  3.13s/it]
[2026-05-31T04:57:21.530000+00:00] 81%|████████  | 934/1158 [49:34<11:46,  3.15s/it]
[2026-05-31T04:57:24.531000+00:00] 81%|████████  | 935/1158 [49:37<11:47,  3.17s/it]
[2026-05-31T04:57:27.532000+00:00] 81%|████████  | 936/1158 [49:40<11:46,  3.18s/it]
[2026-05-31T04:57:30.533000+00:00] 81%|████████  | 937/1158 [49:44<11:45,  3.19s/it]
[2026-05-31T04:57:34.534000+00:00] 81%|████████  | 938/1158 [49:47<11:43,  3.20s/it]
[2026-05-31T04:57:37.535000+00:00] 81%|████████  | 939/1158 [49:50<11:41,  3.20s/it]
[2026-05-31T04:57:40.535000+00:00] 81%|████████  | 940/1158 [49:53<11:40,  3.22s/it]
[2026-05-31T04:57:40.535000+00:00] {'loss': '0.07472', 'grad_norm': '0.1018', 'learning_rate': '1.819e-05', 'entropy': '0.08209', 'num_tokens': '5.265e+06', 'mean_token_accuracy': '0.9792', 'epoch': '4.87'}
[2026-05-31T04:57:40.536000+00:00] 81%|████████  | 940/1158 [49:53<11:40,  3.22s/it]
[2026-05-31T04:57:43.536000+00:00] 81%|████████▏ | 941/1158 [49:56<11:40,  3.23s/it]
[2026-05-31T04:57:46.537000+00:00] 81%|████████▏ | 942/1158 [50:00<11:36,  3.22s/it]
[2026-05-31T04:57:50.538000+00:00] 81%|████████▏ | 943/1158 [50:03<11:33,  3.23s/it]
[2026-05-31T04:57:53.539000+00:00] 82%|████████▏ | 944/1158 [50:06<11:11,  3.14s/it]
[2026-05-31T04:57:56.540000+00:00] 82%|████████▏ | 945/1158 [50:09<11:12,  3.16s/it]
[2026-05-31T04:57:59.541000+00:00] 82%|████████▏ | 946/1158 [50:12<11:13,  3.18s/it]
[2026-05-31T04:58:02.542000+00:00] 82%|████████▏ | 947/1158 [50:16<11:13,  3.19s/it]
[2026-05-31T04:58:06.543000+00:00] 82%|████████▏ | 948/1158 [50:19<11:13,  3.21s/it]
[2026-05-31T04:58:09.543000+00:00] 82%|████████▏ | 949/1158 [50:22<11:11,  3.21s/it]
[2026-05-31T04:58:12.544000+00:00] 82%|████████▏ | 950/1158 [50:25<10:52,  3.14s/it]
[2026-05-31T04:58:12.544000+00:00] {'loss': '0.0721', 'grad_norm': '0.1098', 'learning_rate': '1.661e-05', 'entropy': '0.08153', 'num_tokens': '5.322e+06', 'mean_token_accuracy': '0.9799', 'epoch': '4.922'}
[2026-05-31T04:58:12.544000+00:00] 82%|████████▏ | 950/1158 [50:25<10:52,  3.14s/it]
[2026-05-31T04:58:14.545000+00:00] 82%|████████▏ | 951/1158 [50:28<10:24,  3.02s/it]
[2026-05-31T04:58:18.546000+00:00] 82%|████████▏ | 952/1158 [50:31<10:34,  3.08s/it]
[2026-05-31T04:58:21.547000+00:00] 82%|████████▏ | 953/1158 [50:34<10:39,  3.12s/it]
[2026-05-31T04:58:24.548000+00:00] 82%|████████▏ | 954/1158 [50:37<10:42,  3.15s/it]
[2026-05-31T04:58:27.548000+00:00] 82%|████████▏ | 955/1158 [50:41<10:44,  3.17s/it]
[2026-05-31T04:58:31.550000+00:00] 83%|████████▎ | 956/1158 [50:44<10:43,  3.18s/it]
[2026-05-31T04:58:34.550000+00:00] 83%|████████▎ | 957/1158 [50:47<10:41,  3.19s/it]
[2026-05-31T04:58:37.551000+00:00] 83%|████████▎ | 958/1158 [50:50<10:40,  3.20s/it]
[2026-05-31T04:58:40.552000+00:00] 83%|████████▎ | 959/1158 [50:53<10:23,  3.13s/it]
[2026-05-31T04:58:43.553000+00:00] 83%|████████▎ | 960/1158 [50:56<10:11,  3.09s/it]
[2026-05-31T04:58:43.553000+00:00] {'loss': '0.07131', 'grad_norm': '0.1008', 'learning_rate': '1.51e-05', 'entropy': '0.08001', 'num_tokens': '5.378e+06', 'mean_token_accuracy': '0.9802', 'epoch': '4.974'}
[2026-05-31T04:58:43.553000+00:00] 83%|████████▎ | 960/1158 [50:56<10:11,  3.09s/it]
[2026-05-31T04:58:46.554000+00:00] 83%|████████▎ | 961/1158 [50:59<10:16,  3.13s/it]
[2026-05-31T04:58:49.555000+00:00] 83%|████████▎ | 962/1158 [51:03<10:20,  3.17s/it]
[2026-05-31T04:58:53.556000+00:00] 83%|████████▎ | 963/1158 [51:06<10:21,  3.19s/it]
[2026-05-31T04:58:56.556000+00:00] 83%|████████▎ | 964/1158 [51:09<10:20,  3.20s/it]
[2026-05-31T04:58:56.557000+00:00] 83%|████████▎ | 965/1158 [51:10<07:43,  2.40s/it]
[2026-05-31T04:59:00.558000+00:00] 83%|████████▎ | 966/1158 [51:13<08:56,  2.79s/it]
[2026-05-31T04:59:03.558000+00:00] 84%|████████▎ | 967/1158 [51:17<09:17,  2.92s/it]
[2026-05-31T04:59:07.560000+00:00] 84%|████████▎ | 968/1158 [51:20<09:32,  3.01s/it]
[2026-05-31T04:59:10.560000+00:00] 84%|████████▎ | 969/1158 [51:23<09:41,  3.08s/it]
[2026-05-31T04:59:13.561000+00:00] 84%|████████▍ | 970/1158 [51:26<09:47,  3.12s/it]
[2026-05-31T04:59:13.561000+00:00] {'loss': '0.07102', 'grad_norm': '0.1103', 'learning_rate': '1.366e-05', 'entropy': '0.08107', 'num_tokens': '5.43e+06', 'mean_token_accuracy': '0.9799', 'epoch': '5.026'}
[2026-05-31T04:59:13.561000+00:00] 84%|████████▍ | 970/1158 [51:26<09:47,  3.12s/it]
[2026-05-31T04:59:16.562000+00:00] 84%|████████▍ | 971/1158 [51:29<09:45,  3.13s/it]
[2026-05-31T04:59:19.563000+00:00] 84%|████████▍ | 972/1158 [51:32<09:33,  3.09s/it]
[2026-05-31T04:59:22.564000+00:00] 84%|████████▍ | 973/1158 [51:36<09:39,  3.13s/it]
[2026-05-31T04:59:26.565000+00:00] 84%|████████▍ | 974/1158 [51:39<09:42,  3.17s/it]
[2026-05-31T04:59:29.566000+00:00] 84%|████████▍ | 975/1158 [51:42<09:43,  3.19s/it]
[2026-05-31T04:59:32.566000+00:00] 84%|████████▍ | 976/1158 [51:45<09:42,  3.20s/it]
[2026-05-31T04:59:35.567000+00:00] 84%|████████▍ | 977/1158 [51:49<09:41,  3.21s/it]
[2026-05-31T04:59:39.568000+00:00] 84%|████████▍ | 978/1158 [51:52<09:40,  3.22s/it]
[2026-05-31T04:59:42.569000+00:00] 85%|████████▍ | 979/1158 [51:55<09:40,  3.24s/it]
[2026-05-31T04:59:45.570000+00:00] 85%|████████▍ | 980/1158 [51:58<09:38,  3.25s/it]
[2026-05-31T04:59:45.570000+00:00] {'loss': '0.07156', 'grad_norm': '0.1186', 'learning_rate': '1.228e-05', 'entropy': '0.07943', 'num_tokens': '5.486e+06', 'mean_token_accuracy': '0.9799', 'epoch': '5.078'}
[2026-05-31T04:59:45.570000+00:00] 85%|████████▍ | 980/1158 [51:58<09:38,  3.25s/it]
[2026-05-31T04:59:48.571000+00:00] 85%|████████▍ | 981/1158 [52:02<09:36,  3.26s/it]
[2026-05-31T04:59:52.572000+00:00] 85%|████████▍ | 982/1158 [52:05<09:36,  3.27s/it]
[2026-05-31T04:59:55.573000+00:00] 85%|████████▍ | 983/1158 [52:08<09:33,  3.28s/it]
[2026-05-31T04:59:58.573000+00:00] 85%|████████▍ | 984/1158 [52:11<09:19,  3.22s/it]
[2026-05-31T05:00:01.574000+00:00] 85%|████████▌ | 985/1158 [52:14<09:05,  3.16s/it]
[2026-05-31T05:00:04.575000+00:00] 85%|████████▌ | 986/1158 [52:18<09:12,  3.21s/it]
[2026-05-31T05:00:07.576000+00:00] 85%|████████▌ | 987/1158 [52:21<09:00,  3.16s/it]
[2026-05-31T05:00:11.577000+00:00] 85%|████████▌ | 988/1158 [52:24<09:05,  3.21s/it]
[2026-05-31T05:00:14.578000+00:00] 85%|████████▌ | 989/1158 [52:27<09:08,  3.25s/it]
[2026-05-31T05:00:17.579000+00:00] 85%|████████▌ | 990/1158 [52:31<09:07,  3.26s/it]
[2026-05-31T05:00:17.579000+00:00] {'loss': '0.06978', 'grad_norm': '0.1238', 'learning_rate': '1.097e-05', 'entropy': '0.07896', 'num_tokens': '5.542e+06', 'mean_token_accuracy': '0.9803', 'epoch': '5.13'}
[2026-05-31T05:00:17.579000+00:00] 85%|████████▌ | 990/1158 [52:31<09:07,  3.26s/it]
[2026-05-31T05:00:21.580000+00:00] 86%|████████▌ | 991/1158 [52:34<09:06,  3.27s/it]
[2026-05-31T05:00:24.581000+00:00] 86%|████████▌ | 992/1158 [52:37<09:04,  3.28s/it]
[2026-05-31T05:00:27.582000+00:00] 86%|████████▌ | 993/1158 [52:41<09:00,  3.28s/it]
[2026-05-31T05:00:30.583000+00:00] 86%|████████▌ | 994/1158 [52:44<08:45,  3.20s/it]
[2026-05-31T05:00:34.584000+00:00] 86%|████████▌ | 995/1158 [52:47<08:45,  3.23s/it]
[2026-05-31T05:00:37.584000+00:00] 86%|████████▌ | 996/1158 [52:50<08:44,  3.24s/it]
[2026-05-31T05:00:40.585000+00:00] 86%|████████▌ | 997/1158 [52:53<08:42,  3.25s/it]
[2026-05-31T05:00:43.586000+00:00] 86%|████████▌ | 998/1158 [52:57<08:41,  3.26s/it]
[2026-05-31T05:00:47.587000+00:00] 86%|████████▋ | 999/1158 [53:00<08:37,  3.25s/it]
[2026-05-31T05:00:50.588000+00:00] 86%|████████▋ | 1000/1158 [53:03<08:34,  3.26s/it]
[2026-05-31T05:00:50.588000+00:00] {'loss': '0.07065', 'grad_norm': '0.1233', 'learning_rate': '9.73e-06', 'entropy': '0.08026', 'num_tokens': '5.599e+06', 'mean_token_accuracy': '0.9798', 'epoch': '5.181'}
[2026-05-31T05:00:50.588000+00:00] 86%|████████▋ | 1000/1158 [53:03<08:34,  3.26s/it]
[2026-05-31T05:00:53.589000+00:00] 86%|████████▋ | 1001/1158 [53:06<08:31,  3.26s/it]
[2026-05-31T05:00:56.590000+00:00] 87%|████████▋ | 1002/1158 [53:10<08:29,  3.27s/it]
[2026-05-31T05:01:00.591000+00:00] 87%|████████▋ | 1003/1158 [53:13<08:26,  3.27s/it]
[2026-05-31T05:01:03.592000+00:00] 87%|████████▋ | 1004/1158 [53:16<08:24,  3.28s/it]
[2026-05-31T05:01:06.593000+00:00] 87%|████████▋ | 1005/1158 [53:19<07:58,  3.12s/it]
[2026-05-31T05:01:09.594000+00:00] 87%|████████▋ | 1006/1158 [53:22<08:02,  3.17s/it]
[2026-05-31T05:01:12.594000+00:00] 87%|████████▋ | 1007/1158 [53:26<08:05,  3.21s/it]
[2026-05-31T05:01:16.595000+00:00] 87%|████████▋ | 1008/1158 [53:29<08:04,  3.23s/it]
[2026-05-31T05:01:19.596000+00:00] 87%|████████▋ | 1009/1158 [53:32<08:03,  3.25s/it]
[2026-05-31T05:01:22.597000+00:00] 87%|████████▋ | 1010/1158 [53:36<08:02,  3.26s/it]
[2026-05-31T05:01:22.597000+00:00] {'loss': '0.0725', 'grad_norm': '0.114', 'learning_rate': '8.562e-06', 'entropy': '0.0808', 'num_tokens': '5.656e+06', 'mean_token_accuracy': '0.9791', 'epoch': '5.233'}
[2026-05-31T05:01:22.597000+00:00] 87%|████████▋ | 1010/1158 [53:36<08:02,  3.26s/it]
[2026-05-31T05:01:26.598000+00:00] 87%|████████▋ | 1011/1158 [53:39<08:00,  3.27s/it]
[2026-05-31T05:01:29.599000+00:00] 87%|████████▋ | 1012/1158 [53:42<08:00,  3.29s/it]
[2026-05-31T05:01:32.600000+00:00] 87%|████████▋ | 1013/1158 [53:45<07:57,  3.30s/it]
[2026-05-31T05:01:35.601000+00:00] 88%|████████▊ | 1014/1158 [53:48<07:42,  3.21s/it]
[2026-05-31T05:01:38.602000+00:00] 88%|████████▊ | 1015/1158 [53:52<07:43,  3.24s/it]
[2026-05-31T05:01:42.603000+00:00] 88%|████████▊ | 1016/1158 [53:55<07:43,  3.27s/it]
[2026-05-31T05:01:45.603000+00:00] 88%|████████▊ | 1017/1158 [53:58<07:41,  3.27s/it]
[2026-05-31T05:01:48.604000+00:00] 88%|████████▊ | 1018/1158 [54:02<07:39,  3.28s/it]
[2026-05-31T05:01:51.605000+00:00] 88%|████████▊ | 1019/1158 [54:05<07:24,  3.20s/it]
[2026-05-31T05:01:55.606000+00:00] 88%|████████▊ | 1020/1158 [54:08<07:25,  3.23s/it]
[2026-05-31T05:01:55.606000+00:00] {'loss': '0.07097', 'grad_norm': '0.1342', 'learning_rate': '7.466e-06', 'entropy': '0.07935', 'num_tokens': '5.712e+06', 'mean_token_accuracy': '0.9801', 'epoch': '5.285'}
[2026-05-31T05:01:55.606000+00:00] 88%|████████▊ | 1020/1158 [54:08<07:25,  3.23s/it]
[2026-05-31T05:01:58.607000+00:00] 88%|████████▊ | 1021/1158 [54:11<07:23,  3.24s/it]
[2026-05-31T05:02:01.608000+00:00] 88%|████████▊ | 1022/1158 [54:14<07:20,  3.24s/it]
[2026-05-31T05:02:04.609000+00:00] 88%|████████▊ | 1023/1158 [54:18<07:18,  3.25s/it]
[2026-05-31T05:02:07.609000+00:00] 88%|████████▊ | 1024/1158 [54:21<06:55,  3.10s/it]
[2026-05-31T05:02:10.610000+00:00] 89%|████████▊ | 1025/1158 [54:23<06:47,  3.06s/it]
[2026-05-31T05:02:13.611000+00:00] 89%|████████▊ | 1026/1158 [54:26<06:32,  2.97s/it]
[2026-05-31T05:02:16.612000+00:00] 89%|████████▊ | 1027/1158 [54:29<06:37,  3.04s/it]
[2026-05-31T05:02:19.613000+00:00] 89%|████████▉ | 1028/1158 [54:32<06:33,  3.03s/it]
[2026-05-31T05:02:22.613000+00:00] 89%|████████▉ | 1029/1158 [54:35<06:29,  3.02s/it]
[2026-05-31T05:02:25.614000+00:00] 89%|████████▉ | 1030/1158 [54:38<06:26,  3.02s/it]
[2026-05-31T05:02:25.614000+00:00] {'loss': '0.0672', 'grad_norm': '0.1019', 'learning_rate': '6.441e-06', 'entropy': '0.07762', 'num_tokens': '5.767e+06', 'mean_token_accuracy': '0.9805', 'epoch': '5.337'}
[2026-05-31T05:02:25.614000+00:00] 89%|████████▉ | 1030/1158 [54:38<06:26,  3.02s/it]
[2026-05-31T05:02:28.615000+00:00] 89%|████████▉ | 1031/1158 [54:41<06:22,  3.01s/it]
[2026-05-31T05:02:31.616000+00:00] 89%|████████▉ | 1032/1158 [54:45<06:28,  3.09s/it]
[2026-05-31T05:02:34.616000+00:00] 89%|████████▉ | 1033/1158 [54:48<06:20,  3.05s/it]
[2026-05-31T05:02:37.617000+00:00] 89%|████████▉ | 1034/1158 [54:51<06:14,  3.02s/it]
[2026-05-31T05:02:41.618000+00:00] 89%|████████▉ | 1035/1158 [54:54<06:19,  3.09s/it]
[2026-05-31T05:02:44.619000+00:00] 89%|████████▉ | 1036/1158 [54:57<06:22,  3.14s/it]
[2026-05-31T05:02:47.620000+00:00] 90%|████████▉ | 1037/1158 [55:00<06:23,  3.17s/it]
[2026-05-31T05:02:50.621000+00:00] 90%|████████▉ | 1038/1158 [55:04<06:24,  3.20s/it]
[2026-05-31T05:02:54.622000+00:00] 90%|████████▉ | 1039/1158 [55:07<06:22,  3.22s/it]
[2026-05-31T05:02:57.623000+00:00] 90%|████████▉ | 1040/1158 [55:10<06:21,  3.23s/it]
[2026-05-31T05:02:57.623000+00:00] {'loss': '0.07158', 'grad_norm': '0.1151', 'learning_rate': '5.49e-06', 'entropy': '0.08038', 'num_tokens': '5.823e+06', 'mean_token_accuracy': '0.9796', 'epoch': '5.389'}
[2026-05-31T05:02:57.623000+00:00] 90%|████████▉ | 1040/1158 [55:10<06:21,  3.23s/it]
[2026-05-31T05:03:00.624000+00:00] 90%|████████▉ | 1041/1158 [55:13<06:19,  3.24s/it]
[2026-05-31T05:03:03.625000+00:00] 90%|████████▉ | 1042/1158 [55:17<06:16,  3.25s/it]
[2026-05-31T05:03:07.626000+00:00] 90%|█████████ | 1043/1158 [55:20<06:15,  3.26s/it]
[2026-05-31T05:03:10.626000+00:00] 90%|█████████ | 1044/1158 [55:23<06:12,  3.27s/it]
[2026-05-31T05:03:13.627000+00:00] 90%|█████████ | 1045/1158 [55:26<06:02,  3.20s/it]
[2026-05-31T05:03:16.628000+00:00] 90%|█████████ | 1046/1158 [55:29<05:53,  3.15s/it]
[2026-05-31T05:03:19.629000+00:00] 90%|█████████ | 1047/1158 [55:33<05:54,  3.19s/it]
[2026-05-31T05:03:23.630000+00:00] 91%|█████████ | 1048/1158 [55:36<05:55,  3.23s/it]
[2026-05-31T05:03:26.631000+00:00] 91%|█████████ | 1049/1158 [55:39<05:54,  3.25s/it]
[2026-05-31T05:03:29.632000+00:00] 91%|█████████ | 1050/1158 [55:43<05:53,  3.28s/it]
[2026-05-31T05:03:29.632000+00:00] {'loss': '0.06841', 'grad_norm': '0.1217', 'learning_rate': '4.613e-06', 'entropy': '0.07962', 'num_tokens': '5.879e+06', 'mean_token_accuracy': '0.9803', 'epoch': '5.44'}
[2026-05-31T05:03:29.632000+00:00] 91%|█████████ | 1050/1158 [55:43<05:53,  3.28s/it]
[2026-05-31T05:03:32.633000+00:00] 91%|█████████ | 1051/1158 [55:46<05:42,  3.20s/it]
[2026-05-31T05:03:36.634000+00:00] 91%|█████████ | 1052/1158 [55:49<05:43,  3.24s/it]
[2026-05-31T05:03:39.635000+00:00] 91%|█████████ | 1053/1158 [55:52<05:41,  3.25s/it]
[2026-05-31T05:03:42.635000+00:00] 91%|█████████ | 1054/1158 [55:56<05:40,  3.27s/it]
[2026-05-31T05:03:46.637000+00:00] 91%|█████████ | 1055/1158 [55:59<05:37,  3.28s/it]
[2026-05-31T05:03:49.637000+00:00] 91%|█████████ | 1056/1158 [56:02<05:34,  3.28s/it]
[2026-05-31T05:03:52.638000+00:00] 91%|█████████▏| 1057/1158 [56:05<05:29,  3.26s/it]
[2026-05-31T05:03:55.639000+00:00] 91%|█████████▏| 1058/1158 [56:09<05:26,  3.26s/it]
[2026-05-31T05:03:58.640000+00:00] 91%|█████████▏| 1059/1158 [56:12<05:21,  3.25s/it]
[2026-05-31T05:04:02.641000+00:00] 92%|█████████▏| 1060/1158 [56:15<05:18,  3.25s/it]
[2026-05-31T05:04:02.641000+00:00] {'loss': '0.07058', 'grad_norm': '0.1337', 'learning_rate': '3.811e-06', 'entropy': '0.07916', 'num_tokens': '5.936e+06', 'mean_token_accuracy': '0.9799', 'epoch': '5.492'}
[2026-05-31T05:04:02.641000+00:00] 92%|█████████▏| 1060/1158 [56:15<05:18,  3.25s/it]
[2026-05-31T05:04:05.642000+00:00] 92%|█████████▏| 1061/1158 [56:18<05:15,  3.25s/it]
[2026-05-31T05:04:08.643000+00:00] 92%|█████████▏| 1062/1158 [56:21<05:04,  3.17s/it]
[2026-05-31T05:04:11.644000+00:00] 92%|█████████▏| 1063/1158 [56:25<05:03,  3.19s/it]
[2026-05-31T05:04:14.644000+00:00] 92%|█████████▏| 1064/1158 [56:28<05:00,  3.20s/it]
[2026-05-31T05:04:18.645000+00:00] 92%|█████████▏| 1065/1158 [56:31<04:59,  3.22s/it]
[2026-05-31T05:04:21.646000+00:00] 92%|█████████▏| 1066/1158 [56:34<04:49,  3.15s/it]
[2026-05-31T05:04:24.647000+00:00] 92%|█████████▏| 1067/1158 [56:37<04:49,  3.18s/it]
[2026-05-31T05:04:27.648000+00:00] 92%|█████████▏| 1068/1158 [56:41<04:48,  3.21s/it]
[2026-05-31T05:04:30.649000+00:00] 92%|█████████▏| 1069/1158 [56:44<04:39,  3.14s/it]
[2026-05-31T05:04:33.649000+00:00] 92%|█████████▏| 1070/1158 [56:47<04:38,  3.17s/it]
[2026-05-31T05:04:33.649000+00:00] {'loss': '0.07073', 'grad_norm': '0.1138', 'learning_rate': '3.084e-06', 'entropy': '0.07957', 'num_tokens': '5.993e+06', 'mean_token_accuracy': '0.9799', 'epoch': '5.544'}
[2026-05-31T05:04:33.649000+00:00] 92%|█████████▏| 1070/1158 [56:47<04:38,  3.17s/it]
[2026-05-31T05:04:37.650000+00:00] 92%|█████████▏| 1071/1158 [56:50<04:37,  3.19s/it]
[2026-05-31T05:04:40.651000+00:00] 93%|█████████▎| 1072/1158 [56:53<04:36,  3.21s/it]
[2026-05-31T05:04:43.652000+00:00] 93%|█████████▎| 1073/1158 [56:57<04:33,  3.22s/it]
[2026-05-31T05:04:46.653000+00:00] 93%|█████████▎| 1074/1158 [56:59<04:23,  3.13s/it]
[2026-05-31T05:04:49.654000+00:00] 93%|█████████▎| 1075/1158 [57:03<04:22,  3.17s/it]
[2026-05-31T05:04:53.655000+00:00] 93%|█████████▎| 1076/1158 [57:06<04:21,  3.19s/it]
[2026-05-31T05:04:56.655000+00:00] 93%|█████████▎| 1077/1158 [57:09<04:18,  3.20s/it]
[2026-05-31T05:04:59.656000+00:00] 93%|█████████▎| 1078/1158 [57:12<04:16,  3.21s/it]
[2026-05-31T05:05:02.657000+00:00] 93%|█████████▎| 1079/1158 [57:16<04:13,  3.21s/it]
[2026-05-31T05:05:05.658000+00:00] 93%|█████████▎| 1080/1158 [57:18<03:59,  3.07s/it]
[2026-05-31T05:05:05.658000+00:00] {'loss': '0.06903', 'grad_norm': '0.1437', 'learning_rate': '2.432e-06', 'entropy': '0.07758', 'num_tokens': '6.049e+06', 'mean_token_accuracy': '0.9801', 'epoch': '5.596'}
[2026-05-31T05:05:05.658000+00:00] 93%|█████████▎| 1080/1158 [57:18<03:59,  3.07s/it]
[2026-05-31T05:05:08.659000+00:00] 93%|█████████▎| 1081/1158 [57:22<04:00,  3.12s/it]
[2026-05-31T05:05:11.659000+00:00] 93%|█████████▎| 1082/1158 [57:25<04:00,  3.17s/it]
[2026-05-31T05:05:14.660000+00:00] 94%|█████████▎| 1083/1158 [57:28<03:53,  3.12s/it]
[2026-05-31T05:05:17.661000+00:00] 94%|█████████▎| 1084/1158 [57:31<03:47,  3.08s/it]
[2026-05-31T05:05:21.662000+00:00] 94%|█████████▎| 1085/1158 [57:34<03:47,  3.12s/it]
[2026-05-31T05:05:24.663000+00:00] 94%|█████████▍| 1086/1158 [57:37<03:41,  3.08s/it]
[2026-05-31T05:05:27.664000+00:00] 94%|█████████▍| 1087/1158 [57:40<03:36,  3.05s/it]
[2026-05-31T05:05:30.665000+00:00] 94%|█████████▍| 1088/1158 [57:43<03:37,  3.10s/it]
[2026-05-31T05:05:33.665000+00:00] 94%|█████████▍| 1089/1158 [57:46<03:30,  3.06s/it]
[2026-05-31T05:05:36.666000+00:00] 94%|█████████▍| 1090/1158 [57:49<03:31,  3.11s/it]
[2026-05-31T05:05:36.666000+00:00] {'loss': '0.07188', 'grad_norm': '0.1094', 'learning_rate': '1.857e-06', 'entropy': '0.07969', 'num_tokens': '6.104e+06', 'mean_token_accuracy': '0.9799', 'epoch': '5.648'}
[2026-05-31T05:05:36.666000+00:00] 94%|█████████▍| 1090/1158 [57:49<03:31,  3.11s/it]
[2026-05-31T05:05:39.667000+00:00] 94%|█████████▍| 1091/1158 [57:53<03:30,  3.15s/it]
[2026-05-31T05:05:42.668000+00:00] 94%|█████████▍| 1092/1158 [57:56<03:29,  3.17s/it]
[2026-05-31T05:05:46.669000+00:00] 94%|█████████▍| 1093/1158 [57:59<03:27,  3.19s/it]
[2026-05-31T05:05:49.670000+00:00] 94%|█████████▍| 1094/1158 [58:02<03:25,  3.21s/it]
[2026-05-31T05:05:52.671000+00:00] 95%|█████████▍| 1095/1158 [58:06<03:22,  3.22s/it]
[2026-05-31T05:05:55.672000+00:00] 95%|█████████▍| 1096/1158 [58:09<03:18,  3.20s/it]
[2026-05-31T05:05:59.673000+00:00] 95%|█████████▍| 1097/1158 [58:12<03:14,  3.19s/it]
[2026-05-31T05:06:01.673000+00:00] 95%|█████████▍| 1098/1158 [58:15<03:06,  3.11s/it]
[2026-05-31T05:06:05.674000+00:00] 95%|█████████▍| 1099/1158 [58:18<03:06,  3.16s/it]
[2026-05-31T05:06:08.675000+00:00] 95%|█████████▍| 1100/1158 [58:21<03:04,  3.19s/it]
[2026-05-31T05:06:08.675000+00:00] {'loss': '0.07312', 'grad_norm': '0.1278', 'learning_rate': '1.359e-06', 'entropy': '0.07966', 'num_tokens': '6.161e+06', 'mean_token_accuracy': '0.9796', 'epoch': '5.699'}
[2026-05-31T05:06:08.675000+00:00] 95%|█████████▍| 1100/1158 [58:21<03:04,  3.19s/it]
[2026-05-31T05:06:11.676000+00:00] 95%|█████████▌| 1101/1158 [58:25<03:02,  3.21s/it]
[2026-05-31T05:06:14.677000+00:00] 95%|█████████▌| 1102/1158 [58:28<03:00,  3.22s/it]
[2026-05-31T05:06:18.678000+00:00] 95%|█████████▌| 1103/1158 [58:31<02:57,  3.23s/it]
[2026-05-31T05:06:21.679000+00:00] 95%|█████████▌| 1104/1158 [58:34<02:54,  3.24s/it]
[2026-05-31T05:06:24.680000+00:00] 95%|█████████▌| 1105/1158 [58:38<02:52,  3.25s/it]
[2026-05-31T05:06:28.681000+00:00] 96%|█████████▌| 1106/1158 [58:41<02:49,  3.26s/it]
[2026-05-31T05:06:31.681000+00:00] 96%|█████████▌| 1107/1158 [58:44<02:41,  3.17s/it]
[2026-05-31T05:06:34.682000+00:00] 96%|█████████▌| 1108/1158 [58:47<02:40,  3.21s/it]
[2026-05-31T05:06:37.683000+00:00] 96%|█████████▌| 1109/1158 [58:51<02:38,  3.23s/it]
[2026-05-31T05:06:40.684000+00:00] 96%|█████████▌| 1110/1158 [58:54<02:31,  3.16s/it]
[2026-05-31T05:06:40.684000+00:00] {'loss': '0.07143', 'grad_norm': '0.1208', 'learning_rate': '9.38e-07', 'entropy': '0.07985', 'num_tokens': '6.217e+06', 'mean_token_accuracy': '0.9798', 'epoch': '5.751'}
[2026-05-31T05:06:40.684000+00:00] 96%|█████████▌| 1110/1158 [58:54<02:31,  3.16s/it]
[2026-05-31T05:06:43.685000+00:00] 96%|█████████▌| 1111/1158 [58:57<02:30,  3.20s/it]
[2026-05-31T05:06:47.686000+00:00] 96%|█████████▌| 1112/1158 [59:00<02:29,  3.25s/it]
[2026-05-31T05:06:50.687000+00:00] 96%|█████████▌| 1113/1158 [59:03<02:23,  3.18s/it]
[2026-05-31T05:06:53.687000+00:00] 96%|█████████▌| 1114/1158 [59:06<02:18,  3.14s/it]
[2026-05-31T05:06:56.688000+00:00] 96%|█████████▋| 1115/1158 [59:10<02:17,  3.19s/it]
[2026-05-31T05:06:59.689000+00:00] 96%|█████████▋| 1116/1158 [59:13<02:15,  3.22s/it]
[2026-05-31T05:07:03.690000+00:00] 96%|█████████▋| 1117/1158 [59:16<02:12,  3.23s/it]
[2026-05-31T05:07:06.691000+00:00] 97%|█████████▋| 1118/1158 [59:19<02:10,  3.25s/it]
[2026-05-31T05:07:09.692000+00:00] 97%|█████████▋| 1119/1158 [59:23<02:07,  3.26s/it]
[2026-05-31T05:07:13.693000+00:00] 97%|█████████▋| 1120/1158 [59:26<02:03,  3.26s/it]
[2026-05-31T05:07:13.693000+00:00] {'loss': '0.07022', 'grad_norm': '0.1223', 'learning_rate': '5.946e-07', 'entropy': '0.07846', 'num_tokens': '6.274e+06', 'mean_token_accuracy': '0.9804', 'epoch': '5.803'}
[2026-05-31T05:07:13.693000+00:00] 97%|█████████▋| 1120/1158 [59:26<02:03,  3.26s/it]
[2026-05-31T05:07:16.694000+00:00] 97%|█████████▋| 1121/1158 [59:29<02:00,  3.27s/it]
[2026-05-31T05:07:19.694000+00:00] 97%|█████████▋| 1122/1158 [59:32<01:57,  3.27s/it]
[2026-05-31T05:07:22.695000+00:00] 97%|█████████▋| 1123/1158 [59:36<01:54,  3.28s/it]
[2026-05-31T05:07:25.696000+00:00] 97%|█████████▋| 1124/1158 [59:39<01:48,  3.20s/it]
[2026-05-31T05:07:29.697000+00:00] 97%|█████████▋| 1125/1158 [59:42<01:46,  3.22s/it]
[2026-05-31T05:07:32.698000+00:00] 97%|█████████▋| 1126/1158 [59:45<01:43,  3.23s/it]
[2026-05-31T05:07:35.699000+00:00] 97%|█████████▋| 1127/1158 [59:48<01:38,  3.17s/it]
[2026-05-31T05:07:38.699000+00:00] 97%|█████████▋| 1128/1158 [59:52<01:36,  3.20s/it]
[2026-05-31T05:07:42.700000+00:00] 97%|█████████▋| 1129/1158 [59:55<01:33,  3.23s/it]
[2026-05-31T05:07:44.701000+00:00] 98%|█████████▊| 1130/1158 [59:58<01:28,  3.15s/it]
[2026-05-31T05:07:44.701000+00:00] {'loss': '0.06909', 'grad_norm': '0.1235', 'learning_rate': '3.289e-07', 'entropy': '0.07934', 'num_tokens': '6.33e+06', 'mean_token_accuracy': '0.9805', 'epoch': '5.855'}
[2026-05-31T05:07:44.701000+00:00] 98%|█████████▊| 1130/1158 [59:58<01:28,  3.15s/it]
[2026-05-31T05:07:48.702000+00:00] 98%|█████████▊| 1131/1158 [1:00:01<01:24,  3.12s/it]
[2026-05-31T05:07:51.703000+00:00] 98%|█████████▊| 1132/1158 [1:00:04<01:22,  3.16s/it]
[2026-05-31T05:07:54.704000+00:00] 98%|█████████▊| 1133/1158 [1:00:07<01:19,  3.19s/it]
[2026-05-31T05:07:57.704000+00:00] 98%|█████████▊| 1134/1158 [1:00:11<01:17,  3.23s/it]
[2026-05-31T05:08:01.706000+00:00] 98%|█████████▊| 1135/1158 [1:00:14<01:14,  3.25s/it]
[2026-05-31T05:08:04.706000+00:00] 98%|█████████▊| 1136/1158 [1:00:17<01:11,  3.26s/it]
[2026-05-31T05:08:07.707000+00:00] 98%|█████████▊| 1137/1158 [1:00:21<01:08,  3.27s/it]
[2026-05-31T05:08:10.708000+00:00] 98%|█████████▊| 1138/1158 [1:00:24<01:03,  3.19s/it]
[2026-05-31T05:08:14.709000+00:00] 98%|█████████▊| 1139/1158 [1:00:27<01:01,  3.24s/it]
[2026-05-31T05:08:17.710000+00:00] 98%|█████████▊| 1140/1158 [1:00:30<00:58,  3.27s/it]
[2026-05-31T05:08:17.710000+00:00] {'loss': '0.0708', 'grad_norm': '0.1355', 'learning_rate': '1.412e-07', 'entropy': '0.07882', 'num_tokens': '6.386e+06', 'mean_token_accuracy': '0.9795', 'epoch': '5.907'}
[2026-05-31T05:08:17.710000+00:00] 98%|█████████▊| 1140/1158 [1:00:30<00:58,  3.27s/it]
[2026-05-31T05:08:20.711000+00:00] 99%|█████████▊| 1141/1158 [1:00:33<00:54,  3.19s/it]
[2026-05-31T05:08:23.712000+00:00] 99%|█████████▊| 1142/1158 [1:00:37<00:51,  3.23s/it]
[2026-05-31T05:08:27.713000+00:00] 99%|█████████▊| 1143/1158 [1:00:40<00:48,  3.24s/it]
[2026-05-31T05:08:30.714000+00:00] 99%|█████████▉| 1144/1158 [1:00:43<00:45,  3.25s/it]
[2026-05-31T05:08:33.714000+00:00] 99%|█████████▉| 1145/1158 [1:00:46<00:40,  3.14s/it]
[2026-05-31T05:08:35.715000+00:00] 99%|█████████▉| 1146/1158 [1:00:49<00:36,  3.03s/it]
[2026-05-31T05:08:39.716000+00:00] 99%|█████████▉| 1147/1158 [1:00:52<00:33,  3.09s/it]
[2026-05-31T05:08:42.717000+00:00] 99%|█████████▉| 1148/1158 [1:00:55<00:31,  3.15s/it]
[2026-05-31T05:08:45.718000+00:00] 99%|█████████▉| 1149/1158 [1:00:58<00:27,  3.08s/it]
[2026-05-31T05:08:48.719000+00:00] 99%|█████████▉| 1150/1158 [1:01:02<00:25,  3.13s/it]
[2026-05-31T05:08:48.719000+00:00] {'loss': '0.06965', 'grad_norm': '0.1086', 'learning_rate': '3.169e-08', 'entropy': '0.07842', 'num_tokens': '6.442e+06', 'mean_token_accuracy': '0.98', 'epoch': '5.959'}
[2026-05-31T05:08:48.719000+00:00] 99%|█████████▉| 1150/1158 [1:01:02<00:25,  3.13s/it]
[2026-05-31T05:08:51.720000+00:00] 99%|█████████▉| 1151/1158 [1:01:05<00:22,  3.16s/it]
[2026-05-31T05:08:55.721000+00:00] 99%|█████████▉| 1152/1158 [1:01:08<00:19,  3.19s/it]
[2026-05-31T05:08:58.721000+00:00] 100%|█████████▉| 1153/1158 [1:01:11<00:15,  3.20s/it]
[2026-05-31T05:09:01.722000+00:00] 100%|█████████▉| 1154/1158 [1:01:14<00:12,  3.21s/it]
[2026-05-31T05:09:04.723000+00:00] 100%|█████████▉| 1155/1158 [1:01:18<00:09,  3.22s/it]
[2026-05-31T05:09:08.724000+00:00] 100%|█████████▉| 1156/1158 [1:01:21<00:06,  3.23s/it]
[2026-05-31T05:09:10.725000+00:00] 100%|█████████▉| 1157/1158 [1:01:24<00:03,  3.14s/it]
[2026-05-31T05:09:11.725000+00:00] 100%|██████████| 1158/1158 [1:01:24<00:00,  2.37s/it]
[2026-05-31T05:09:12.725000+00:00] {'train_runtime': '3686', 'train_samples_per_second': '2.504', 'train_steps_per_second': '0.314', 'train_loss': '0.1287', 'entropy': '0.08062', 'num_tokens': '6.482e+06', 'mean_token_accuracy': '0.9798', 'epoch': '6'}
[2026-05-31T05:09:12.725000+00:00] 100%|██████████| 1158/1158 [1:01:25<00:00,  2.37s/it]
[2026-05-31T05:09:12.725000+00:00] 100%|██████████| 1158/1158 [1:01:25<00:00,  3.18s/it]
[2026-05-31T05:09:12.725000+00:00] [save] Saving merged model to /opt/ml/model
[2026-05-31T05:09:12.725000+00:00] Writing model shards:   0%|          | 0/1 [00:00<?, ?it/s]
[2026-05-31T05:10:03.738000+00:00] Writing model shards: 100%|██████████| 1/1 [00:50<00:00, 50.77s/it]
[2026-05-31T05:10:03.738000+00:00] Writing model shards: 100%|██████████| 1/1 [00:50<00:00, 50.77s/it]
[2026-05-31T05:10:03.738000+00:00] [patch] tokenizer_class: 'TokenizersBackend' -> 'PreTrainedTokenizerFast'; chat_template inlined? True
[2026-05-31T05:10:03.739000+00:00] [push] Uploading to https://huggingface.co/iamraymondlow/olmo2_7b-finetuned
[2026-05-31T05:10:13.741000+00:00] Processing Files (0 / 0)      : |          |  0.00B /  0.00B
[2026-05-31T05:10:13.741000+00:00] New Data Upload               : |          |  0.00B /  0.00B            #033[A
[2026-05-31T05:10:13.741000+00:00] ...kpoint-1158/rng_state.pth:  77%|███████▋  | 11.3kB / 14.6kB            #033[A#033[A
[2026-05-31T05:10:13.741000+00:00] ...ckpoint-1158/optimizer.pt:   0%|          | 50.6kB /  269MB            #033[A#033[A#033[A
[2026-05-31T05:10:13.741000+00:00] ...ckpoint-1158/scheduler.pt: 100%|██████████| 1.47kB / 1.47kB            #033[A#033[A#033[A#033[A
[2026-05-31T05:10:13.741000+00:00] ...kpoint-1158/rng_state.pth:  77%|███████▋  | 11.3kB / 14.6kB            #033[A#033[A
[2026-05-31T05:10:13.741000+00:00] ...ckpoint-1158/optimizer.pt:   0%|          | 50.6kB /  269MB            #033[A#033[A#033[A
[2026-05-31T05:10:13.741000+00:00] ...ckpoint-1158/scheduler.pt: 100%|██████████| 1.47kB / 1.47kB            #033[A#033[A#033[A#033[A
[2026-05-31T05:10:13.741000+00:00] Processing Files (1 / 3)      :   0%|          | 63.4kB / 15.0GB,   ???B/s
[2026-05-31T05:10:13.741000+00:00] ...l/model/model.safetensors:   0%|          | 40.2kB / 14.6GB            #033[A#033[A#033[A#033[A#033[A
[2026-05-31T05:10:13.741000+00:00] ...kpoint-1158/rng_state.pth:  77%|███████▋  | 11.3kB / 14.6kB            #033[A#033[A
[2026-05-31T05:10:13.742000+00:00] ...ckpoint-1158/optimizer.pt:   9%|▊         | 23.3MB /  269MB            #033[A#033[A#033[A
[2026-05-31T05:10:13.742000+00:00] ...ckpoint-1158/scheduler.pt: 100%|██████████| 1.47kB / 1.47kB            #033[A#033[A#033[A#033[A
[2026-05-31T05:10:13.742000+00:00] ...l/model/model.safetensors:   0%|          | 40.2kB / 14.6GB            #033[A#033[A#033[A#033[A#033[A
[2026-05-31T05:10:13.742000+00:00] Processing Files (1 / 4)      :   0%|          | 23.3MB / 15.0GB,  116MB/s
[2026-05-31T05:10:13.742000+00:00] New Data Upload               :  12%|█▏        | 23.2MB /  201MB,  116MB/s  #033[A
[2026-05-31T05:10:13.742000+00:00] ...adapter_model.safetensors:   0%|          | 18.1kB /  134MB            #033[A#033[A#033[A#033[A#033[A#033[A
[2026-05-31T05:10:13.742000+00:00] ...kpoint-1158/rng_state.pth:  77%|███████▋  | 11.3kB / 14.6kB            #033[A#033[A
[2026-05-31T05:10:13.742000+00:00] ...ckpoint-1158/optimizer.pt:  25%|██▍       | 66.9MB /  269MB            #033[A#033[A#033[A
[2026-05-31T05:10:13.742000+00:00] ...ckpoint-1158/scheduler.pt: 100%|██████████| 1.47kB / 1.47kB            #033[A#033[A#033[A#033[A
[2026-05-31T05:10:13.742000+00:00] ...l/model/model.safetensors:   0%|          | 40.2kB / 14.6GB            #033[A#033[A#033[A#033[A#033[A
[2026-05-31T05:10:13.742000+00:00] ...adapter_model.safetensors:   0%|          | 18.1kB /  134MB            #033[A#033[A#033[A#033[A#033[A#033[A
[2026-05-31T05:10:13.742000+00:00] Processing Files (1 / 5)      :   0%|          | 67.0MB / 15.0GB,  167MB/s
[2026-05-31T05:10:13.742000+00:00] New Data Upload               :  25%|██▍       | 66.9MB /  268MB,  167MB/s  #033[A
[2026-05-31T05:10:13.742000+00:00] ...kpoint-1158/rng_state.pth:  77%|███████▋  | 11.3kB / 14.6kB            #033[A#033[A
[2026-05-31T05:10:13.742000+00:00] ...ckpoint-1158/optimizer.pt:  25%|██▍       | 66.9MB /  269MB            #033[A#033[A#033[A
[2026-05-31T05:10:13.742000+00:00] ...ckpoint-1158/scheduler.pt: 100%|██████████| 1.47kB / 1.47kB            #033[A#033[A#033[A#033[A
[2026-05-31T05:10:13.742000+00:00] ...l/model/model.safetensors:   0%|          | 40.2kB / 14.6GB            #033[A#033[A#033[A#033[A#033[A
[2026-05-31T05:10:13.742000+00:00] ...adapter_model.safetensors:   0%|          | 18.1kB /  134MB            #033[A#033[A#033[A#033[A#033[A#033[A
[2026-05-31T05:10:14.742000+00:00] ...kpoint-1158/rng_state.pth:  77%|███████▋  | 11.3kB / 14.6kB            #033[A#033[A
[2026-05-31T05:10:14.742000+00:00] ...ckpoint-1158/optimizer.pt:  25%|██▍       | 66.9MB /  269MB            #033[A#033[A#033[A
[2026-05-31T05:10:14.742000+00:00] #015  ...ckpoint-1158/scheduler.pt: 100%|██████████| 1.47kB / 1.47kB            #033[A#033[A#033[A#033[A
[2026-05-31T05:10:14.742000+00:00] ...l/model/model.safetensors:   0%|          | 40.2kB / 14.6GB            #033[A#033[A#033[A#033[A#033[A
[2026-05-31T05:10:14.742000+00:00] #015  ...adapter_model.safetensors:   0%|          | 18.1kB /  134MB            #033[A#033[A#033[A#033[A#033[A#033[A
[2026-05-31T05:10:14.742000+00:00] ...kpoint-1158/rng_state.pth:  77%|███████▋  | 11.3kB / 14.6kB            #033[A#033[A
[2026-05-31T05:10:14.742000+00:00] ...ckpoint-1158/optimizer.pt:  25%|██▍       | 66.9MB /  269MB            #033[A#033[A#033[A
[2026-05-31T05:10:14.742000+00:00] ...ckpoint-1158/scheduler.pt: 100%|██████████| 1.47kB / 1.47kB            #033[A#033[A#033[A#033[A
[2026-05-31T05:10:14.742000+00:00] ...l/model/model.safetensors:   0%|          | 40.2kB / 14.6GB            #033[A#033[A#033[A#033[A#033[A
[2026-05-31T05:10:14.742000+00:00] ...adapter_model.safetensors:   0%|          | 18.1kB /  134MB            #033[A#033[A#033[A#033[A#033[A#033[A
[2026-05-31T05:10:14.742000+00:00] ...kpoint-1158/rng_state.pth:  77%|███████▋  | 11.3kB / 14.6kB            #033[A#033[A
[2026-05-31T05:10:14.742000+00:00] ...ckpoint-1158/optimizer.pt:  25%|██▍       | 66.9MB /  269MB            #033[A#033[A#033[A
[2026-05-31T05:10:14.742000+00:00] ...ckpoint-1158/scheduler.pt: 100%|██████████| 1.47kB / 1.47kB            #033[A#033[A#033[A#033[A
[2026-05-31T05:10:14.742000+00:00] ...l/model/model.safetensors:   0%|          | 40.2kB / 14.6GB            #033[A#033[A#033[A#033[A#033[A
[2026-05-31T05:10:14.742000+00:00] ...adapter_model.safetensors:   0%|          | 18.1kB /  134MB            #033[A#033[A#033[A#033[A#033[A#033[A
[2026-05-31T05:10:14.742000+00:00] ...kpoint-1158/rng_state.pth:  77%|███████▋  | 11.3kB / 14.6kB            #033[A#033[A
[2026-05-31T05:10:14.743000+00:00] ...ckpoint-1158/optimizer.pt:  37%|███▋      | 98.3MB /  269MB            #033[A#033[A#033[A
[2026-05-31T05:10:14.743000+00:00] #015  ...ckpoint-1158/scheduler.pt: 100%|██████████| 1.47kB / 1.47kB            #033[A#033[A#033[A#033[A
[2026-05-31T05:10:14.743000+00:00] ...l/model/model.safetensors:   0%|          | 43.3MB / 14.6GB            #033[A#033[A#033[A#033[A#033[A
[2026-05-31T05:10:14.743000+00:00] #015  ...adapter_model.safetensors:   0%|          | 18.1kB /  134MB            #033[A#033[A#033[A#033[A#033[A#033[A#015Processing Files (1 / 5)      :   1%|          |  142MB / 15.0GB,  101MB/s
[2026-05-31T05:10:14.743000+00:00] New Data Upload               :  42%|████▏     |  142MB /  335MB,  101MB/s  #033[A
[2026-05-31T05:10:14.743000+00:00] ...kpoint-1158/rng_state.pth:  77%|███████▋  | 11.3kB / 14.6kB            #033[A#033[A
[2026-05-31T05:10:14.743000+00:00] ...ckpoint-1158/optimizer.pt:  50%|████▉     |  134MB /  269MB            #033[A#033[A#033[A
[2026-05-31T05:10:14.743000+00:00] #015  ...ckpoint-1158/scheduler.pt: 100%|██████████| 1.47kB / 1.47kB            #033[A#033[A#033[A#033[A
[2026-05-31T05:10:14.743000+00:00] ...l/model/model.safetensors:   2%|▏         |  251MB / 14.6GB            #033[A#033[A#033[A#033[A#033[A
[2026-05-31T05:10:14.743000+00:00] #015  ...adapter_model.safetensors:   0%|          | 18.1kB /  134MB            #033[A#033[A#033[A#033[A#033[A#033[A
[2026-05-31T05:10:14.743000+00:00] Processing Files (1 / 5)      :   3%|▎         |  384MB / 15.0GB,  240MB/s  
[2026-05-31T05:10:14.743000+00:00] #015New Data Upload               :  60%|█████▉    |  200MB /  335MB,  125MB/s  #033[A
[2026-05-31T05:10:15.743000+00:00] ...kpoint-1158/rng_state.pth:  77%|███████▋  | 11.3kB / 14.6kB            #033[A#033[A
[2026-05-31T05:10:15.743000+00:00] ...ckpoint-1158/optimizer.pt:  50%|████▉     |  134MB /  269MB            #033[A#033[A#033[A
[2026-05-31T05:10:15.743000+00:00] ...ckpoint-1158/scheduler.pt: 100%|██████████| 1.47kB / 1.47kB            #033[A#033[A#033[A#033[A
[2026-05-31T05:10:15.743000+00:00] ...l/model/model.safetensors:   4%|▎         |  547MB / 14.6GB            #033[A#033[A#033[A#033[A#033[A
[2026-05-31T05:10:15.743000+00:00] ...adapter_model.safetensors:   0%|          | 18.1kB /  134MB            #033[A#033[A#033[A#033[A#033[A#033[A
[2026-05-31T05:10:15.743000+00:00] Processing Files (1 / 5)      :   5%|▍         |  680MB / 15.0GB,  378MB/s
[2026-05-31T05:10:15.743000+00:00] ...kpoint-1158/rng_state.pth:  77%|███████▋  | 11.3kB / 14.6kB            #033[A#033[A
[2026-05-31T05:10:15.743000+00:00] ...ckpoint-1158/optimizer.pt:  50%|████▉     |  134MB /  269MB            #033[A#033[A#033[A
[2026-05-31T05:10:15.743000+00:00] ...ckpoint-1158/scheduler.pt: 100%|██████████| 1.47kB / 1.47kB            #033[A#033[A#033[A#033[A
[2026-05-31T05:10:15.743000+00:00] ...l/model/model.safetensors:   5%|▌         |  777MB / 14.6GB            #033[A#033[A#033[A#033[A#033[A
[2026-05-31T05:10:15.743000+00:00] ...adapter_model.safetensors:   0%|          | 18.1kB /  134MB            #033[A#033[A#033[A#033[A#033[A#033[A
[2026-05-31T05:10:15.743000+00:00] Processing Files (1 / 5)      :   6%|▌         |  911MB / 15.0GB,  455MB/s
[2026-05-31T05:10:15.743000+00:00] ...kpoint-1158/rng_state.pth:  77%|███████▋  | 11.3kB / 14.6kB            #033[A#033[A
[2026-05-31T05:10:15.743000+00:00] ...ckpoint-1158/optimizer.pt:  50%|████▉     |  134MB /  269MB            #033[A#033[A#033[A
[2026-05-31T05:10:15.743000+00:00] #015  ...ckpoint-1158/scheduler.pt: 100%|██████████| 1.47kB / 1.47kB            #033[A#033[A#033[A#033[A
[2026-05-31T05:10:15.743000+00:00] ...l/model/model.safetensors:   5%|▌         |  777MB / 14.6GB            #033[A#033[A#033[A#033[A#033[A
[2026-05-31T05:10:15.743000+00:00] #015  ...adapter_model.safetensors:   0%|          | 18.1kB /  134MB            #033[A#033[A#033[A#033[A#033[A#033[A#015Processing Files (1 / 5)      :   6%|▌         |  911MB / 15.0GB,  414MB/s
[2026-05-31T05:10:15.743000+00:00] New Data Upload               :  43%|████▎     |  201MB /  469MB, 91.2MB/s  #033[A
[2026-05-31T05:10:15.743000+00:00] ...kpoint-1158/rng_state.pth:  77%|███████▋  | 11.3kB / 14.6kB            #033[A#033[A
[2026-05-31T05:10:15.744000+00:00] ...ckpoint-1158/optimizer.pt:  75%|███████▍  |  201MB /  269MB            #033[A#033[A#033[A
[2026-05-31T05:10:15.744000+00:00] #015  ...ckpoint-1158/scheduler.pt: 100%|██████████| 1.47kB / 1.47kB            #033[A#033[A#033[A#033[A
[2026-05-31T05:10:15.744000+00:00] ...l/model/model.safetensors:   6%|▌         |  873MB / 14.6GB            #033[A#033[A#033[A#033[A#033[A
[2026-05-31T05:10:15.744000+00:00] #015  ...adapter_model.safetensors:  43%|████▎     | 58.3MB /  134MB            #033[A#033[A#033[A#033[A#033[A#033[A#015Processing Files (1 / 5)      :   8%|▊         | 1.13GB / 15.0GB,  472MB/s  
[2026-05-31T05:10:15.744000+00:00] #015New Data Upload               :  69%|██████▉   |  326MB /  469MB,  136MB/s  #033[A
[2026-05-31T05:10:15.744000+00:00] ...kpoint-1158/rng_state.pth:  77%|███████▋  | 11.3kB / 14.6kB            #033[A#033[A
[2026-05-31T05:10:15.744000+00:00] ...ckpoint-1158/optimizer.pt: 100%|█████████▉|  267MB /  269MB
[2026-05-31T05:10:15.744000+00:00] #033[A#033[A#033[A
[2026-05-31T05:10:15.744000+00:00] ...ckpoint-1158/scheduler.pt: 100%|██████████| 1.47kB / 1.47kB            #033[A#033[A#033[A#033[A
[2026-05-31T05:10:15.744000+00:00] ...l/model/model.safetensors:   8%|▊         | 1.15GB / 14.6GB            #033[A#033[A#033[A#033[A#033[A
[2026-05-31T05:10:15.744000+00:00] ...adapter_model.safetensors:  50%|████▉     | 66.7MB /  134MB            #033[A#033[A#033[A#033[A#033[A#033[A
[2026-05-31T05:10:15.744000+00:00] Processing Files (1 / 5)      :  10%|▉         | 1.48GB / 15.0GB,  569MB/s
[2026-05-31T05:10:15.744000+00:00] New Data Upload               :  85%|████████▌ |  401MB /  469MB,  154MB/s
[2026-05-31T05:10:15.744000+00:00] #033[A
[2026-05-31T05:10:16.744000+00:00] ...kpoint-1158/rng_state.pth:  77%|███████▋  | 11.3kB / 14.6kB            #033[A#033[A
[2026-05-31T05:10:16.744000+00:00] ...ckpoint-1158/optimizer.pt: 100%|█████████▉|  267MB /  269MB            #033[A#033[A#033[A
[2026-05-31T05:10:16.744000+00:00] ...ckpoint-1158/scheduler.pt: 100%|██████████| 1.47kB / 1.47kB            #033[A#033[A#033[A#033[A
[2026-05-31T05:10:16.744000+00:00] ...l/model/model.safetensors:  10%|▉         | 1.44GB / 14.6GB            #033[A#033[A#033[A#033[A#033[A
[2026-05-31T05:10:16.744000+00:00] ...adapter_model.safetensors:  50%|████▉     | 66.7MB /  134MB            #033[A#033[A#033[A#033[A#033[A#033[A
[2026-05-31T05:10:16.744000+00:00] Processing Files (1 / 5)      :  12%|█▏        | 1.78GB / 15.0GB,  634MB/s
[2026-05-31T05:10:16.744000+00:00] ...kpoint-1158/rng_state.pth:  77%|███████▋  | 11.3kB / 14.6kB            #033[A#033[A
[2026-05-31T05:10:16.744000+00:00] ...ckpoint-1158/optimizer.pt: 100%|█████████▉|  267MB /  269MB            #033[A#033[A#033[A
[2026-05-31T05:10:16.744000+00:00] ...ckpoint-1158/scheduler.pt: 100%|██████████| 1.47kB / 1.47kB            #033[A#033[A#033[A#033[A
[2026-05-31T05:10:16.744000+00:00] ...l/model/model.safetensors:  12%|█▏        | 1.73GB / 14.6GB            #033[A#033[A#033[A#033[A#033[A
[2026-05-31T05:10:16.744000+00:00] #015  ...adapter_model.safetensors:  50%|████▉     | 66.7MB /  134MB
[2026-05-31T05:10:16.744000+00:00] #033[A#033[A#033[A#033[A#033[A#033[A
[2026-05-31T05:10:16.744000+00:00] Processing Files (1 / 5)      :  14%|█▍        | 2.06GB / 15.0GB,  688MB/s
[2026-05-31T05:10:16.744000+00:00] ...kpoint-1158/rng_state.pth:  77%|███████▋  | 11.3kB / 14.6kB            #033[A#033[A
[2026-05-31T05:10:16.744000+00:00] ...ckpoint-1158/optimizer.pt: 100%|█████████▉|  267MB /  269MB            #033[A#033[A#033[A
[2026-05-31T05:10:16.744000+00:00] ...ckpoint-1158/scheduler.pt: 100%|██████████| 1.47kB / 1.47kB            #033[A#033[A#033[A#033[A
[2026-05-31T05:10:16.744000+00:00] ...l/model/model.safetensors:  13%|█▎        | 1.85GB / 14.6GB            #033[A#033[A#033[A#033[A#033[A
[2026-05-31T05:10:16.744000+00:00] ...adapter_model.safetensors:  50%|████▉     | 67.1MB /  134MB            #033[A#033[A#033[A#033[A#033[A#033[A
[2026-05-31T05:10:16.744000+00:00] Processing Files (1 / 5)      :  15%|█▍        | 2.18GB / 15.0GB,  682MB/s
[2026-05-31T05:10:16.745000+00:00] New Data Upload               :  75%|███████▍  |  401MB /  536MB,  125MB/s  #033[A
[2026-05-31T05:10:16.745000+00:00] ...kpoint-1158/rng_state.pth:  77%|███████▋  | 11.3kB / 14.6kB            #033[A#033[A
[2026-05-31T05:10:16.745000+00:00] ...ckpoint-1158/optimizer.pt: 100%|█████████▉|  268MB /  269MB            #033[A#033[A#033[A
[2026-05-31T05:10:16.745000+00:00] ...ckpoint-1158/scheduler.pt: 100%|██████████| 1.47kB / 1.47kB            #033[A#033[A#033[A#033[A
[2026-05-31T05:10:16.745000+00:00] ...l/model/model.safetensors:  13%|█▎        | 1.88GB / 14.6GB            #033[A#033[A#033[A#033[A#033[A
[2026-05-31T05:10:16.745000+00:00] ...adapter_model.safetensors:  97%|█████████▋|  130MB /  134MB            #033[A#033[A#033[A#033[A#033[A#033[A
[2026-05-31T05:10:16.745000+00:00] Processing Files (1 / 5)      :  15%|█▌        | 2.28GB / 15.0GB,  671MB/s
[2026-05-31T05:10:16.745000+00:00] New Data Upload               :  82%|████████▏ |  498MB /  604MB,  146MB/s  #033[A
[2026-05-31T05:10:16.745000+00:00] ...kpoint-1158/rng_state.pth:  77%|███████▋  | 11.3kB / 14.6kB            #033[A#033[A
[2026-05-31T05:10:16.745000+00:00] ...ckpoint-1158/optimizer.pt: 100%|█████████▉|  268MB /  269MB            #033[A#033[A#033[A
[2026-05-31T05:10:16.745000+00:00] ...ckpoint-1158/scheduler.pt: 100%|██████████| 1.47kB / 1.47kB            #033[A#033[A#033[A#033[A
[2026-05-31T05:10:16.745000+00:00] ...l/model/model.safetensors:  13%|█▎        | 1.96GB / 14.6GB            #033[A#033[A#033[A#033[A#033[A
[2026-05-31T05:10:16.745000+00:00] ...adapter_model.safetensors: 100%|█████████▉|  134MB /  134MB            #033[A#033[A#033[A#033[A#033[A#033[A
[2026-05-31T05:10:16.745000+00:00] Processing Files (1 / 5)      :  16%|█▌        | 2.36GB / 15.0GB,  655MB/s
[2026-05-31T05:10:16.745000+00:00] New Data Upload               :  91%|█████████ |  550MB /  604MB,  153MB/s  #033[A
[2026-05-31T05:10:17.745000+00:00] ...kpoint-1158/rng_state.pth:  77%|███████▋  | 11.3kB / 14.6kB            #033[A#033[A
[2026-05-31T05:10:17.745000+00:00] ...ckpoint-1158/optimizer.pt: 100%|█████████▉|  268MB /  269MB            #033[A#033[A#033[A
[2026-05-31T05:10:17.745000+00:00] ...ckpoint-1158/scheduler.pt: 100%|██████████| 1.47kB / 1.47kB            #033[A#033[A#033[A#033[A
[2026-05-31T05:10:17.745000+00:00] ...l/model/model.safetensors:  15%|█▌        | 2.25GB / 14.6GB            #033[A#033[A#033[A#033[A#033[A
[2026-05-31T05:10:17.745000+00:00] ...adapter_model.safetensors: 100%|█████████▉|  134MB /  134MB            #033[A#033[A#033[A#033[A#033[A#033[A
[2026-05-31T05:10:17.745000+00:00] Processing Files (1 / 5)      :  18%|█▊        | 2.65GB / 15.0GB,  697MB/s
[2026-05-31T05:10:17.745000+00:00] New Data Upload               : 100%|█████████▉|  602MB /  604MB,  159MB/s  #033[A
[2026-05-31T05:10:17.745000+00:00] ...kpoint-1158/rng_state.pth:  77%|███████▋  | 11.3kB / 14.6kB            #033[A#033[A
[2026-05-31T05:10:17.745000+00:00] ...ckpoint-1158/optimizer.pt: 100%|█████████▉|  268MB /  269MB            #033[A#033[A#033[A
[2026-05-31T05:10:17.746000+00:00] ...ckpoint-1158/scheduler.pt: 100%|██████████| 1.47kB / 1.47kB            #033[A#033[A#033[A#033[A
[2026-05-31T05:10:17.746000+00:00] ...l/model/model.safetensors:  15%|█▌        | 2.26GB / 14.6GB            #033[A#033[A#033[A#033[A#033[A
[2026-05-31T05:10:17.746000+00:00] #015  ...adapter_model.safetensors: 100%|█████████▉|  134MB /  134MB            #033[A#033[A#033[A#033[A#033[A#033[A
[2026-05-31T05:10:17.746000+00:00] Processing Files (1 / 5)      :  18%|█▊        | 2.66GB / 15.0GB,  664MB/s
[2026-05-31T05:10:17.746000+00:00] ...kpoint-1158/rng_state.pth:  77%|███████▋  | 11.3kB / 14.6kB            #033[A#033[A
[2026-05-31T05:10:17.746000+00:00] ...ckpoint-1158/optimizer.pt: 100%|█████████▉|  268MB /  269MB            #033[A#033[A#033[A
[2026-05-31T05:10:17.746000+00:00] ...ckpoint-1158/scheduler.pt: 100%|██████████| 1.47kB / 1.47kB            #033[A#033[A#033[A#033[A
[2026-05-31T05:10:17.746000+00:00] ...l/model/model.safetensors:  16%|█▌        | 2.31GB / 14.6GB            #033[A#033[A#033[A#033[A#033[A
[2026-05-31T05:10:17.746000+00:00] ...adapter_model.safetensors: 100%|█████████▉|  134MB /  134MB            #033[A#033[A#033[A#033[A#033[A#033[A
[2026-05-31T05:10:17.746000+00:00] Processing Files (1 / 5)      :  18%|█▊        | 2.72GB / 15.0GB,  647MB/s
[2026-05-31T05:10:17.746000+00:00] New Data Upload               :  89%|████████▉ |  660MB /  738MB,  157MB/s  #033[A
[2026-05-31T05:10:17.746000+00:00] ...kpoint-1158/rng_state.pth:  77%|███████▋  | 11.3kB / 14.6kB            #033[A#033[A
[2026-05-31T05:10:17.746000+00:00] ...ckpoint-1158/optimizer.pt: 100%|█████████▉|  268MB /  269MB            #033[A#033[A#033[A
[2026-05-31T05:10:17.746000+00:00] ...ckpoint-1158/scheduler.pt: 100%|██████████| 1.47kB / 1.47kB            #033[A#033[A#033[A#033[A
[2026-05-31T05:10:17.746000+00:00] ...l/model/model.safetensors:  17%|█▋        | 2.55GB / 14.6GB            #033[A#033[A#033[A#033[A#033[A
[2026-05-31T05:10:17.746000+00:00] ...adapter_model.safetensors: 100%|█████████▉|  134MB /  134MB
[2026-05-31T05:10:17.746000+00:00] #033[A#033[A#033[A#033[A#033[A#033[A
[2026-05-31T05:10:17.746000+00:00] Processing Files (1 / 5)      :  20%|█▉        | 2.95GB / 15.0GB,  671MB/s
[2026-05-31T05:10:17.746000+00:00] New Data Upload               :  99%|█████████▉|  729MB /  738MB,  166MB/s  #033[A
[2026-05-31T05:10:17.746000+00:00] ...kpoint-1158/rng_state.pth:  77%|███████▋  | 11.3kB / 14.6kB            #033[A#033[A
[2026-05-31T05:10:17.746000+00:00] ...ckpoint-1158/optimizer.pt: 100%|█████████▉|  268MB /  269MB            #033[A#033[A#033[A
[2026-05-31T05:10:17.746000+00:00] #015  ...ckpoint-1158/scheduler.pt: 100%|██████████| 1.47kB / 1.47kB            #033[A#033[A#033[A#033[A
[2026-05-31T05:10:17.746000+00:00] ...l/model/model.safetensors:  18%|█▊        | 2.66GB / 14.6GB            #033[A#033[A#033[A#033[A#033[A
[2026-05-31T05:10:17.746000+00:00] #015  ...adapter_model.safetensors: 100%|█████████▉|  134MB /  134MB            #033[A#033[A#033[A#033[A#033[A#033[A
[2026-05-31T05:10:17.746000+00:00] Processing Files (1 / 5)      :  20%|██        | 3.06GB / 15.0GB,  666MB/s
[2026-05-31T05:10:17.746000+00:00] New Data Upload               :  92%|█████████▏|  737MB /  805MB,  160MB/s  #033[A
[2026-05-31T05:10:18.746000+00:00] ...kpoint-1158/rng_state.pth:  77%|███████▋  | 11.3kB / 14.6kB            #033[A#033[A
[2026-05-31T05:10:18.747000+00:00] ...ckpoint-1158/optimizer.pt: 100%|█████████▉|  268MB /  269MB            #033[A#033[A#033[A
[2026-05-31T05:10:18.747000+00:00] ...ckpoint-1158/scheduler.pt: 100%|██████████| 1.47kB / 1.47kB            #033[A#033[A#033[A#033[A
[2026-05-31T05:10:18.747000+00:00] ...l/model/model.safetensors:  19%|█▊        | 2.70GB / 14.6GB            #033[A#033[A#033[A#033[A#033[A
[2026-05-31T05:10:18.747000+00:00] ...adapter_model.safetensors: 100%|█████████▉|  134MB /  134MB            #033[A#033[A#033[A#033[A#033[A#033[A
[2026-05-31T05:10:18.747000+00:00] Processing Files (1 / 5)      :  21%|██        | 3.11GB / 15.0GB,  647MB/s
[2026-05-31T05:10:18.747000+00:00] New Data Upload               :  89%|████████▉ |  780MB /  872MB,  162MB/s  #033[A
[2026-05-31T05:10:18.747000+00:00] ...kpoint-1158/rng_state.pth:  77%|███████▋  | 11.3kB / 14.6kB            #033[A#033[A
[2026-05-31T05:10:18.747000+00:00] ...ckpoint-1158/optimizer.pt: 100%|█████████▉|  268MB /  269MB            #033[A#033[A#033[A
[2026-05-31T05:10:18.747000+00:00] ...ckpoint-1158/scheduler.pt: 100%|██████████| 1.47kB / 1.47kB            #033[A#033[A#033[A#033[A
[2026-05-31T05:10:18.747000+00:00] ...l/model/model.safetensors:  20%|█▉        | 2.85GB / 14.6GB            #033[A#033[A#033[A#033[A#033[A
[2026-05-31T05:10:18.747000+00:00] #015  ...adapter_model.safetensors: 100%|█████████▉|  134MB /  134MB
[2026-05-31T05:10:18.747000+00:00] #033[A#033[A#033[A#033[A#033[A#033[A
[2026-05-31T05:10:18.747000+00:00] Processing Files (1 / 5)      :  22%|██▏       | 3.25GB / 15.0GB,  650MB/s  
[2026-05-31T05:10:18.747000+00:00] #015New Data Upload               :  95%|█████████▌|  831MB /  872MB,  166MB/s  #033[A
[2026-05-31T05:10:18.747000+00:00] ...kpoint-1158/rng_state.pth:  77%|███████▋  | 11.3kB / 14.6kB            #033[A#033[A
[2026-05-31T05:10:18.747000+00:00] ...ckpoint-1158/optimizer.pt: 100%|█████████▉|  268MB /  269MB            #033[A#033[A#033[A
[2026-05-31T05:10:18.747000+00:00] ...ckpoint-1158/scheduler.pt: 100%|██████████| 1.47kB / 1.47kB            #033[A#033[A#033[A#033[A
[2026-05-31T05:10:18.747000+00:00] ...l/model/model.safetensors:  21%|██        | 3.06GB / 14.6GB            #033[A#033[A#033[A#033[A#033[A
[2026-05-31T05:10:18.747000+00:00] ...adapter_model.safetensors: 100%|█████████▉|  134MB /  134MB            #033[A#033[A#033[A#033[A#033[A#033[A
[2026-05-31T05:10:18.747000+00:00] Processing Files (1 / 5)      :  23%|██▎       | 3.47GB / 15.0GB,  666MB/s  
[2026-05-31T05:10:18.747000+00:00] #015New Data Upload               :  93%|█████████▎|  870MB /  939MB,  167MB/s  #033[A
[2026-05-31T05:10:18.747000+00:00] ...kpoint-1158/rng_state.pth:  77%|███████▋  | 11.3kB / 14.6kB            #033[A#033[A
[2026-05-31T05:10:18.747000+00:00] ...ckpoint-1158/optimizer.pt: 100%|█████████▉|  268MB /  269MB            #033[A#033[A#033[A
[2026-05-31T05:10:18.747000+00:00] ...ckpoint-1158/scheduler.pt: 100%|██████████| 1.47kB / 1.47kB            #033[A#033[A#033[A#033[A
[2026-05-31T05:10:18.747000+00:00] ...l/model/model.safetensors:  21%|██        | 3.09GB / 14.6GB            #033[A#033[A#033[A#033[A#033[A
[2026-05-31T05:10:18.747000+00:00] ...adapter_model.safetensors: 100%|█████████▉|  134MB /  134MB            #033[A#033[A#033[A#033[A#033[A#033[A
[2026-05-31T05:10:18.747000+00:00] Processing Files (1 / 5)      :  23%|██▎       | 3.49GB / 15.0GB,  646MB/s
[2026-05-31T05:10:18.747000+00:00] New Data Upload               :  89%|████████▊ |  892MB / 1.01GB,  165MB/s  #033[A
[2026-05-31T05:10:18.747000+00:00] ...kpoint-1158/rng_state.pth:  77%|███████▋  | 11.3kB / 14.6kB            #033[A#033[A
[2026-05-31T05:10:18.747000+00:00] ...ckpoint-1158/optimizer.pt: 100%|█████████▉|  268MB /  269MB            #033[A#033[A#033[A
[2026-05-31T05:10:18.747000+00:00] #015  ...ckpoint-1158/scheduler.pt: 100%|██████████| 1.47kB / 1.47kB            #033[A#033[A#033[A#033[A
[2026-05-31T05:10:18.747000+00:00] ...l/model/model.safetensors:  22%|██▏       | 3.14GB / 14.6GB            #033[A#033[A#033[A#033[A#033[A
[2026-05-31T05:10:18.747000+00:00] #015  ...adapter_model.safetensors: 100%|█████████▉|  134MB /  134MB            #033[A#033[A#033[A#033[A#033[A#033[A
[2026-05-31T05:10:18.747000+00:00] Processing Files (1 / 5)      :  24%|██▎       | 3.55GB / 15.0GB,  633MB/s  
[2026-05-31T05:10:18.747000+00:00] #015New Data Upload               :  93%|█████████▎|  940MB / 1.01GB,  168MB/s  #033[A
[2026-05-31T05:10:19.747000+00:00] ...kpoint-1158/rng_state.pth:  77%|███████▋  | 11.3kB / 14.6kB            #033[A#033[A
[2026-05-31T05:10:19.747000+00:00] ...ckpoint-1158/optimizer.pt: 100%|█████████▉|  268MB /  269MB            #033[A#033[A#033[A
[2026-05-31T05:10:19.748000+00:00] ...ckpoint-1158/scheduler.pt: 100%|██████████| 1.47kB / 1.47kB            #033[A#033[A#033[A#033[A
[2026-05-31T05:10:19.748000+00:00] ...l/model/model.safetensors:  24%|██▍       | 3.47GB / 14.6GB            #033[A#033[A#033[A#033[A#033[A
[2026-05-31T05:10:19.748000+00:00] ...adapter_model.safetensors: 100%|█████████▉|  134MB /  134MB            #033[A#033[A#033[A#033[A#033[A#033[A
[2026-05-31T05:10:19.748000+00:00] Processing Files (1 / 5)      :  26%|██▌       | 3.87GB / 15.0GB,  667MB/s
[2026-05-31T05:10:19.748000+00:00] New Data Upload               :  94%|█████████▎| 1.00GB / 1.07GB,  173MB/s  #033[A
[2026-05-31T05:10:19.748000+00:00] ...kpoint-1158/rng_state.pth:  77%|███████▋  | 11.3kB / 14.6kB            #033[A#033[A
[2026-05-31T05:10:19.748000+00:00] #015  ...ckpoint-1158/optimizer.pt: 100%|█████████▉|  268MB /  269MB
[2026-05-31T05:10:19.748000+00:00] #033[A#033[A#033[A
[2026-05-31T05:10:19.748000+00:00] ...ckpoint-1158/scheduler.pt: 100%|██████████| 1.47kB / 1.47kB            #033[A#033[A#033[A#033[A
[2026-05-31T05:10:19.748000+00:00] ...l/model/model.safetensors:  24%|██▍       | 3.47GB / 14.6GB            #033[A#033[A#033[A#033[A#033[A
[2026-05-31T05:10:19.748000+00:00] ...adapter_model.safetensors: 100%|█████████▉|  134MB /  134MB
[2026-05-31T05:10:19.748000+00:00] #033[A#033[A#033[A#033[A#033[A#033[A
[2026-05-31T05:10:19.748000+00:00] Processing Files (1 / 5)      :  26%|██▌       | 3.87GB / 15.0GB,  645MB/s
[2026-05-31T05:10:19.748000+00:00] New Data Upload               :  94%|█████████▎| 1.01GB / 1.07GB,  168MB/s  #033[A
[2026-05-31T05:10:19.748000+00:00] ...kpoint-1158/rng_state.pth:  77%|███████▋  | 11.3kB / 14.6kB            #033[A#033[A
[2026-05-31T05:10:19.748000+00:00] ...ckpoint-1158/optimizer.pt: 100%|█████████▉|  268MB /  269MB            #033[A#033[A#033[A
[2026-05-31T05:10:19.748000+00:00] ...ckpoint-1158/scheduler.pt: 100%|██████████| 1.47kB / 1.47kB            #033[A#033[A#033[A#033[A
[2026-05-31T05:10:19.748000+00:00] ...l/model/model.safetensors:  24%|██▍       | 3.53GB / 14.6GB            #033[A#033[A#033[A#033[A#033[A
[2026-05-31T05:10:19.748000+00:00] ...adapter_model.safetensors: 100%|█████████▉|  134MB /  134MB            #033[A#033[A#033[A#033[A#033[A#033[A
[2026-05-31T05:10:19.748000+00:00] Processing Files (1 / 5)      :  26%|██▌       | 3.93GB / 15.0GB,  634MB/s
[2026-05-31T05:10:19.748000+00:00] New Data Upload               :  93%|█████████▎| 1.06GB / 1.14GB,  172MB/s  #033[A
[2026-05-31T05:10:19.748000+00:00] ...kpoint-1158/rng_state.pth:  77%|███████▋  | 11.3kB / 14.6kB            #033[A#033[A
[2026-05-31T05:10:19.748000+00:00] ...ckpoint-1158/optimizer.pt: 100%|█████████▉|  268MB /  269MB            #033[A#033[A#033[A
[2026-05-31T05:10:19.748000+00:00] ...ckpoint-1158/scheduler.pt: 100%|██████████| 1.47kB / 1.47kB            #033[A#033[A#033[A#033[A
[2026-05-31T05:10:19.748000+00:00] ...l/model/model.safetensors:  26%|██▌       | 3.78GB / 14.6GB            #033[A#033[A#033[A#033[A#033[A
[2026-05-31T05:10:19.748000+00:00] ...adapter_model.safetensors: 100%|█████████▉|  134MB /  134MB            #033[A#033[A#033[A#033[A#033[A#033[A
[2026-05-31T05:10:19.748000+00:00] Processing Files (1 / 5)      :  28%|██▊       | 4.18GB / 15.0GB,  653MB/s
[2026-05-31T05:10:19.748000+00:00] New Data Upload               :  99%|█████████▊| 1.12GB / 1.14GB,  176MB/s  #033[A
[2026-05-31T05:10:19.748000+00:00] ...kpoint-1158/rng_state.pth:  77%|███████▋  | 11.3kB / 14.6kB            #033[A#033[A
[2026-05-31T05:10:19.748000+00:00] ...ckpoint-1158/optimizer.pt: 100%|█████████▉|  268MB /  269MB            #033[A#033[A#033[A
[2026-05-31T05:10:19.748000+00:00] ...ckpoint-1158/scheduler.pt: 100%|██████████| 1.47kB / 1.47kB            #033[A#033[A#033[A#033[A
[2026-05-31T05:10:19.748000+00:00] ...l/model/model.safetensors:  27%|██▋       | 3.87GB / 14.6GB            #033[A#033[A#033[A#033[A#033[A
[2026-05-31T05:10:19.748000+00:00] ...adapter_model.safetensors: 100%|█████████▉|  134MB /  134MB            #033[A#033[A#033[A#033[A#033[A#033[A
[2026-05-31T05:10:19.748000+00:00] Processing Files (1 / 5)      :  28%|██▊       | 4.27GB / 15.0GB,  648MB/s
[2026-05-31T05:10:19.748000+00:00] New Data Upload               :  94%|█████████▍| 1.14GB / 1.21GB,  173MB/s  #033[A
[2026-05-31T05:10:20.749000+00:00] ...kpoint-1158/rng_state.pth:  77%|███████▋  | 11.3kB / 14.6kB            #033[A#033[A
[2026-05-31T05:10:20.749000+00:00] ...ckpoint-1158/optimizer.pt: 100%|█████████▉|  268MB /  269MB            #033[A#033[A#033[A
[2026-05-31T05:10:20.749000+00:00] ...ckpoint-1158/scheduler.pt: 100%|██████████| 1.47kB / 1.47kB            #033[A#033[A#033[A#033[A
[2026-05-31T05:10:20.749000+00:00] ...l/model/model.safetensors:  27%|██▋       | 3.92GB / 14.6GB            #033[A#033[A#033[A#033[A#033[A
[2026-05-31T05:10:20.749000+00:00] ...adapter_model.safetensors: 100%|█████████▉|  134MB /  134MB            #033[A#033[A#033[A#033[A#033[A#033[A#015Processing Files (1 / 5)      :  29%|██▉       | 4.32GB / 15.0GB,  635MB/s
[2026-05-31T05:10:20.749000+00:00] New Data Upload               :  93%|█████████▎| 1.18GB / 1.27GB,  174MB/s  #033[A
[2026-05-31T05:10:20.749000+00:00] ...kpoint-1158/rng_state.pth:  77%|███████▋  | 11.3kB / 14.6kB            #033[A#033[A
[2026-05-31T05:10:20.749000+00:00] ...ckpoint-1158/optimizer.pt: 100%|█████████▉|  268MB /  269MB            #033[A#033[A#033[A
[2026-05-31T05:10:20.749000+00:00] ...ckpoint-1158/scheduler.pt: 100%|██████████| 1.47kB / 1.47kB            #033[A#033[A#033[A#033[A
[2026-05-31T05:10:20.749000+00:00] ...l/model/model.safetensors:  28%|██▊       | 4.07GB / 14.6GB            #033[A#033[A#033[A#033[A#033[A
[2026-05-31T05:10:20.749000+00:00] ...adapter_model.safetensors: 100%|█████████▉|  134MB /  134MB            #033[A#033[A#033[A#033[A#033[A#033[A
[2026-05-31T05:10:20.749000+00:00] Processing Files (1 / 5)      :  30%|██▉       | 4.48GB / 15.0GB,  640MB/s
[2026-05-31T05:10:20.749000+00:00] New Data Upload               :  97%|█████████▋| 1.24GB / 1.27GB,  177MB/s  #033[A
[2026-05-31T05:10:20.749000+00:00] ...kpoint-1158/rng_state.pth:  77%|███████▋  | 11.3kB / 14.6kB            #033[A#033[A
[2026-05-31T05:10:20.749000+00:00] ...ckpoint-1158/optimizer.pt: 100%|█████████▉|  268MB /  269MB            #033[A#033[A#033[A
[2026-05-31T05:10:20.749000+00:00] #015  ...ckpoint-1158/scheduler.pt: 100%|██████████| 1.47kB / 1.47kB            #033[A#033[A#033[A#033[A
[2026-05-31T05:10:20.749000+00:00] ...l/model/model.safetensors:  29%|██▉       | 4.28GB / 14.6GB            #033[A#033[A#033[A#033[A#033[A
[2026-05-31T05:10:20.749000+00:00] #015  ...adapter_model.safetensors: 100%|█████████▉|  134MB /  134MB            #033[A#033[A#033[A#033[A#033[A#033[A
[2026-05-31T05:10:20.749000+00:00] Processing Files (1 / 5)      :  31%|███       | 4.68GB / 15.0GB,  650MB/s
[2026-05-31T05:10:20.749000+00:00] New Data Upload               :  95%|█████████▍| 1.27GB / 1.34GB,  177MB/s  #033[A
[2026-05-31T05:10:20.749000+00:00] ...kpoint-1158/rng_state.pth:  77%|███████▋  | 11.3kB / 14.6kB            #033[A#033[A
[2026-05-31T05:10:20.749000+00:00] ...ckpoint-1158/optimizer.pt: 100%|█████████▉|  268MB /  269MB            #033[A#033[A#033[A
[2026-05-31T05:10:20.749000+00:00] ...ckpoint-1158/scheduler.pt: 100%|██████████| 1.47kB / 1.47kB            #033[A#033[A#033[A#033[A
[2026-05-31T05:10:20.749000+00:00] ...l/model/model.safetensors:  29%|██▉       | 4.30GB / 14.6GB            #033[A#033[A#033[A#033[A#033[A
[2026-05-31T05:10:20.749000+00:00] ...adapter_model.safetensors: 100%|█████████▉|  134MB /  134MB            #033[A#033[A#033[A#033[A#033[A#033[A
[2026-05-31T05:10:20.749000+00:00] Processing Files (1 / 5)      :  31%|███▏      | 4.70GB / 15.0GB,  635MB/s
[2026-05-31T05:10:20.749000+00:00] New Data Upload               :  92%|█████████▏| 1.30GB / 1.41GB,  175MB/s  #033[A
[2026-05-31T05:10:20.749000+00:00] ...kpoint-1158/rng_state.pth:  77%|███████▋  | 11.3kB / 14.6kB            #033[A#033[A
[2026-05-31T05:10:20.749000+00:00] ...ckpoint-1158/optimizer.pt: 100%|█████████▉|  268MB /  269MB            #033[A#033[A#033[A
[2026-05-31T05:10:20.749000+00:00] #015  ...ckpoint-1158/scheduler.pt: 100%|██████████| 1.47kB / 1.47kB            #033[A#033[A#033[A#033[A
[2026-05-31T05:10:20.749000+00:00] ...l/model/model.safetensors:  30%|██▉       | 4.35GB / 14.6GB            #033[A#033[A#033[A#033[A#033[A
[2026-05-31T05:10:20.749000+00:00] #015  ...adapter_model.safetensors: 100%|█████████▉|  134MB /  134MB            #033[A#033[A#033[A#033[A#033[A#033[A
[2026-05-31T05:10:20.749000+00:00] Processing Files (1 / 5)      :  32%|███▏      | 4.76GB / 15.0GB,  626MB/s  
[2026-05-31T05:10:20.749000+00:00] #015New Data Upload               :  95%|█████████▌| 1.34GB / 1.41GB,  176MB/s
[2026-05-31T05:10:20.749000+00:00] #033[A
[2026-05-31T05:10:21.750000+00:00] ...kpoint-1158/rng_state.pth:  77%|███████▋  | 11.3kB / 14.6kB            #033[A#033[A
[2026-05-31T05:10:21.750000+00:00] ...ckpoint-1158/optimizer.pt: 100%|█████████▉|  268MB /  269MB            #033[A#033[A#033[A
[2026-05-31T05:10:21.750000+00:00] ...ckpoint-1158/scheduler.pt: 100%|██████████| 1.47kB / 1.47kB            #033[A#033[A#033[A#033[A
[2026-05-31T05:10:21.750000+00:00] ...l/model/model.safetensors:  32%|███▏      | 4.68GB / 14.6GB            #033[A#033[A#033[A#033[A#033[A
[2026-05-31T05:10:21.750000+00:00] ...adapter_model.safetensors: 100%|█████████▉|  134MB /  134MB            #033[A#033[A#033[A#033[A#033[A#033[A
[2026-05-31T05:10:21.750000+00:00] Processing Files (1 / 5)      :  34%|███▍      | 5.08GB / 15.0GB,  651MB/s
[2026-05-31T05:10:21.750000+00:00] New Data Upload               : 100%|█████████▉| 1.41GB / 1.41GB,  180MB/s  #033[A
[2026-05-31T05:10:21.750000+00:00] ...kpoint-1158/rng_state.pth:  77%|███████▋  | 11.3kB / 14.6kB            #033[A#033[A
[2026-05-31T05:10:21.750000+00:00] ...ckpoint-1158/optimizer.pt: 100%|█████████▉|  268MB /  269MB            #033[A#033[A#033[A
[2026-05-31T05:10:21.750000+00:00] ...ckpoint-1158/scheduler.pt: 100%|██████████| 1.47kB / 1.47kB            #033[A#033[A#033[A#033[A
[2026-05-31T05:10:21.750000+00:00] ...l/model/model.safetensors:  32%|███▏      | 4.68GB / 14.6GB            #033[A#033[A#033[A#033[A#033[A
[2026-05-31T05:10:21.750000+00:00] ...adapter_model.safetensors: 100%|█████████▉|  134MB /  134MB            #033[A#033[A#033[A#033[A#033[A#033[A
[2026-05-31T05:10:21.750000+00:00] Processing Files (1 / 5)      :  34%|███▍      | 5.09GB / 15.0GB,  636MB/s
[2026-05-31T05:10:21.750000+00:00] ...kpoint-1158/rng_state.pth:  77%|███████▋  | 11.3kB / 14.6kB            #033[A#033[A
[2026-05-31T05:10:21.750000+00:00] ...ckpoint-1158/optimizer.pt: 100%|█████████▉|  268MB /  269MB            #033[A#033[A#033[A
[2026-05-31T05:10:21.750000+00:00] ...ckpoint-1158/scheduler.pt: 100%|██████████| 1.47kB / 1.47kB            #033[A#033[A#033[A#033[A
[2026-05-31T05:10:21.750000+00:00] ...l/model/model.safetensors:  32%|███▏      | 4.74GB / 14.6GB            #033[A#033[A#033[A#033[A#033[A
[2026-05-31T05:10:21.750000+00:00] ...adapter_model.safetensors: 100%|█████████▉|  134MB /  134MB            #033[A#033[A#033[A#033[A#033[A#033[A
[2026-05-31T05:10:21.750000+00:00] Processing Files (1 / 5)      :  34%|███▍      | 5.14GB / 15.0GB,  627MB/s
[2026-05-31T05:10:21.750000+00:00] New Data Upload               :  95%|█████████▍| 1.46GB / 1.54GB,  178MB/s  #033[A
[2026-05-31T05:10:21.750000+00:00] ...kpoint-1158/rng_state.pth:  77%|███████▋  | 11.3kB / 14.6kB            #033[A#033[A
[2026-05-31T05:10:21.750000+00:00] ...ckpoint-1158/optimizer.pt: 100%|█████████▉|  268MB /  269MB            #033[A#033[A#033[A
[2026-05-31T05:10:21.750000+00:00] ...ckpoint-1158/scheduler.pt: 100%|██████████| 1.47kB / 1.47kB            #033[A#033[A#033[A#033[A
[2026-05-31T05:10:21.750000+00:00] ...l/model/model.safetensors:  34%|███▍      | 4.96GB / 14.6GB            #033[A#033[A#033[A#033[A#033[A
[2026-05-31T05:10:21.750000+00:00] ...adapter_model.safetensors: 100%|█████████▉|  134MB /  134MB            #033[A#033[A#033[A#033[A#033[A#033[A
[2026-05-31T05:10:21.750000+00:00] Processing Files (1 / 5)      :  36%|███▌      | 5.36GB / 15.0GB,  638MB/s
[2026-05-31T05:10:21.750000+00:00] New Data Upload               :  99%|█████████▉| 1.52GB / 1.54GB,  182MB/s  #033[A
[2026-05-31T05:10:21.750000+00:00] ...kpoint-1158/rng_state.pth:  77%|███████▋  | 11.3kB / 14.6kB            #033[A#033[A
[2026-05-31T05:10:21.750000+00:00] ...ckpoint-1158/optimizer.pt: 100%|█████████▉|  268MB /  269MB            #033[A#033[A#033[A
[2026-05-31T05:10:21.750000+00:00] ...ckpoint-1158/scheduler.pt: 100%|██████████| 1.47kB / 1.47kB            #033[A#033[A#033[A#033[A
[2026-05-31T05:10:21.750000+00:00] ...l/model/model.safetensors:  35%|███▍      | 5.09GB / 14.6GB            #033[A#033[A#033[A#033[A#033[A
[2026-05-31T05:10:21.750000+00:00] ...adapter_model.safetensors: 100%|█████████▉|  134MB /  134MB            #033[A#033[A#033[A#033[A#033[A#033[A
[2026-05-31T05:10:21.750000+00:00] Processing Files (1 / 5)      :  37%|███▋      | 5.49GB / 15.0GB,  638MB/s
[2026-05-31T05:10:21.750000+00:00] New Data Upload               :  96%|█████████▌| 1.54GB / 1.61GB,  179MB/s  #033[A
[2026-05-31T05:10:22.751000+00:00] ...kpoint-1158/rng_state.pth:  77%|███████▋  | 11.3kB / 14.6kB            #033[A#033[A
[2026-05-31T05:10:22.751000+00:00] ...ckpoint-1158/optimizer.pt: 100%|█████████▉|  268MB /  269MB            #033[A#033[A#033[A
[2026-05-31T05:10:22.751000+00:00] ...ckpoint-1158/scheduler.pt: 100%|██████████| 1.47kB / 1.47kB            #033[A#033[A#033[A#033[A
[2026-05-31T05:10:22.751000+00:00] ...l/model/model.safetensors:  35%|███▌      | 5.13GB / 14.6GB            #033[A#033[A#033[A#033[A#033[A
[2026-05-31T05:10:22.751000+00:00] ...adapter_model.safetensors: 100%|█████████▉|  134MB /  134MB            #033[A#033[A#033[A#033[A#033[A#033[A
[2026-05-31T05:10:22.751000+00:00] Processing Files (1 / 5)      :  37%|███▋      | 5.53GB / 15.0GB,  629MB/s
[2026-05-31T05:10:22.751000+00:00] New Data Upload               :  94%|█████████▍| 1.58GB / 1.68GB,  180MB/s  #033[A
[2026-05-31T05:10:22.751000+00:00] ...kpoint-1158/rng_state.pth:  77%|███████▋  | 11.3kB / 14.6kB            #033[A#033[A
[2026-05-31T05:10:22.751000+00:00] ...ckpoint-1158/optimizer.pt: 100%|█████████▉|  268MB /  269MB            #033[A#033[A#033[A
[2026-05-31T05:10:22.751000+00:00] ...ckpoint-1158/scheduler.pt: 100%|██████████| 1.47kB / 1.47kB            #033[A#033[A#033[A#033[A
[2026-05-31T05:10:22.751000+00:00] #015  ...l/model/model.safetensors:  36%|███▌      | 5.23GB / 14.6GB            #033[A#033[A#033[A#033[A#033[A
[2026-05-31T05:10:22.751000+00:00] ...adapter_model.safetensors: 100%|█████████▉|  134MB /  134MB            #033[A#033[A#033[A#033[A#033[A#033[A#015Processing Files (1 / 5)      :  38%|███▊      | 5.64GB / 15.0GB,  626MB/s
[2026-05-31T05:10:22.751000+00:00] New Data Upload               :  97%|█████████▋| 1.63GB / 1.68GB,  181MB/s  #033[A
[2026-05-31T05:10:22.751000+00:00] ...kpoint-1158/rng_state.pth:  77%|███████▋  | 11.3kB / 14.6kB            #033[A#033[A
[2026-05-31T05:10:22.751000+00:00] ...ckpoint-1158/optimizer.pt: 100%|█████████▉|  268MB /  269MB            #033[A#033[A#033[A
[2026-05-31T05:10:22.751000+00:00] ...ckpoint-1158/scheduler.pt: 100%|██████████| 1.47kB / 1.47kB            #033[A#033[A#033[A#033[A
[2026-05-31T05:10:22.751000+00:00] ...l/model/model.safetensors:  38%|███▊      | 5.49GB / 14.6GB            #033[A#033[A#033[A#033[A#033[A
[2026-05-31T05:10:22.751000+00:00] ...adapter_model.safetensors: 100%|█████████▉|  134MB /  134MB            #033[A#033[A#033[A#033[A#033[A#033[A
[2026-05-31T05:10:22.751000+00:00] Processing Files (1 / 5)      :  39%|███▉      | 5.89GB / 15.0GB,  641MB/s
[2026-05-31T05:10:22.751000+00:00] New Data Upload               :  96%|█████████▌| 1.68GB / 1.74GB,  182MB/s
[2026-05-31T05:10:22.751000+00:00] #033[A
[2026-05-31T05:10:22.751000+00:00] ...kpoint-1158/rng_state.pth:  77%|███████▋  | 11.3kB / 14.6kB            #033[A#033[A
[2026-05-31T05:10:22.751000+00:00] ...ckpoint-1158/optimizer.pt: 100%|█████████▉|  268MB /  269MB            #033[A#033[A#033[A
[2026-05-31T05:10:22.751000+00:00] ...ckpoint-1158/scheduler.pt: 100%|██████████| 1.47kB / 1.47kB            #033[A#033[A#033[A#033[A
[2026-05-31T05:10:22.751000+00:00] ...l/model/model.safetensors:  38%|███▊      | 5.49GB / 14.6GB            #033[A#033[A#033[A#033[A#033[A
[2026-05-31T05:10:22.751000+00:00] ...adapter_model.safetensors: 100%|█████████▉|  134MB /  134MB            #033[A#033[A#033[A#033[A#033[A#033[A
[2026-05-31T05:10:22.751000+00:00] Processing Files (1 / 5)      :  39%|███▉      | 5.89GB / 15.0GB,  627MB/s  
[2026-05-31T05:10:22.751000+00:00] #015New Data Upload               :  96%|█████████▌| 1.68GB / 1.74GB,  178MB/s
[2026-05-31T05:10:22.751000+00:00] #033[A
[2026-05-31T05:10:22.751000+00:00] ...kpoint-1158/rng_state.pth:  77%|███████▋  | 11.3kB / 14.6kB            #033[A#033[A
[2026-05-31T05:10:22.751000+00:00] ...ckpoint-1158/optimizer.pt: 100%|█████████▉|  268MB /  269MB            #033[A#033[A#033[A
[2026-05-31T05:10:22.751000+00:00] ...ckpoint-1158/scheduler.pt: 100%|██████████| 1.47kB / 1.47kB            #033[A#033[A#033[A#033[A
[2026-05-31T05:10:22.751000+00:00] ...l/model/model.safetensors:  38%|███▊      | 5.55GB / 14.6GB            #033[A#033[A#033[A#033[A#033[A
[2026-05-31T05:10:22.751000+00:00] ...adapter_model.safetensors: 100%|█████████▉|  134MB /  134MB            #033[A#033[A#033[A#033[A#033[A#033[A
[2026-05-31T05:10:22.751000+00:00] Processing Files (1 / 5)      :  40%|███▉      | 5.95GB / 15.0GB,  620MB/s
[2026-05-31T05:10:22.751000+00:00] New Data Upload               :  96%|█████████▌| 1.74GB / 1.81GB,  181MB/s  #033[A
[2026-05-31T05:10:23.751000+00:00] ...kpoint-1158/rng_state.pth:  77%|███████▋  | 11.3kB / 14.6kB            #033[A#033[A
[2026-05-31T05:10:23.752000+00:00] ...ckpoint-1158/optimizer.pt: 100%|█████████▉|  268MB /  269MB            #033[A#033[A#033[A
[2026-05-31T05:10:23.752000+00:00] ...ckpoint-1158/scheduler.pt: 100%|██████████| 1.47kB / 1.47kB            #033[A#033[A#033[A#033[A
[2026-05-31T05:10:23.752000+00:00] ...l/model/model.safetensors:  40%|███▉      | 5.83GB / 14.6GB            #033[A#033[A#033[A#033[A#033[A
[2026-05-31T05:10:23.752000+00:00] ...adapter_model.safetensors: 100%|█████████▉|  134MB /  134MB            #033[A#033[A#033[A#033[A#033[A#033[A
[2026-05-31T05:10:23.752000+00:00] Processing Files (1 / 5)      :  42%|████▏     | 6.24GB / 15.0GB,  636MB/s
[2026-05-31T05:10:23.752000+00:00] New Data Upload               :  96%|█████████▌| 1.81GB / 1.88GB,  184MB/s  #033[A
[2026-05-31T05:10:23.752000+00:00] ...kpoint-1158/rng_state.pth:  77%|███████▋  | 11.3kB / 14.6kB            #033[A#033[A
[2026-05-31T05:10:23.752000+00:00] ...ckpoint-1158/optimizer.pt: 100%|█████████▉|  268MB /  269MB            #033[A#033[A#033[A
[2026-05-31T05:10:23.752000+00:00] ...ckpoint-1158/scheduler.pt: 100%|██████████| 1.47kB / 1.47kB
[2026-05-31T05:10:23.752000+00:00] #033[A#033[A#033[A#033[A
[2026-05-31T05:10:23.752000+00:00] ...l/model/model.safetensors:  40%|████      | 5.84GB / 14.6GB            #033[A#033[A#033[A#033[A#033[A
[2026-05-31T05:10:23.752000+00:00] #015  ...adapter_model.safetensors: 100%|█████████▉|  134MB /  134MB            #033[A#033[A#033[A#033[A#033[A#033[A
[2026-05-31T05:10:23.752000+00:00] Processing Files (1 / 5)      :  42%|████▏     | 6.24GB / 15.0GB,  624MB/s  
[2026-05-31T05:10:23.752000+00:00] #015New Data Upload               :  96%|█████████▋| 1.81GB / 1.88GB,  181MB/s  #033[A
[2026-05-31T05:10:23.752000+00:00] ...kpoint-1158/rng_state.pth:  77%|███████▋  | 11.3kB / 14.6kB            #033[A#033[A
[2026-05-31T05:10:23.752000+00:00] ...ckpoint-1158/optimizer.pt: 100%|█████████▉|  268MB /  269MB            #033[A#033[A#033[A
[2026-05-31T05:10:23.752000+00:00] ...ckpoint-1158/scheduler.pt: 100%|██████████| 1.47kB / 1.47kB            #033[A#033[A#033[A#033[A
[2026-05-31T05:10:23.752000+00:00] ...l/model/model.safetensors:  40%|████      | 5.91GB / 14.6GB
[2026-05-31T05:10:23.752000+00:00] #033[A#033[A#033[A#033[A#033[A
[2026-05-31T05:10:23.752000+00:00] ...adapter_model.safetensors: 100%|█████████▉|  134MB /  134MB            #033[A#033[A#033[A#033[A#033[A#033[A
[2026-05-31T05:10:23.752000+00:00] Processing Files (1 / 5)      :  42%|████▏     | 6.31GB / 15.0GB,  619MB/s
[2026-05-31T05:10:23.752000+00:00] New Data Upload               :  96%|█████████▋| 1.88GB / 1.94GB,  184MB/s  #033[A
[2026-05-31T05:10:23.752000+00:00] ...kpoint-1158/rng_state.pth:  77%|███████▋  | 11.3kB / 14.6kB            #033[A#033[A
[2026-05-31T05:10:23.752000+00:00] ...ckpoint-1158/optimizer.pt: 100%|█████████▉|  268MB /  269MB            #033[A#033[A#033[A
[2026-05-31T05:10:23.752000+00:00] ...ckpoint-1158/scheduler.pt: 100%|██████████| 1.47kB / 1.47kB            #033[A#033[A#033[A#033[A
[2026-05-31T05:10:23.752000+00:00] ...l/model/model.safetensors:  41%|████      | 5.95GB / 14.6GB            #033[A#033[A#033[A#033[A#033[A
[2026-05-31T05:10:23.752000+00:00] ...adapter_model.safetensors: 100%|█████████▉|  134MB /  134MB            #033[A#033[A#033[A#033[A#033[A#033[A
[2026-05-31T05:10:23.752000+00:00] Processing Files (1 / 5)      :  42%|████▏     | 6.35GB / 15.0GB,  621MB/s
[2026-05-31T05:10:23.752000+00:00] New Data Upload               :  95%|█████████▌| 1.92GB / 2.01GB,  186MB/s  #033[A
[2026-05-31T05:10:23.752000+00:00] ...kpoint-1158/rng_state.pth:  77%|███████▋  | 11.3kB / 14.6kB            #033[A#033[A
[2026-05-31T05:10:23.752000+00:00] ...ckpoint-1158/optimizer.pt: 100%|█████████▉|  268MB /  269MB            #033[A#033[A#033[A
[2026-05-31T05:10:23.752000+00:00] ...ckpoint-1158/scheduler.pt: 100%|██████████| 1.47kB / 1.47kB            #033[A#033[A#033[A#033[A
[2026-05-31T05:10:23.752000+00:00] ...l/model/model.safetensors:  42%|████▏     | 6.09GB / 14.6GB            #033[A#033[A#033[A#033[A#033[A
[2026-05-31T05:10:23.752000+00:00] ...adapter_model.safetensors: 100%|█████████▉|  134MB /  134MB            #033[A#033[A#033[A#033[A#033[A#033[A
[2026-05-31T05:10:23.752000+00:00] Processing Files (1 / 5)      :  43%|████▎     | 6.50GB / 15.0GB,  630MB/s
[2026-05-31T05:10:23.752000+00:00] New Data Upload               :  95%|█████████▌| 1.98GB / 2.08GB,  188MB/s  #033[A
[2026-05-31T05:10:24.753000+00:00] ...kpoint-1158/rng_state.pth:  77%|███████▋  | 11.3kB / 14.6kB            #033[A#033[A
[2026-05-31T05:10:24.753000+00:00] ...ckpoint-1158/optimizer.pt: 100%|█████████▉|  268MB /  269MB            #033[A#033[A#033[A
[2026-05-31T05:10:24.753000+00:00] ...ckpoint-1158/scheduler.pt: 100%|██████████| 1.47kB / 1.47kB            #033[A#033[A#033[A#033[A
[2026-05-31T05:10:24.753000+00:00] ...l/model/model.safetensors:  42%|████▏     | 6.13GB / 14.6GB            #033[A#033[A#033[A#033[A#033[A
[2026-05-31T05:10:24.753000+00:00] ...adapter_model.safetensors: 100%|█████████▉|  134MB /  134MB            #033[A#033[A#033[A#033[A#033[A#033[A
[2026-05-31T05:10:24.753000+00:00] Processing Files (1 / 5)      :  44%|████▎     | 6.54GB / 15.0GB,  634MB/s
[2026-05-31T05:10:24.753000+00:00] New Data Upload               :  97%|█████████▋| 2.02GB / 2.08GB,  192MB/s  #033[A
[2026-05-31T05:10:24.753000+00:00] ...kpoint-1158/rng_state.pth:  77%|███████▋  | 11.3kB / 14.6kB            #033[A#033[A
[2026-05-31T05:10:24.753000+00:00] ...ckpoint-1158/optimizer.pt: 100%|█████████▉|  268MB /  269MB            #033[A#033[A#033[A
[2026-05-31T05:10:24.753000+00:00] ...ckpoint-1158/scheduler.pt: 100%|██████████| 1.47kB / 1.47kB            #033[A#033[A#033[A#033[A
[2026-05-31T05:10:24.753000+00:00] ...l/model/model.safetensors:  42%|████▏     | 6.19GB / 14.6GB            #033[A#033[A#033[A#033[A#033[A
[2026-05-31T05:10:24.753000+00:00] ...adapter_model.safetensors: 100%|█████████▉|  134MB /  134MB            #033[A#033[A#033[A#033[A#033[A#033[A
[2026-05-31T05:10:24.753000+00:00] Processing Files (1 / 5)      :  44%|████▍     | 6.59GB / 15.0GB,  640MB/s
[2026-05-31T05:10:24.753000+00:00] New Data Upload               : 100%|█████████▉| 2.08GB / 2.08GB,  197MB/s  #033[A
[2026-05-31T05:10:24.753000+00:00] ...kpoint-1158/rng_state.pth:  77%|███████▋  | 11.3kB / 14.6kB            #033[A#033[A
[2026-05-31T05:10:24.753000+00:00] ...ckpoint-1158/optimizer.pt: 100%|█████████▉|  268MB /  269MB            #033[A#033[A#033[A
[2026-05-31T05:10:24.753000+00:00] ...ckpoint-1158/scheduler.pt: 100%|██████████| 1.47kB / 1.47kB            #033[A#033[A#033[A#033[A
[2026-05-31T05:10:24.753000+00:00] ...l/model/model.safetensors:  42%|████▏     | 6.20GB / 14.6GB            #033[A#033[A#033[A#033[A#033[A
[2026-05-31T05:10:24.753000+00:00] ...adapter_model.safetensors: 100%|█████████▉|  134MB /  134MB            #033[A#033[A#033[A#033[A#033[A#033[A
[2026-05-31T05:10:24.753000+00:00] Processing Files (1 / 5)      :  44%|████▍     | 6.60GB / 15.0GB,  640MB/s
[2026-05-31T05:10:24.753000+00:00] ...kpoint-1158/rng_state.pth:  77%|███████▋  | 11.3kB / 14.6kB            #033[A#033[A
[2026-05-31T05:10:24.753000+00:00] ...ckpoint-1158/optimizer.pt: 100%|█████████▉|  268MB /  269MB            #033[A#033[A#033[A
[2026-05-31T05:10:24.753000+00:00] ...ckpoint-1158/scheduler.pt: 100%|██████████| 1.47kB / 1.47kB            #033[A#033[A#033[A#033[A
[2026-05-31T05:10:24.753000+00:00] ...l/model/model.safetensors:  43%|████▎     | 6.33GB / 14.6GB            #033[A#033[A#033[A#033[A#033[A
[2026-05-31T05:10:24.753000+00:00] ...adapter_model.safetensors: 100%|█████████▉|  134MB /  134MB            #033[A#033[A#033[A#033[A#033[A#033[A
[2026-05-31T05:10:24.753000+00:00] Processing Files (1 / 5)      :  45%|████▍     | 6.73GB / 15.0GB,  654MB/s
[2026-05-31T05:10:24.753000+00:00] New Data Upload               :  97%|█████████▋| 2.08GB / 2.15GB,  197MB/s  #033[A
[2026-05-31T05:10:24.753000+00:00] ...kpoint-1158/rng_state.pth:  77%|███████▋  | 11.3kB / 14.6kB            #033[A#033[A
[2026-05-31T05:10:24.753000+00:00] ...ckpoint-1158/optimizer.pt: 100%|█████████▉|  268MB /  269MB            #033[A#033[A#033[A
[2026-05-31T05:10:24.753000+00:00] ...ckpoint-1158/scheduler.pt: 100%|██████████| 1.47kB / 1.47kB            #033[A#033[A#033[A#033[A
[2026-05-31T05:10:24.753000+00:00] ...l/model/model.safetensors:  44%|████▎     | 6.36GB / 14.6GB            #033[A#033[A#033[A#033[A#033[A
[2026-05-31T05:10:24.753000+00:00] #015  ...adapter_model.safetensors: 100%|█████████▉|  134MB /  134MB            #033[A#033[A#033[A#033[A#033[A#033[A
[2026-05-31T05:10:24.753000+00:00] Processing Files (1 / 5)      :  45%|████▌     | 6.76GB / 15.0GB,  649MB/s  
[2026-05-31T05:10:24.753000+00:00] #015New Data Upload               :  95%|█████████▌| 2.11GB / 2.21GB,  193MB/s  #033[A
[2026-05-31T05:10:25.753000+00:00] ...kpoint-1158/rng_state.pth:  77%|███████▋  | 11.3kB / 14.6kB            #033[A#033[A
[2026-05-31T05:10:25.754000+00:00] #015  ...ckpoint-1158/optimizer.pt: 100%|█████████▉|  268MB /  269MB            #033[A#033[A#033[A
[2026-05-31T05:10:25.754000+00:00] ...ckpoint-1158/scheduler.pt: 100%|██████████| 1.47kB / 1.47kB            #033[A#033[A#033[A#033[A
[2026-05-31T05:10:25.754000+00:00] ...l/model/model.safetensors:  44%|████▍     | 6.45GB / 14.6GB            #033[A#033[A#033[A#033[A#033[A
[2026-05-31T05:10:25.754000+00:00] #015  ...adapter_model.safetensors: 100%|█████████▉|  134MB /  134MB            #033[A#033[A#033[A#033[A#033[A#033[A#015Processing Files (1 / 5)      :  46%|████▌     | 6.86GB / 15.0GB,  634MB/s
[2026-05-31T05:10:25.754000+00:00] New Data Upload               :  97%|█████████▋| 2.15GB / 2.21GB,  191MB/s  #033[A
[2026-05-31T05:10:25.754000+00:00] ...kpoint-1158/rng_state.pth:  77%|███████▋  | 11.3kB / 14.6kB            #033[A#033[A
[2026-05-31T05:10:25.754000+00:00] ...ckpoint-1158/optimizer.pt: 100%|█████████▉|  268MB /  269MB            #033[A#033[A#033[A
[2026-05-31T05:10:25.754000+00:00] ...ckpoint-1158/scheduler.pt: 100%|██████████| 1.47kB / 1.47kB            #033[A#033[A#033[A#033[A
[2026-05-31T05:10:25.754000+00:00] ...l/model/model.safetensors:  46%|████▌     | 6.74GB / 14.6GB            #033[A#033[A#033[A#033[A#033[A
[2026-05-31T05:10:25.754000+00:00] ...adapter_model.safetensors: 100%|█████████▉|  134MB /  134MB            #033[A#033[A#033[A#033[A#033[A#033[A
[2026-05-31T05:10:25.754000+00:00] Processing Files (1 / 5)      :  48%|████▊     | 7.14GB / 15.0GB,  633MB/s
[2026-05-31T05:10:25.754000+00:00] New Data Upload               : 100%|█████████▉| 2.21GB / 2.21GB,  197MB/s  #033[A
[2026-05-31T05:10:25.754000+00:00] ...kpoint-1158/rng_state.pth:  77%|███████▋  | 11.3kB / 14.6kB            #033[A#033[A
[2026-05-31T05:10:25.754000+00:00] ...ckpoint-1158/optimizer.pt: 100%|█████████▉|  268MB /  269MB            #033[A#033[A#033[A
[2026-05-31T05:10:25.754000+00:00] ...ckpoint-1158/scheduler.pt: 100%|██████████| 1.47kB / 1.47kB            #033[A#033[A#033[A#033[A
[2026-05-31T05:10:25.754000+00:00] #015  ...l/model/model.safetensors:  46%|████▌     | 6.74GB / 14.6GB
[2026-05-31T05:10:25.754000+00:00] #033[A#033[A#033[A#033[A#033[A
[2026-05-31T05:10:25.754000+00:00] ...adapter_model.safetensors: 100%|█████████▉|  134MB /  134MB            #033[A#033[A#033[A#033[A#033[A#033[A#015Processing Files (1 / 5)      :  48%|████▊     | 7.14GB / 15.0GB,  611MB/s
[2026-05-31T05:10:25.754000+00:00] New Data Upload               :  97%|█████████▋| 2.21GB / 2.28GB,  197MB/s  #033[A
[2026-05-31T05:10:25.754000+00:00] ...kpoint-1158/rng_state.pth:  77%|███████▋  | 11.3kB / 14.6kB            #033[A#033[A
[2026-05-31T05:10:25.754000+00:00] ...ckpoint-1158/optimizer.pt: 100%|█████████▉|  268MB /  269MB            #033[A#033[A#033[A
[2026-05-31T05:10:25.754000+00:00] ...ckpoint-1158/scheduler.pt: 100%|██████████| 1.47kB / 1.47kB            #033[A#033[A#033[A#033[A
[2026-05-31T05:10:25.754000+00:00] #015  ...l/model/model.safetensors:  47%|████▋     | 6.80GB / 14.6GB            #033[A#033[A#033[A#033[A#033[A
[2026-05-31T05:10:25.754000+00:00] ...adapter_model.safetensors: 100%|█████████▉|  134MB /  134MB            #033[A#033[A#033[A#033[A#033[A#033[A#015Processing Files (1 / 5)      :  48%|████▊     | 7.20GB / 15.0GB,  617MB/s
[2026-05-31T05:10:25.754000+00:00] New Data Upload               :  97%|█████████▋| 2.27GB / 2.35GB,  203MB/s  #033[A
[2026-05-31T05:10:25.754000+00:00] ...kpoint-1158/rng_state.pth:  77%|███████▋  | 11.3kB / 14.6kB            #033[A#033[A
[2026-05-31T05:10:25.754000+00:00] ...ckpoint-1158/optimizer.pt: 100%|█████████▉|  268MB /  269MB            #033[A#033[A#033[A
[2026-05-31T05:10:25.754000+00:00] ...ckpoint-1158/scheduler.pt: 100%|██████████| 1.47kB / 1.47kB            #033[A#033[A#033[A#033[A
[2026-05-31T05:10:25.754000+00:00] ...l/model/model.safetensors:  48%|████▊     | 7.04GB / 14.6GB            #033[A#033[A#033[A#033[A#033[A
[2026-05-31T05:10:25.754000+00:00] ...adapter_model.safetensors: 100%|█████████▉|  134MB /  134MB            #033[A#033[A#033[A#033[A#033[A#033[A
[2026-05-31T05:10:25.754000+00:00] Processing Files (1 / 5)      :  50%|████▉     | 7.45GB / 15.0GB,  619MB/s
[2026-05-31T05:10:25.754000+00:00] New Data Upload               :  99%|█████████▉| 2.33GB / 2.35GB,  197MB/s  #033[A
[2026-05-31T05:10:26.754000+00:00] ...kpoint-1158/rng_state.pth:  77%|███████▋  | 11.3kB / 14.6kB            #033[A#033[A
[2026-05-31T05:10:26.754000+00:00] ...ckpoint-1158/optimizer.pt: 100%|█████████▉|  268MB /  269MB            #033[A#033[A#033[A
[2026-05-31T05:10:26.755000+00:00] ...ckpoint-1158/scheduler.pt: 100%|██████████| 1.47kB / 1.47kB            #033[A#033[A#033[A#033[A
[2026-05-31T05:10:26.755000+00:00] ...l/model/model.safetensors:  49%|████▉     | 7.14GB / 14.6GB            #033[A#033[A#033[A#033[A#033[A
[2026-05-31T05:10:26.755000+00:00] ...adapter_model.safetensors: 100%|█████████▉|  134MB /  134MB            #033[A#033[A#033[A#033[A#033[A#033[A
[2026-05-31T05:10:26.755000+00:00] Processing Files (1 / 5)      :  50%|█████     | 7.54GB / 15.0GB,  594MB/s
[2026-05-31T05:10:26.755000+00:00] New Data Upload               :  97%|█████████▋| 2.35GB / 2.41GB,  191MB/s  #033[A
[2026-05-31T05:10:26.755000+00:00] ...kpoint-1158/rng_state.pth:  77%|███████▋  | 11.3kB / 14.6kB            #033[A#033[A
[2026-05-31T05:10:26.755000+00:00] #015  ...ckpoint-1158/optimizer.pt: 100%|█████████▉|  268MB /  269MB
[2026-05-31T05:10:26.755000+00:00] #033[A#033[A#033[A
[2026-05-31T05:10:26.755000+00:00] ...ckpoint-1158/scheduler.pt: 100%|██████████| 1.47kB / 1.47kB            #033[A#033[A#033[A#033[A
[2026-05-31T05:10:26.755000+00:00] #015  ...l/model/model.safetensors:  49%|████▉     | 7.18GB / 14.6GB            #033[A#033[A#033[A#033[A#033[A
[2026-05-31T05:10:26.755000+00:00] ...adapter_model.safetensors: 100%|█████████▉|  134MB /  134MB            #033[A#033[A#033[A#033[A#033[A#033[A#015Processing Files (1 / 5)      :  51%|█████     | 7.58GB / 15.0GB,  569MB/s
[2026-05-31T05:10:26.755000+00:00] New Data Upload               :  96%|█████████▌| 2.38GB / 2.48GB,  194MB/s  #033[A
[2026-05-31T05:10:26.755000+00:00] ...kpoint-1158/rng_state.pth:  77%|███████▋  | 11.3kB / 14.6kB            #033[A#033[A
[2026-05-31T05:10:26.755000+00:00] ...ckpoint-1158/optimizer.pt: 100%|█████████▉|  268MB /  269MB            #033[A#033[A#033[A
[2026-05-31T05:10:26.755000+00:00] ...ckpoint-1158/scheduler.pt: 100%|██████████| 1.47kB / 1.47kB            #033[A#033[A#033[A#033[A
[2026-05-31T05:10:26.755000+00:00] ...l/model/model.safetensors:  50%|█████     | 7.33GB / 14.6GB            #033[A#033[A#033[A#033[A#033[A
[2026-05-31T05:10:26.755000+00:00] ...adapter_model.safetensors: 100%|█████████▉|  134MB /  134MB            #033[A#033[A#033[A#033[A#033[A#033[A
[2026-05-31T05:10:26.755000+00:00] Processing Files (1 / 5)      :  52%|█████▏    | 7.74GB / 15.0GB,  556MB/s
[2026-05-31T05:10:26.755000+00:00] New Data Upload               :  98%|█████████▊| 2.44GB / 2.48GB,  200MB/s  #033[A
[2026-05-31T05:10:26.755000+00:00] ...kpoint-1158/rng_state.pth:  77%|███████▋  | 11.3kB / 14.6kB            #033[A#033[A
[2026-05-31T05:10:26.755000+00:00] ...ckpoint-1158/optimizer.pt: 100%|█████████▉|  268MB /  269MB            #033[A#033[A#033[A
[2026-05-31T05:10:26.755000+00:00] ...ckpoint-1158/scheduler.pt: 100%|██████████| 1.47kB / 1.47kB            #033[A#033[A#033[A#033[A
[2026-05-31T05:10:26.755000+00:00] ...l/model/model.safetensors:  52%|█████▏    | 7.55GB / 14.6GB            #033[A#033[A#033[A#033[A#033[A
[2026-05-31T05:10:26.755000+00:00] ...adapter_model.safetensors: 100%|█████████▉|  134MB /  134MB            #033[A#033[A#033[A#033[A#033[A#033[A
[2026-05-31T05:10:26.755000+00:00] Processing Files (1 / 5)      :  53%|█████▎    | 7.95GB / 15.0GB,  565MB/s
[2026-05-31T05:10:26.755000+00:00] New Data Upload               :  97%|█████████▋| 2.48GB / 2.55GB,  204MB/s  #033[A
[2026-05-31T05:10:26.755000+00:00] ...kpoint-1158/rng_state.pth:  77%|███████▋  | 11.3kB / 14.6kB            #033[A#033[A
[2026-05-31T05:10:26.755000+00:00] ...ckpoint-1158/optimizer.pt: 100%|█████████▉|  268MB /  269MB            #033[A#033[A#033[A
[2026-05-31T05:10:26.755000+00:00] ...ckpoint-1158/scheduler.pt: 100%|██████████| 1.47kB / 1.47kB            #033[A#033[A#033[A#033[A
[2026-05-31T05:10:26.755000+00:00] ...l/model/model.safetensors:  52%|█████▏    | 7.55GB / 14.6GB            #033[A#033[A#033[A#033[A#033[A
[2026-05-31T05:10:26.755000+00:00] ...adapter_model.safetensors: 100%|█████████▉|  134MB /  134MB            #033[A#033[A#033[A#033[A#033[A#033[A#015Processing Files (1 / 5)      :  53%|█████▎    | 7.96GB / 15.0GB,  556MB/s  
[2026-05-31T05:10:26.755000+00:00] #015New Data Upload               :  95%|█████████▌| 2.49GB / 2.62GB,  195MB/s  #033[A
[2026-05-31T05:10:27.755000+00:00] ...kpoint-1158/rng_state.pth:  77%|███████▋  | 11.3kB / 14.6kB            #033[A#033[A
[2026-05-31T05:10:27.755000+00:00] ...ckpoint-1158/optimizer.pt: 100%|█████████▉|  268MB /  269MB            #033[A#033[A#033[A
[2026-05-31T05:10:27.755000+00:00] ...ckpoint-1158/scheduler.pt: 100%|██████████| 1.47kB / 1.47kB            #033[A#033[A#033[A#033[A
[2026-05-31T05:10:27.755000+00:00] ...l/model/model.safetensors:  52%|█████▏    | 7.62GB / 14.6GB            #033[A#033[A#033[A#033[A#033[A
[2026-05-31T05:10:27.756000+00:00] ...adapter_model.safetensors: 100%|█████████▉|  134MB /  134MB            #033[A#033[A#033[A#033[A#033[A#033[A
[2026-05-31T05:10:27.756000+00:00] Processing Files (1 / 5)      :  53%|█████▎    | 8.02GB / 15.0GB,  556MB/s
[2026-05-31T05:10:27.756000+00:00] New Data Upload               :  97%|█████████▋| 2.54GB / 2.62GB,  196MB/s  #033[A
[2026-05-31T05:10:27.756000+00:00] ...kpoint-1158/rng_state.pth:  77%|███████▋  | 11.3kB / 14.6kB            #033[A#033[A
[2026-05-31T05:10:27.756000+00:00] ...ckpoint-1158/optimizer.pt: 100%|█████████▉|  268MB /  269MB            #033[A#033[A#033[A
[2026-05-31T05:10:27.756000+00:00] ...ckpoint-1158/scheduler.pt: 100%|██████████| 1.47kB / 1.47kB            #033[A#033[A#033[A#033[A
[2026-05-31T05:10:27.756000+00:00] ...l/model/model.safetensors:  54%|█████▍    | 7.94GB / 14.6GB            #033[A#033[A#033[A#033[A#033[A
[2026-05-31T05:10:27.756000+00:00] ...adapter_model.safetensors: 100%|█████████▉|  134MB /  134MB            #033[A#033[A#033[A#033[A#033[A#033[A
[2026-05-31T05:10:27.756000+00:00] Processing Files (1 / 5)      :  56%|█████▌    | 8.34GB / 15.0GB,  558MB/s
[2026-05-31T05:10:27.756000+00:00] New Data Upload               : 100%|█████████▉| 2.61GB / 2.62GB,  197MB/s  #033[A
[2026-05-31T05:10:27.756000+00:00] ...kpoint-1158/rng_state.pth:  77%|███████▋  | 11.3kB / 14.6kB            #033[A#033[A
[2026-05-31T05:10:27.756000+00:00] ...ckpoint-1158/optimizer.pt: 100%|█████████▉|  268MB /  269MB            #033[A#033[A#033[A
[2026-05-31T05:10:27.756000+00:00] ...ckpoint-1158/scheduler.pt: 100%|██████████| 1.47kB / 1.47kB            #033[A#033[A#033[A#033[A
[2026-05-31T05:10:27.756000+00:00] ...l/model/model.safetensors:  54%|█████▍    | 7.95GB / 14.6GB            #033[A#033[A#033[A#033[A#033[A
[2026-05-31T05:10:27.756000+00:00] ...adapter_model.safetensors: 100%|█████████▉|  134MB /  134MB            #033[A#033[A#033[A#033[A#033[A#033[A
[2026-05-31T05:10:27.756000+00:00] Processing Files (1 / 5)      :  56%|█████▌    | 8.35GB / 15.0GB,  558MB/s
[2026-05-31T05:10:27.756000+00:00] New Data Upload               :  97%|█████████▋| 2.61GB / 2.68GB,  197MB/s  #033[A
[2026-05-31T05:10:27.756000+00:00] ...kpoint-1158/rng_state.pth:  77%|███████▋  | 11.3kB / 14.6kB            #033[A#033[A
[2026-05-31T05:10:27.756000+00:00] ...ckpoint-1158/optimizer.pt: 100%|█████████▉|  268MB /  269MB            #033[A#033[A#033[A
[2026-05-31T05:10:27.756000+00:00] ...ckpoint-1158/scheduler.pt: 100%|██████████| 1.47kB / 1.47kB            #033[A#033[A#033[A#033[A
[2026-05-31T05:10:27.756000+00:00] ...l/model/model.safetensors:  55%|█████▍    | 8.00GB / 14.6GB            #033[A#033[A#033[A#033[A#033[A
[2026-05-31T05:10:27.756000+00:00] ...adapter_model.safetensors: 100%|█████████▉|  134MB /  134MB            #033[A#033[A#033[A#033[A#033[A#033[A
[2026-05-31T05:10:27.756000+00:00] Processing Files (1 / 5)      :  56%|█████▌    | 8.40GB / 15.0GB,  558MB/s
[2026-05-31T05:10:27.756000+00:00] New Data Upload               :  97%|█████████▋| 2.67GB / 2.75GB,  197MB/s  #033[A
[2026-05-31T05:10:27.756000+00:00] ...kpoint-1158/rng_state.pth:  77%|███████▋  | 11.3kB / 14.6kB            #033[A#033[A
[2026-05-31T05:10:27.756000+00:00] ...ckpoint-1158/optimizer.pt: 100%|█████████▉|  268MB /  269MB            #033[A#033[A#033[A
[2026-05-31T05:10:27.756000+00:00] ...ckpoint-1158/scheduler.pt: 100%|██████████| 1.47kB / 1.47kB            #033[A#033[A#033[A#033[A
[2026-05-31T05:10:27.756000+00:00] #015  ...l/model/model.safetensors:  56%|█████▋    | 8.22GB / 14.6GB            #033[A#033[A#033[A#033[A#033[A
[2026-05-31T05:10:27.756000+00:00] ...adapter_model.safetensors: 100%|█████████▉|  134MB /  134MB            #033[A#033[A#033[A#033[A#033[A#033[A#015Processing Files (1 / 5)      :  58%|█████▊    | 8.63GB / 15.0GB,  556MB/s  
[2026-05-31T05:10:27.756000+00:00] #015New Data Upload               :  99%|█████████▊| 2.71GB / 2.75GB,  195MB/s  #033[A
[2026-05-31T05:10:28.757000+00:00] ...kpoint-1158/rng_state.pth:  77%|███████▋  | 11.3kB / 14.6kB            #033[A#033[A
[2026-05-31T05:10:28.757000+00:00] ...ckpoint-1158/optimizer.pt: 100%|█████████▉|  268MB /  269MB            #033[A#033[A#033[A
[2026-05-31T05:10:28.757000+00:00] ...ckpoint-1158/scheduler.pt: 100%|██████████| 1.47kB / 1.47kB            #033[A#033[A#033[A#033[A
[2026-05-31T05:10:28.757000+00:00] ...l/model/model.safetensors:  57%|█████▋    | 8.35GB / 14.6GB            #033[A#033[A#033[A#033[A#033[A
[2026-05-31T05:10:28.757000+00:00] ...adapter_model.safetensors: 100%|█████████▉|  134MB /  134MB            #033[A#033[A#033[A#033[A#033[A#033[A
[2026-05-31T05:10:28.757000+00:00] Processing Files (1 / 5)      :  58%|█████▊    | 8.76GB / 15.0GB,  558MB/s
[2026-05-31T05:10:28.757000+00:00] New Data Upload               :  98%|█████████▊| 2.75GB / 2.82GB,  197MB/s  #033[A
[2026-05-31T05:10:28.757000+00:00] ...kpoint-1158/rng_state.pth:  77%|███████▋  | 11.3kB / 14.6kB            #033[A#033[A
[2026-05-31T05:10:28.757000+00:00] ...ckpoint-1158/optimizer.pt: 100%|█████████▉|  268MB /  269MB            #033[A#033[A#033[A
[2026-05-31T05:10:28.757000+00:00] ...ckpoint-1158/scheduler.pt: 100%|██████████| 1.47kB / 1.47kB            #033[A#033[A#033[A#033[A
[2026-05-31T05:10:28.757000+00:00] ...l/model/model.safetensors:  57%|█████▋    | 8.39GB / 14.6GB            #033[A#033[A#033[A#033[A#033[A
[2026-05-31T05:10:28.757000+00:00] ...adapter_model.safetensors: 100%|█████████▉|  134MB /  134MB            #033[A#033[A#033[A#033[A#033[A#033[A
[2026-05-31T05:10:28.757000+00:00] Processing Files (1 / 5)      :  59%|█████▊    | 8.79GB / 15.0GB,  558MB/s
[2026-05-31T05:10:28.757000+00:00] New Data Upload               :  97%|█████████▋| 2.79GB / 2.88GB,  197MB/s  #033[A
[2026-05-31T05:10:28.757000+00:00] ...kpoint-1158/rng_state.pth:  77%|███████▋  | 11.3kB / 14.6kB            #033[A#033[A
[2026-05-31T05:10:28.757000+00:00] ...ckpoint-1158/optimizer.pt: 100%|█████████▉|  268MB /  269MB            #033[A#033[A#033[A
[2026-05-31T05:10:28.757000+00:00] ...ckpoint-1158/scheduler.pt: 100%|██████████| 1.47kB / 1.47kB            #033[A#033[A#033[A#033[A
[2026-05-31T05:10:28.757000+00:00] ...l/model/model.safetensors:  58%|█████▊    | 8.46GB / 14.6GB            #033[A#033[A#033[A#033[A#033[A
[2026-05-31T05:10:28.757000+00:00] ...adapter_model.safetensors: 100%|█████████▉|  134MB /  134MB            #033[A#033[A#033[A#033[A#033[A#033[A
[2026-05-31T05:10:28.757000+00:00] Processing Files (1 / 5)      :  59%|█████▉    | 8.86GB / 15.0GB,  550MB/s
[2026-05-31T05:10:28.757000+00:00] New Data Upload               :  98%|█████████▊| 2.82GB / 2.88GB,  195MB/s  #033[A
[2026-05-31T05:10:28.757000+00:00] ...kpoint-1158/rng_state.pth:  77%|███████▋  | 11.3kB / 14.6kB            #033[A#033[A
[2026-05-31T05:10:28.757000+00:00] ...ckpoint-1158/optimizer.pt: 100%|█████████▉|  268MB /  269MB            #033[A#033[A#033[A
[2026-05-31T05:10:28.757000+00:00] ...ckpoint-1158/scheduler.pt: 100%|██████████| 1.47kB / 1.47kB            #033[A#033[A#033[A#033[A
[2026-05-31T05:10:28.757000+00:00] ...l/model/model.safetensors:  60%|██████    | 8.76GB / 14.6GB            #033[A#033[A#033[A#033[A#033[A
[2026-05-31T05:10:28.757000+00:00] ...adapter_model.safetensors: 100%|█████████▉|  134MB /  134MB            #033[A#033[A#033[A#033[A#033[A#033[A
[2026-05-31T05:10:28.757000+00:00] Processing Files (1 / 5)      :  61%|██████    | 9.16GB / 15.0GB,  558MB/s
[2026-05-31T05:10:28.757000+00:00] New Data Upload               :  98%|█████████▊| 2.88GB / 2.95GB,  197MB/s
[2026-05-31T05:10:28.757000+00:00] #033[A
[2026-05-31T05:10:28.757000+00:00] ...kpoint-1158/rng_state.pth:  77%|███████▋  | 11.3kB / 14.6kB            #033[A#033[A
[2026-05-31T05:10:28.757000+00:00] ...ckpoint-1158/optimizer.pt: 100%|█████████▉|  268MB /  269MB            #033[A#033[A#033[A
[2026-05-31T05:10:28.757000+00:00] ...ckpoint-1158/scheduler.pt: 100%|██████████| 1.47kB / 1.47kB            #033[A#033[A#033[A#033[A
[2026-05-31T05:10:28.757000+00:00] ...l/model/model.safetensors:  60%|██████    | 8.76GB / 14.6GB            #033[A#033[A#033[A#033[A#033[A
[2026-05-31T05:10:28.757000+00:00] ...adapter_model.safetensors: 100%|█████████▉|  134MB /  134MB            #033[A#033[A#033[A#033[A#033[A#033[A
[2026-05-31T05:10:29.758000+00:00] ...kpoint-1158/rng_state.pth:  77%|███████▋  | 11.3kB / 14.6kB            #033[A#033[A
[2026-05-31T05:10:29.758000+00:00] ...ckpoint-1158/optimizer.pt: 100%|█████████▉|  268MB /  269MB            #033[A#033[A#033[A
[2026-05-31T05:10:29.758000+00:00] ...ckpoint-1158/scheduler.pt: 100%|██████████| 1.47kB / 1.47kB            #033[A#033[A#033[A#033[A
[2026-05-31T05:10:29.758000+00:00] ...l/model/model.safetensors:  60%|██████    | 8.82GB / 14.6GB            #033[A#033[A#033[A#033[A#033[A
[2026-05-31T05:10:29.758000+00:00] ...adapter_model.safetensors: 100%|█████████▉|  134MB /  134MB            #033[A#033[A#033[A#033[A#033[A#033[A
[2026-05-31T05:10:29.758000+00:00] Processing Files (1 / 5)      :  61%|██████▏   | 9.22GB / 15.0GB,  557MB/s
[2026-05-31T05:10:29.758000+00:00] New Data Upload               :  98%|█████████▊| 2.95GB / 3.02GB,  197MB/s  #033[A
[2026-05-31T05:10:29.758000+00:00] ...kpoint-1158/rng_state.pth:  77%|███████▋  | 11.3kB / 14.6kB            #033[A#033[A
[2026-05-31T05:10:29.758000+00:00] ...ckpoint-1158/optimizer.pt: 100%|█████████▉|  268MB /  269MB            #033[A#033[A#033[A
[2026-05-31T05:10:29.758000+00:00] #015  ...ckpoint-1158/scheduler.pt: 100%|██████████| 1.47kB / 1.47kB            #033[A#033[A#033[A#033[A
[2026-05-31T05:10:29.758000+00:00] #015  ...l/model/model.safetensors:  61%|██████    | 8.88GB / 14.6GB            #033[A#033[A#033[A#033[A#033[A
[2026-05-31T05:10:29.758000+00:00] ...adapter_model.safetensors: 100%|█████████▉|  134MB /  134MB            #033[A#033[A#033[A#033[A#033[A#033[A
[2026-05-31T05:10:29.758000+00:00] Processing Files (1 / 5)      :  62%|██████▏   | 9.29GB / 15.0GB,  531MB/s
[2026-05-31T05:10:29.758000+00:00] New Data Upload               : 100%|█████████▉| 3.01GB / 3.02GB,  196MB/s  #033[A
[2026-05-31T05:10:29.758000+00:00] ...kpoint-1158/rng_state.pth:  77%|███████▋  | 11.3kB / 14.6kB            #033[A#033[A
[2026-05-31T05:10:29.758000+00:00] ...ckpoint-1158/optimizer.pt: 100%|█████████▉|  268MB /  269MB            #033[A#033[A#033[A
[2026-05-31T05:10:29.758000+00:00] ...ckpoint-1158/scheduler.pt: 100%|██████████| 1.47kB / 1.47kB            #033[A#033[A#033[A#033[A
[2026-05-31T05:10:29.758000+00:00] ...l/model/model.safetensors:  61%|██████▏   | 8.96GB / 14.6GB            #033[A#033[A#033[A#033[A#033[A
[2026-05-31T05:10:29.758000+00:00] ...adapter_model.safetensors: 100%|█████████▉|  134MB /  134MB            #033[A#033[A#033[A#033[A#033[A#033[A
[2026-05-31T05:10:29.758000+00:00] Processing Files (1 / 5)      :  62%|██████▏   | 9.36GB / 15.0GB,  538MB/s
[2026-05-31T05:10:29.758000+00:00] New Data Upload               :  98%|█████████▊| 3.02GB / 3.08GB,  197MB/s  #033[A
[2026-05-31T05:10:29.758000+00:00] ...kpoint-1158/rng_state.pth:  77%|███████▋  | 11.3kB / 14.6kB            #033[A#033[A
[2026-05-31T05:10:29.758000+00:00] #015  ...ckpoint-1158/optimizer.pt: 100%|█████████▉|  268MB /  269MB            #033[A#033[A#033[A
[2026-05-31T05:10:29.758000+00:00] ...ckpoint-1158/scheduler.pt: 100%|██████████| 1.47kB / 1.47kB            #033[A#033[A#033[A#033[A
[2026-05-31T05:10:29.758000+00:00] ...l/model/model.safetensors:  62%|██████▏   | 9.00GB / 14.6GB            #033[A#033[A#033[A#033[A#033[A
[2026-05-31T05:10:29.758000+00:00] #015  ...adapter_model.safetensors: 100%|█████████▉|  134MB /  134MB            #033[A#033[A#033[A#033[A#033[A#033[A#015Processing Files (1 / 5)      :  63%|██████▎   | 9.40GB / 15.0GB,  536MB/s  
[2026-05-31T05:10:29.758000+00:00] #015New Data Upload               :  97%|█████████▋| 3.05GB / 3.15GB,  195MB/s
[2026-05-31T05:10:29.758000+00:00] #033[A
[2026-05-31T05:10:29.758000+00:00] ...kpoint-1158/rng_state.pth:  77%|███████▋  | 11.3kB / 14.6kB            #033[A#033[A
[2026-05-31T05:10:29.758000+00:00] ...ckpoint-1158/optimizer.pt: 100%|█████████▉|  268MB /  269MB            #033[A#033[A#033[A
[2026-05-31T05:10:29.758000+00:00] ...ckpoint-1158/scheduler.pt: 100%|██████████| 1.47kB / 1.47kB            #033[A#033[A#033[A#033[A
[2026-05-31T05:10:29.758000+00:00] ...l/model/model.safetensors:  62%|██████▏   | 9.05GB / 14.6GB            #033[A#033[A#033[A#033[A#033[A
[2026-05-31T05:10:29.758000+00:00] ...adapter_model.safetensors: 100%|█████████▉|  134MB /  134MB            #033[A#033[A#033[A#033[A#033[A#033[A
[2026-05-31T05:10:29.758000+00:00] Processing Files (1 / 5)      :  63%|██████▎   | 9.45GB / 15.0GB,  517MB/s
[2026-05-31T05:10:29.758000+00:00] New Data Upload               :  99%|█████████▊| 3.11GB / 3.15GB,  194MB/s  #033[A
[2026-05-31T05:10:30.759000+00:00] ...kpoint-1158/rng_state.pth:  77%|███████▋  | 11.3kB / 14.6kB            #033[A#033[A
[2026-05-31T05:10:30.759000+00:00] ...ckpoint-1158/optimizer.pt: 100%|█████████▉|  268MB /  269MB            #033[A#033[A#033[A
[2026-05-31T05:10:30.759000+00:00] ...ckpoint-1158/scheduler.pt: 100%|██████████| 1.47kB / 1.47kB            #033[A#033[A#033[A#033[A
[2026-05-31T05:10:30.759000+00:00] ...l/model/model.safetensors:  62%|██████▏   | 9.11GB / 14.6GB            #033[A#033[A#033[A#033[A#033[A
[2026-05-31T05:10:30.759000+00:00] ...adapter_model.safetensors: 100%|█████████▉|  134MB /  134MB            #033[A#033[A#033[A#033[A#033[A#033[A
[2026-05-31T05:10:30.759000+00:00] Processing Files (1 / 5)      :  63%|██████▎   | 9.51GB / 15.0GB,  514MB/s
[2026-05-31T05:10:30.759000+00:00] New Data Upload               : 100%|█████████▉| 3.15GB / 3.15GB,  197MB/s  #033[A
[2026-05-31T05:10:30.759000+00:00] ...kpoint-1158/rng_state.pth:  77%|███████▋  | 11.3kB / 14.6kB            #033[A#033[A
[2026-05-31T05:10:30.759000+00:00] ...ckpoint-1158/optimizer.pt: 100%|█████████▉|  268MB /  269MB            #033[A#033[A#033[A
[2026-05-31T05:10:30.759000+00:00] ...ckpoint-1158/scheduler.pt: 100%|██████████| 1.47kB / 1.47kB            #033[A#033[A#033[A#033[A
[2026-05-31T05:10:30.759000+00:00] ...l/model/model.safetensors:  63%|██████▎   | 9.19GB / 14.6GB            #033[A#033[A#033[A#033[A#033[A
[2026-05-31T05:10:30.759000+00:00] ...adapter_model.safetensors: 100%|█████████▉|  134MB /  134MB            #033[A#033[A#033[A#033[A#033[A#033[A
[2026-05-31T05:10:30.759000+00:00] Processing Files (1 / 5)      :  64%|██████▍   | 9.59GB / 15.0GB,  517MB/s
[2026-05-31T05:10:30.759000+00:00] New Data Upload               :  98%|█████████▊| 3.15GB / 3.22GB,  193MB/s  #033[A
[2026-05-31T05:10:30.759000+00:00] ...kpoint-1158/rng_state.pth:  77%|███████▋  | 11.3kB / 14.6kB            #033[A#033[A
[2026-05-31T05:10:30.759000+00:00] ...ckpoint-1158/optimizer.pt: 100%|█████████▉|  268MB /  269MB            #033[A#033[A#033[A
[2026-05-31T05:10:30.759000+00:00] ...ckpoint-1158/scheduler.pt: 100%|██████████| 1.47kB / 1.47kB            #033[A#033[A#033[A#033[A
[2026-05-31T05:10:30.759000+00:00] ...l/model/model.safetensors:  63%|██████▎   | 9.22GB / 14.6GB            #033[A#033[A#033[A#033[A#033[A
[2026-05-31T05:10:30.759000+00:00] ...adapter_model.safetensors: 100%|█████████▉|  134MB /  134MB            #033[A#033[A#033[A#033[A#033[A#033[A
[2026-05-31T05:10:30.759000+00:00] Processing Files (1 / 5)      :  64%|██████▍   | 9.62GB / 15.0GB,  505MB/s
[2026-05-31T05:10:30.759000+00:00] New Data Upload               :  97%|█████████▋| 3.18GB / 3.29GB,  191MB/s  #033[A
[2026-05-31T05:10:30.759000+00:00] ...kpoint-1158/rng_state.pth:  77%|███████▋  | 11.3kB / 14.6kB            #033[A#033[A
[2026-05-31T05:10:30.759000+00:00] ...ckpoint-1158/optimizer.pt: 100%|█████████▉|  268MB /  269MB            #033[A#033[A#033[A
[2026-05-31T05:10:30.759000+00:00] ...ckpoint-1158/scheduler.pt: 100%|██████████| 1.47kB / 1.47kB            #033[A#033[A#033[A#033[A
[2026-05-31T05:10:30.759000+00:00] ...l/model/model.safetensors:  64%|██████▍   | 9.40GB / 14.6GB            #033[A#033[A#033[A#033[A#033[A
[2026-05-31T05:10:30.759000+00:00] ...adapter_model.safetensors: 100%|█████████▉|  134MB /  134MB            #033[A#033[A#033[A#033[A#033[A#033[A
[2026-05-31T05:10:30.759000+00:00] Processing Files (1 / 5)      :  65%|██████▌   | 9.80GB / 15.0GB,  502MB/s
[2026-05-31T05:10:30.759000+00:00] New Data Upload               :  99%|█████████▊| 3.24GB / 3.29GB,  193MB/s  #033[A
[2026-05-31T05:10:30.759000+00:00] ...kpoint-1158/rng_state.pth:  77%|███████▋  | 11.3kB / 14.6kB            #033[A#033[A
[2026-05-31T05:10:30.759000+00:00] ...ckpoint-1158/optimizer.pt: 100%|█████████▉|  268MB /  269MB            #033[A#033[A#033[A
[2026-05-31T05:10:30.759000+00:00] ...ckpoint-1158/scheduler.pt: 100%|██████████| 1.47kB / 1.47kB            #033[A#033[A#033[A#033[A
[2026-05-31T05:10:30.759000+00:00] ...l/model/model.safetensors:  66%|██████▌   | 9.60GB / 14.6GB            #033[A#033[A#033[A#033[A#033[A
[2026-05-31T05:10:30.759000+00:00] ...adapter_model.safetensors: 100%|█████████▉|  134MB /  134MB            #033[A#033[A#033[A#033[A#033[A#033[A#015Processing Files (1 / 5)      :  67%|██████▋   | 10.0GB / 15.0GB,  519MB/s
[2026-05-31T05:10:30.759000+00:00] New Data Upload               :  98%|█████████▊| 3.29GB / 3.35GB,  195MB/s  #033[A
[2026-05-31T05:10:31.760000+00:00] ...kpoint-1158/rng_state.pth:  77%|███████▋  | 11.3kB / 14.6kB            #033[A#033[A
[2026-05-31T05:10:31.760000+00:00] ...ckpoint-1158/optimizer.pt: 100%|█████████▉|  268MB /  269MB            #033[A#033[A#033[A
[2026-05-31T05:10:31.760000+00:00] #015  ...ckpoint-1158/scheduler.pt: 100%|██████████| 1.47kB / 1.47kB            #033[A#033[A#033[A#033[A
[2026-05-31T05:10:31.760000+00:00] ...l/model/model.safetensors:  66%|██████▌   | 9.60GB / 14.6GB            #033[A#033[A#033[A#033[A#033[A
[2026-05-31T05:10:31.760000+00:00] #015  ...adapter_model.safetensors: 100%|█████████▉|  134MB /  134MB            #033[A#033[A#033[A#033[A#033[A#033[A#015Processing Files (1 / 5)      :  67%|██████▋   | 10.0GB / 15.0GB,  514MB/s  
[2026-05-31T05:10:31.760000+00:00] #015New Data Upload               :  96%|█████████▌| 3.29GB / 3.42GB,  191MB/s  #033[A
[2026-05-31T05:10:31.760000+00:00] ...kpoint-1158/rng_state.pth:  77%|███████▋  | 11.3kB / 14.6kB            #033[A#033[A
[2026-05-31T05:10:31.760000+00:00] ...ckpoint-1158/optimizer.pt: 100%|█████████▉|  268MB /  269MB            #033[A#033[A#033[A
[2026-05-31T05:10:31.760000+00:00] ...ckpoint-1158/scheduler.pt: 100%|██████████| 1.47kB / 1.47kB            #033[A#033[A#033[A#033[A
[2026-05-31T05:10:31.760000+00:00] ...l/model/model.safetensors:  66%|██████▋   | 9.70GB / 14.6GB            #033[A#033[A#033[A#033[A#033[A
[2026-05-31T05:10:31.760000+00:00] ...adapter_model.safetensors: 100%|█████████▉|  134MB /  134MB            #033[A#033[A#033[A#033[A#033[A#033[A
[2026-05-31T05:10:31.760000+00:00] Processing Files (1 / 5)      :  67%|██████▋   | 10.1GB / 15.0GB,  492MB/s
[2026-05-31T05:10:31.760000+00:00] New Data Upload               :  98%|█████████▊| 3.35GB / 3.42GB,  191MB/s  #033[A
[2026-05-31T05:10:31.760000+00:00] ...kpoint-1158/rng_state.pth:  77%|███████▋  | 11.3kB / 14.6kB            #033[A#033[A
[2026-05-31T05:10:31.760000+00:00] #015  ...ckpoint-1158/optimizer.pt: 100%|█████████▉|  268MB /  269MB            #033[A#033[A#033[A
[2026-05-31T05:10:31.760000+00:00] ...ckpoint-1158/scheduler.pt: 100%|██████████| 1.47kB / 1.47kB            #033[A#033[A#033[A#033[A
[2026-05-31T05:10:31.760000+00:00] #015  ...l/model/model.safetensors:  68%|██████▊   | 9.99GB / 14.6GB            #033[A#033[A#033[A#033[A#033[A
[2026-05-31T05:10:31.760000+00:00] ...adapter_model.safetensors: 100%|█████████▉|  134MB /  134MB            #033[A#033[A#033[A#033[A#033[A#033[A#015Processing Files (1 / 5)      :  69%|██████▉   | 10.4GB / 15.0GB,  521MB/s
[2026-05-31T05:10:31.760000+00:00] New Data Upload               : 100%|█████████▉| 3.41GB / 3.42GB,  197MB/s  #033[A
[2026-05-31T05:10:31.760000+00:00] ...kpoint-1158/rng_state.pth:  77%|███████▋  | 11.3kB / 14.6kB            #033[A#033[A
[2026-05-31T05:10:31.760000+00:00] ...ckpoint-1158/optimizer.pt: 100%|█████████▉|  268MB /  269MB            #033[A#033[A#033[A
[2026-05-31T05:10:31.760000+00:00] ...ckpoint-1158/scheduler.pt: 100%|██████████| 1.47kB / 1.47kB            #033[A#033[A#033[A#033[A
[2026-05-31T05:10:31.760000+00:00] ...l/model/model.safetensors:  69%|██████▊   | 10.0GB / 14.6GB            #033[A#033[A#033[A#033[A#033[A
[2026-05-31T05:10:31.760000+00:00] ...adapter_model.safetensors: 100%|█████████▉|  134MB /  134MB            #033[A#033[A#033[A#033[A#033[A#033[A
[2026-05-31T05:10:31.760000+00:00] Processing Files (1 / 5)      :  69%|██████▉   | 10.4GB / 15.0GB,  516MB/s
[2026-05-31T05:10:31.760000+00:00] New Data Upload               :  98%|█████████▊| 3.42GB / 3.49GB,  192MB/s  #033[A
[2026-05-31T05:10:31.760000+00:00] ...kpoint-1158/rng_state.pth:  77%|███████▋  | 11.3kB / 14.6kB            #033[A#033[A
[2026-05-31T05:10:31.760000+00:00] ...ckpoint-1158/optimizer.pt: 100%|█████████▉|  268MB /  269MB            #033[A#033[A#033[A
[2026-05-31T05:10:31.760000+00:00] ...ckpoint-1158/scheduler.pt: 100%|██████████| 1.47kB / 1.47kB            #033[A#033[A#033[A#033[A
[2026-05-31T05:10:31.760000+00:00] ...l/model/model.safetensors:  69%|██████▉   | 10.1GB / 14.6GB            #033[A#033[A#033[A#033[A#033[A
[2026-05-31T05:10:31.760000+00:00] ...adapter_model.safetensors: 100%|█████████▉|  134MB /  134MB            #033[A#033[A#033[A#033[A#033[A#033[A
[2026-05-31T05:10:31.761000+00:00] Processing Files (1 / 5)      :  70%|██████▉   | 10.5GB / 15.0GB,  501MB/s
[2026-05-31T05:10:31.761000+00:00] New Data Upload               :  98%|█████████▊| 3.48GB / 3.55GB,  192MB/s  #033[A
[2026-05-31T05:10:32.761000+00:00] ...kpoint-1158/rng_state.pth:  77%|███████▋  | 11.3kB / 14.6kB            #033[A#033[A
[2026-05-31T05:10:32.761000+00:00] ...ckpoint-1158/optimizer.pt: 100%|█████████▉|  268MB /  269MB            #033[A#033[A#033[A
[2026-05-31T05:10:32.761000+00:00] ...ckpoint-1158/scheduler.pt: 100%|██████████| 1.47kB / 1.47kB            #033[A#033[A#033[A#033[A
[2026-05-31T05:10:32.761000+00:00] ...l/model/model.safetensors:  71%|███████   | 10.3GB / 14.6GB            #033[A#033[A#033[A#033[A#033[A
[2026-05-31T05:10:32.761000+00:00] ...adapter_model.safetensors: 100%|█████████▉|  134MB /  134MB            #033[A#033[A#033[A#033[A#033[A#033[A
[2026-05-31T05:10:32.761000+00:00] Processing Files (1 / 5)      :  72%|███████▏  | 10.7GB / 15.0GB,  515MB/s
[2026-05-31T05:10:32.761000+00:00] New Data Upload               :  99%|█████████▉| 3.53GB / 3.55GB,  195MB/s  #033[A
[2026-05-31T05:10:32.761000+00:00] ...kpoint-1158/rng_state.pth:  77%|███████▋  | 11.3kB / 14.6kB            #033[A#033[A
[2026-05-31T05:10:32.761000+00:00] ...ckpoint-1158/optimizer.pt: 100%|█████████▉|  268MB /  269MB            #033[A#033[A#033[A
[2026-05-31T05:10:32.761000+00:00] ...ckpoint-1158/scheduler.pt: 100%|██████████| 1.47kB / 1.47kB            #033[A#033[A#033[A#033[A
[2026-05-31T05:10:32.761000+00:00] ...l/model/model.safetensors:  71%|███████▏  | 10.4GB / 14.6GB            #033[A#033[A#033[A#033[A#033[A
[2026-05-31T05:10:32.761000+00:00] ...adapter_model.safetensors: 100%|█████████▉|  134MB /  134MB            #033[A#033[A#033[A#033[A#033[A#033[A
[2026-05-31T05:10:32.761000+00:00] Processing Files (1 / 5)      :  72%|███████▏  | 10.8GB / 15.0GB,  517MB/s
[2026-05-31T05:10:32.761000+00:00] New Data Upload               :  98%|█████████▊| 3.55GB / 3.62GB,  193MB/s  #033[A
[2026-05-31T05:10:32.761000+00:00] ...kpoint-1158/rng_state.pth:  77%|███████▋  | 11.3kB / 14.6kB            #033[A#033[A
[2026-05-31T05:10:32.761000+00:00] ...ckpoint-1158/optimizer.pt: 100%|█████████▉|  268MB /  269MB            #033[A#033[A#033[A
[2026-05-31T05:10:32.761000+00:00] ...ckpoint-1158/scheduler.pt: 100%|██████████| 1.47kB / 1.47kB            #033[A#033[A#033[A#033[A
[2026-05-31T05:10:32.761000+00:00] ...l/model/model.safetensors:  72%|███████▏  | 10.4GB / 14.6GB            #033[A#033[A#033[A#033[A#033[A
[2026-05-31T05:10:32.761000+00:00] ...adapter_model.safetensors: 100%|█████████▉|  134MB /  134MB            #033[A#033[A#033[A#033[A#033[A#033[A
[2026-05-31T05:10:32.761000+00:00] Processing Files (1 / 5)      :  72%|███████▏  | 10.9GB / 15.0GB,  511MB/s
[2026-05-31T05:10:32.761000+00:00] New Data Upload               :  98%|█████████▊| 3.60GB / 3.69GB,  193MB/s  #033[A
[2026-05-31T05:10:32.761000+00:00] ...kpoint-1158/rng_state.pth:  77%|███████▋  | 11.3kB / 14.6kB            #033[A#033[A
[2026-05-31T05:10:32.761000+00:00] ...ckpoint-1158/optimizer.pt: 100%|█████████▉|  268MB /  269MB            #033[A#033[A#033[A
[2026-05-31T05:10:32.761000+00:00] ...ckpoint-1158/scheduler.pt: 100%|██████████| 1.47kB / 1.47kB            #033[A#033[A#033[A#033[A
[2026-05-31T05:10:32.761000+00:00] ...l/model/model.safetensors:  73%|███████▎  | 10.6GB / 14.6GB            #033[A#033[A#033[A#033[A#033[A
[2026-05-31T05:10:32.761000+00:00] ...adapter_model.safetensors: 100%|█████████▉|  134MB /  134MB            #033[A#033[A#033[A#033[A#033[A#033[A
[2026-05-31T05:10:32.761000+00:00] Processing Files (1 / 5)      :  74%|███████▎  | 11.0GB / 15.0GB,  503MB/s
[2026-05-31T05:10:32.761000+00:00] New Data Upload               :  99%|█████████▉| 3.65GB / 3.69GB,  194MB/s  #033[A
[2026-05-31T05:10:32.761000+00:00] ...kpoint-1158/rng_state.pth:  77%|███████▋  | 11.3kB / 14.6kB            #033[A#033[A
[2026-05-31T05:10:32.761000+00:00] ...ckpoint-1158/optimizer.pt: 100%|█████████▉|  268MB /  269MB            #033[A#033[A#033[A
[2026-05-31T05:10:32.761000+00:00] ...ckpoint-1158/scheduler.pt: 100%|██████████| 1.47kB / 1.47kB            #033[A#033[A#033[A#033[A
[2026-05-31T05:10:32.761000+00:00] ...l/model/model.safetensors:  74%|███████▍  | 10.8GB / 14.6GB            #033[A#033[A#033[A#033[A#033[A
[2026-05-31T05:10:32.761000+00:00] ...adapter_model.safetensors: 100%|█████████▉|  134MB /  134MB            #033[A#033[A#033[A#033[A#033[A#033[A
[2026-05-31T05:10:32.761000+00:00] Processing Files (1 / 5)      :  75%|███████▍  | 11.2GB / 15.0GB,  521MB/s
[2026-05-31T05:10:32.761000+00:00] New Data Upload               :  98%|█████████▊| 3.69GB / 3.76GB,  197MB/s  #033[A
[2026-05-31T05:10:33.762000+00:00] ...kpoint-1158/rng_state.pth:  77%|███████▋  | 11.3kB / 14.6kB            #033[A#033[A
[2026-05-31T05:10:33.762000+00:00] ...ckpoint-1158/optimizer.pt: 100%|█████████▉|  268MB /  269MB            #033[A#033[A#033[A
[2026-05-31T05:10:33.762000+00:00] ...ckpoint-1158/scheduler.pt: 100%|██████████| 1.47kB / 1.47kB            #033[A#033[A#033[A#033[A
[2026-05-31T05:10:33.762000+00:00] ...l/model/model.safetensors:  74%|███████▍  | 10.8GB / 14.6GB            #033[A#033[A#033[A#033[A#033[A
[2026-05-31T05:10:33.762000+00:00] ...adapter_model.safetensors: 100%|█████████▉|  134MB /  134MB            #033[A#033[A#033[A#033[A#033[A#033[A#015Processing Files (1 / 5)      :  75%|███████▍  | 11.2GB / 15.0GB,  516MB/s
[2026-05-31T05:10:33.762000+00:00] New Data Upload               :  98%|█████████▊| 3.69GB / 3.76GB,  192MB/s  #033[A
[2026-05-31T05:10:33.762000+00:00] ...kpoint-1158/rng_state.pth:  77%|███████▋  | 11.3kB / 14.6kB            #033[A#033[A
[2026-05-31T05:10:33.762000+00:00] ...ckpoint-1158/optimizer.pt: 100%|█████████▉|  268MB /  269MB            #033[A#033[A#033[A
[2026-05-31T05:10:33.762000+00:00] ...ckpoint-1158/scheduler.pt: 100%|██████████| 1.47kB / 1.47kB            #033[A#033[A#033[A#033[A
[2026-05-31T05:10:33.762000+00:00] ...l/model/model.safetensors:  75%|███████▍  | 10.9GB / 14.6GB            #033[A#033[A#033[A#033[A#033[A
[2026-05-31T05:10:33.762000+00:00] ...adapter_model.safetensors: 100%|█████████▉|  134MB /  134MB            #033[A#033[A#033[A#033[A#033[A#033[A
[2026-05-31T05:10:33.762000+00:00] Processing Files (1 / 5)      :  75%|███████▌  | 11.3GB / 15.0GB,  497MB/s
[2026-05-31T05:10:33.762000+00:00] New Data Upload               :  98%|█████████▊| 3.75GB / 3.82GB,  191MB/s  #033[A
[2026-05-31T05:10:33.762000+00:00] ...kpoint-1158/rng_state.pth:  77%|███████▋  | 11.3kB / 14.6kB            #033[A#033[A
[2026-05-31T05:10:33.762000+00:00] #015  ...ckpoint-1158/optimizer.pt: 100%|█████████▉|  268MB /  269MB            #033[A#033[A#033[A
[2026-05-31T05:10:33.762000+00:00] ...ckpoint-1158/scheduler.pt: 100%|██████████| 1.47kB / 1.47kB            #033[A#033[A#033[A#033[A
[2026-05-31T05:10:33.762000+00:00] #015  ...l/model/model.safetensors:  77%|███████▋  | 11.2GB / 14.6GB            #033[A#033[A#033[A#033[A#033[A
[2026-05-31T05:10:33.762000+00:00] ...adapter_model.safetensors: 100%|█████████▉|  134MB /  134MB            #033[A#033[A#033[A#033[A#033[A#033[A#015Processing Files (1 / 5)      :  77%|███████▋  | 11.6GB / 15.0GB,  526MB/s
[2026-05-31T05:10:33.762000+00:00] New Data Upload               : 100%|█████████▉| 3.82GB / 3.82GB,  197MB/s  #033[A
[2026-05-31T05:10:33.762000+00:00] ...kpoint-1158/rng_state.pth:  77%|███████▋  | 11.3kB / 14.6kB            #033[A#033[A
[2026-05-31T05:10:33.762000+00:00] ...ckpoint-1158/optimizer.pt: 100%|█████████▉|  268MB /  269MB            #033[A#033[A#033[A
[2026-05-31T05:10:33.762000+00:00] ...ckpoint-1158/scheduler.pt: 100%|██████████| 1.47kB / 1.47kB            #033[A#033[A#033[A#033[A
[2026-05-31T05:10:33.762000+00:00] ...l/model/model.safetensors:  77%|███████▋  | 11.2GB / 14.6GB            #033[A#033[A#033[A#033[A#033[A
[2026-05-31T05:10:33.762000+00:00] ...adapter_model.safetensors: 100%|█████████▉|  134MB /  134MB            #033[A#033[A#033[A#033[A#033[A#033[A
[2026-05-31T05:10:33.762000+00:00] Processing Files (1 / 5)      :  77%|███████▋  | 11.6GB / 15.0GB,  520MB/s
[2026-05-31T05:10:33.762000+00:00] New Data Upload               :  98%|█████████▊| 3.82GB / 3.89GB,  191MB/s  #033[A
[2026-05-31T05:10:33.762000+00:00] ...kpoint-1158/rng_state.pth:  77%|███████▋  | 11.3kB / 14.6kB            #033[A#033[A
[2026-05-31T05:10:33.762000+00:00] ...ckpoint-1158/optimizer.pt: 100%|█████████▉|  268MB /  269MB            #033[A#033[A#033[A
[2026-05-31T05:10:33.762000+00:00] ...ckpoint-1158/scheduler.pt: 100%|██████████| 1.47kB / 1.47kB            #033[A#033[A#033[A#033[A
[2026-05-31T05:10:33.762000+00:00] ...l/model/model.safetensors:  77%|███████▋  | 11.3GB / 14.6GB            #033[A#033[A#033[A#033[A#033[A
[2026-05-31T05:10:33.762000+00:00] ...adapter_model.safetensors: 100%|█████████▉|  134MB /  134MB            #033[A#033[A#033[A#033[A#033[A#033[A
[2026-05-31T05:10:33.762000+00:00] Processing Files (1 / 5)      :  78%|███████▊  | 11.7GB / 15.0GB,  521MB/s
[2026-05-31T05:10:33.762000+00:00] New Data Upload               :  98%|█████████▊| 3.87GB / 3.96GB,  191MB/s  #033[A
[2026-05-31T05:10:34.763000+00:00] ...kpoint-1158/rng_state.pth:  77%|███████▋  | 11.3kB / 14.6kB            #033[A#033[A
[2026-05-31T05:10:34.763000+00:00] ...ckpoint-1158/optimizer.pt: 100%|█████████▉|  268MB /  269MB            #033[A#033[A#033[A
[2026-05-31T05:10:34.763000+00:00] ...ckpoint-1158/scheduler.pt: 100%|██████████| 1.47kB / 1.47kB            #033[A#033[A#033[A#033[A
[2026-05-31T05:10:34.763000+00:00] ...l/model/model.safetensors:  79%|███████▊  | 11.5GB / 14.6GB            #033[A#033[A#033[A#033[A#033[A
[2026-05-31T05:10:34.763000+00:00] ...adapter_model.safetensors: 100%|█████████▉|  134MB /  134MB            #033[A#033[A#033[A#033[A#033[A#033[A
[2026-05-31T05:10:34.763000+00:00] Processing Files (1 / 5)      :  79%|███████▉  | 11.9GB / 15.0GB,  528MB/s
[2026-05-31T05:10:34.763000+00:00] New Data Upload               :  99%|█████████▉| 3.93GB / 3.96GB,  191MB/s  #033[A
[2026-05-31T05:10:34.763000+00:00] ...kpoint-1158/rng_state.pth:  77%|███████▋  | 11.3kB / 14.6kB            #033[A#033[A
[2026-05-31T05:10:34.763000+00:00] ...ckpoint-1158/optimizer.pt: 100%|█████████▉|  268MB /  269MB            #033[A#033[A#033[A
[2026-05-31T05:10:34.763000+00:00] ...ckpoint-1158/scheduler.pt: 100%|██████████| 1.47kB / 1.47kB            #033[A#033[A#033[A#033[A
[2026-05-31T05:10:34.763000+00:00] ...l/model/model.safetensors:  80%|███████▉  | 11.6GB / 14.6GB            #033[A#033[A#033[A#033[A#033[A
[2026-05-31T05:10:34.763000+00:00] ...adapter_model.safetensors: 100%|█████████▉|  134MB /  134MB            #033[A#033[A#033[A#033[A#033[A#033[A
[2026-05-31T05:10:34.763000+00:00] Processing Files (1 / 5)      :  80%|████████  | 12.0GB / 15.0GB,  538MB/s
[2026-05-31T05:10:34.763000+00:00] New Data Upload               :  98%|█████████▊| 3.96GB / 4.02GB,  189MB/s  #033[A
[2026-05-31T05:10:34.763000+00:00] ...kpoint-1158/rng_state.pth:  77%|███████▋  | 11.3kB / 14.6kB            #033[A#033[A
[2026-05-31T05:10:34.763000+00:00] ...ckpoint-1158/optimizer.pt: 100%|█████████▉|  268MB /  269MB            #033[A#033[A#033[A
[2026-05-31T05:10:34.763000+00:00] ...ckpoint-1158/scheduler.pt: 100%|██████████| 1.47kB / 1.47kB            #033[A#033[A#033[A#033[A
[2026-05-31T05:10:34.763000+00:00] ...l/model/model.safetensors:  80%|███████▉  | 11.6GB / 14.6GB            #033[A#033[A#033[A#033[A#033[A
[2026-05-31T05:10:34.763000+00:00] ...adapter_model.safetensors: 100%|█████████▉|  134MB /  134MB            #033[A#033[A#033[A#033[A#033[A#033[A
[2026-05-31T05:10:34.763000+00:00] Processing Files (1 / 5)      :  80%|████████  | 12.0GB / 15.0GB,  535MB/s
[2026-05-31T05:10:34.763000+00:00] New Data Upload               :  97%|█████████▋| 3.98GB / 4.09GB,  186MB/s  #033[A
[2026-05-31T05:10:34.763000+00:00] ...kpoint-1158/rng_state.pth:  77%|███████▋  | 11.3kB / 14.6kB            #033[A#033[A
[2026-05-31T05:10:34.763000+00:00] ...ckpoint-1158/optimizer.pt: 100%|█████████▉|  268MB /  269MB            #033[A#033[A#033[A
[2026-05-31T05:10:34.763000+00:00] ...ckpoint-1158/scheduler.pt: 100%|██████████| 1.47kB / 1.47kB            #033[A#033[A#033[A#033[A
[2026-05-31T05:10:34.764000+00:00] ...l/model/model.safetensors:  80%|████████  | 11.7GB / 14.6GB            #033[A#033[A#033[A#033[A#033[A
[2026-05-31T05:10:34.764000+00:00] ...adapter_model.safetensors: 100%|█████████▉|  134MB /  134MB            #033[A#033[A#033[A#033[A#033[A#033[A
[2026-05-31T05:10:34.764000+00:00] Processing Files (1 / 5)      :  81%|████████  | 12.1GB / 15.0GB,  544MB/s
[2026-05-31T05:10:34.764000+00:00] New Data Upload               :  98%|█████████▊| 4.02GB / 4.09GB,  191MB/s  #033[A
[2026-05-31T05:10:34.764000+00:00] ...kpoint-1158/rng_state.pth:  77%|███████▋  | 11.3kB / 14.6kB            #033[A#033[A
[2026-05-31T05:10:34.764000+00:00] ...ckpoint-1158/optimizer.pt: 100%|█████████▉|  268MB /  269MB            #033[A#033[A#033[A
[2026-05-31T05:10:34.764000+00:00] ...ckpoint-1158/scheduler.pt: 100%|██████████| 1.47kB / 1.47kB            #033[A#033[A#033[A#033[A
[2026-05-31T05:10:34.764000+00:00] ...l/model/model.safetensors:  81%|████████  | 11.8GB / 14.6GB            #033[A#033[A#033[A#033[A#033[A
[2026-05-31T05:10:34.764000+00:00] ...adapter_model.safetensors: 100%|█████████▉|  134MB /  134MB            #033[A#033[A#033[A#033[A#033[A#033[A
[2026-05-31T05:10:34.764000+00:00] Processing Files (1 / 5)      :  82%|████████▏ | 12.2GB / 15.0GB,  540MB/s
[2026-05-31T05:10:34.764000+00:00] New Data Upload               : 100%|█████████▉| 4.09GB / 4.09GB,  197MB/s  #033[A
[2026-05-31T05:10:35.764000+00:00] ...kpoint-1158/rng_state.pth:  77%|███████▋  | 11.3kB / 14.6kB            #033[A#033[A
[2026-05-31T05:10:35.764000+00:00] ...ckpoint-1158/optimizer.pt: 100%|█████████▉|  268MB /  269MB            #033[A#033[A#033[A
[2026-05-31T05:10:35.764000+00:00] ...ckpoint-1158/scheduler.pt: 100%|██████████| 1.47kB / 1.47kB            #033[A#033[A#033[A#033[A
[2026-05-31T05:10:35.764000+00:00] ...l/model/model.safetensors:  82%|████████▏ | 11.9GB / 14.6GB            #033[A#033[A#033[A#033[A#033[A
[2026-05-31T05:10:35.764000+00:00] ...adapter_model.safetensors: 100%|█████████▉|  134MB /  134MB            #033[A#033[A#033[A#033[A#033[A#033[A
[2026-05-31T05:10:35.764000+00:00] Processing Files (1 / 5)      :  82%|████████▏ | 12.3GB / 15.0GB,  546MB/s
[2026-05-31T05:10:35.764000+00:00] New Data Upload               : 100%|█████████▉| 4.09GB / 4.09GB,  195MB/s  #033[A
[2026-05-31T05:10:35.764000+00:00] ...kpoint-1158/rng_state.pth:  77%|███████▋  | 11.3kB / 14.6kB            #033[A#033[A
[2026-05-31T05:10:35.764000+00:00] ...ckpoint-1158/optimizer.pt: 100%|█████████▉|  268MB /  269MB            #033[A#033[A#033[A
[2026-05-31T05:10:35.764000+00:00] ...ckpoint-1158/scheduler.pt: 100%|██████████| 1.47kB / 1.47kB            #033[A#033[A#033[A#033[A
[2026-05-31T05:10:35.764000+00:00] ...l/model/model.safetensors:  82%|████████▏ | 12.0GB / 14.6GB            #033[A#033[A#033[A#033[A#033[A
[2026-05-31T05:10:35.764000+00:00] ...adapter_model.safetensors: 100%|█████████▉|  134MB /  134MB            #033[A#033[A#033[A#033[A#033[A#033[A
[2026-05-31T05:10:35.764000+00:00] Processing Files (1 / 5)      :  83%|████████▎ | 12.4GB / 15.0GB,  544MB/s
[2026-05-31T05:10:35.764000+00:00] ...kpoint-1158/rng_state.pth:  77%|███████▋  | 11.3kB / 14.6kB            #033[A#033[A
[2026-05-31T05:10:35.764000+00:00] ...ckpoint-1158/optimizer.pt: 100%|█████████▉|  268MB /  269MB            #033[A#033[A#033[A
[2026-05-31T05:10:35.764000+00:00] ...ckpoint-1158/scheduler.pt: 100%|██████████| 1.47kB / 1.47kB            #033[A#033[A#033[A#033[A
[2026-05-31T05:10:35.764000+00:00] ...l/model/model.safetensors:  83%|████████▎ | 12.0GB / 14.6GB            #033[A#033[A#033[A#033[A#033[A
[2026-05-31T05:10:35.764000+00:00] ...adapter_model.safetensors: 100%|█████████▉|  134MB /  134MB            #033[A#033[A#033[A#033[A#033[A#033[A
[2026-05-31T05:10:35.764000+00:00] Processing Files (1 / 5)      :  83%|████████▎ | 12.4GB / 15.0GB,  521MB/s
[2026-05-31T05:10:35.764000+00:00] New Data Upload               :  98%|█████████▊| 4.13GB / 4.23GB,  188MB/s  #033[A
[2026-05-31T05:10:35.764000+00:00] ...kpoint-1158/rng_state.pth:  77%|███████▋  | 11.3kB / 14.6kB            #033[A#033[A
[2026-05-31T05:10:35.764000+00:00] ...ckpoint-1158/optimizer.pt: 100%|█████████▉|  268MB /  269MB            #033[A#033[A#033[A
[2026-05-31T05:10:35.765000+00:00] #015  ...ckpoint-1158/scheduler.pt: 100%|██████████| 1.47kB / 1.47kB            #033[A#033[A#033[A#033[A
[2026-05-31T05:10:35.765000+00:00] #015  ...l/model/model.safetensors:  84%|████████▎ | 12.2GB / 14.6GB            #033[A#033[A#033[A#033[A#033[A
[2026-05-31T05:10:35.765000+00:00] #015  ...adapter_model.safetensors: 100%|█████████▉|  134MB /  134MB            #033[A#033[A#033[A#033[A#033[A#033[A#015Processing Files (1 / 5)      :  84%|████████▍ | 12.6GB / 15.0GB,  537MB/s  
[2026-05-31T05:10:35.765000+00:00] #015New Data Upload               :  99%|█████████▉| 4.19GB / 4.23GB,  194MB/s  #033[A
[2026-05-31T05:10:35.765000+00:00] ...kpoint-1158/rng_state.pth:  77%|███████▋  | 11.3kB / 14.6kB            #033[A#033[A
[2026-05-31T05:10:35.765000+00:00] ...ckpoint-1158/optimizer.pt: 100%|█████████▉|  268MB /  269MB            #033[A#033[A#033[A
[2026-05-31T05:10:35.765000+00:00] ...ckpoint-1158/scheduler.pt: 100%|██████████| 1.47kB / 1.47kB            #033[A#033[A#033[A#033[A
[2026-05-31T05:10:35.765000+00:00] ...l/model/model.safetensors:  85%|████████▍ | 12.4GB / 14.6GB            #033[A#033[A#033[A#033[A#033[A
[2026-05-31T05:10:35.765000+00:00] ...adapter_model.safetensors: 100%|█████████▉|  134MB /  134MB            #033[A#033[A#033[A#033[A#033[A#033[A
[2026-05-31T05:10:35.765000+00:00] Processing Files (1 / 5)      :  85%|████████▌ | 12.8GB / 15.0GB,  550MB/s
[2026-05-31T05:10:35.765000+00:00] New Data Upload               :  98%|█████████▊| 4.22GB / 4.29GB,  191MB/s  #033[A
[2026-05-31T05:10:36.765000+00:00] ...kpoint-1158/rng_state.pth:  77%|███████▋  | 11.3kB / 14.6kB            #033[A#033[A
[2026-05-31T05:10:36.765000+00:00] ...ckpoint-1158/optimizer.pt: 100%|█████████▉|  268MB /  269MB            #033[A#033[A#033[A
[2026-05-31T05:10:36.765000+00:00] ...ckpoint-1158/scheduler.pt: 100%|██████████| 1.47kB / 1.47kB            #033[A#033[A#033[A#033[A
[2026-05-31T05:10:36.765000+00:00] ...l/model/model.safetensors:  85%|████████▌ | 12.4GB / 14.6GB            #033[A#033[A#033[A#033[A#033[A
[2026-05-31T05:10:36.765000+00:00] ...adapter_model.safetensors: 100%|█████████▉|  134MB /  134MB            #033[A#033[A#033[A#033[A#033[A#033[A
[2026-05-31T05:10:36.765000+00:00] Processing Files (1 / 5)      :  85%|████████▌ | 12.8GB / 15.0GB,  527MB/s
[2026-05-31T05:10:36.765000+00:00] New Data Upload               :  97%|█████████▋| 4.24GB / 4.36GB,  187MB/s  #033[A
[2026-05-31T05:10:36.765000+00:00] ...kpoint-1158/rng_state.pth:  77%|███████▋  | 11.3kB / 14.6kB            #033[A#033[A
[2026-05-31T05:10:36.765000+00:00] ...ckpoint-1158/optimizer.pt: 100%|█████████▉|  268MB /  269MB            #033[A#033[A#033[A
[2026-05-31T05:10:36.765000+00:00] ...ckpoint-1158/scheduler.pt: 100%|██████████| 1.47kB / 1.47kB            #033[A#033[A#033[A#033[A
[2026-05-31T05:10:36.765000+00:00] ...l/model/model.safetensors:  85%|████████▌ | 12.5GB / 14.6GB            #033[A#033[A#033[A#033[A#033[A
[2026-05-31T05:10:36.765000+00:00] ...adapter_model.safetensors: 100%|█████████▉|  134MB /  134MB            #033[A#033[A#033[A#033[A#033[A#033[A
[2026-05-31T05:10:36.765000+00:00] Processing Files (1 / 5)      :  86%|████████▌ | 12.9GB / 15.0GB,  523MB/s
[2026-05-31T05:10:36.765000+00:00] New Data Upload               :  98%|█████████▊| 4.29GB / 4.36GB,  191MB/s  #033[A
[2026-05-31T05:10:36.765000+00:00] ...kpoint-1158/rng_state.pth:  77%|███████▋  | 11.3kB / 14.6kB            #033[A#033[A
[2026-05-31T05:10:36.765000+00:00] ...ckpoint-1158/optimizer.pt: 100%|█████████▉|  268MB /  269MB            #033[A#033[A#033[A
[2026-05-31T05:10:36.765000+00:00] ...ckpoint-1158/scheduler.pt: 100%|██████████| 1.47kB / 1.47kB            #033[A#033[A#033[A#033[A
[2026-05-31T05:10:36.765000+00:00] ...l/model/model.safetensors:  88%|████████▊ | 12.8GB / 14.6GB            #033[A#033[A#033[A#033[A#033[A
[2026-05-31T05:10:36.765000+00:00] ...adapter_model.safetensors: 100%|█████████▉|  134MB /  134MB            #033[A#033[A#033[A#033[A#033[A#033[A
[2026-05-31T05:10:36.765000+00:00] Processing Files (1 / 5)      :  88%|████████▊ | 13.2GB / 15.0GB,  549MB/s
[2026-05-31T05:10:36.765000+00:00] New Data Upload               : 100%|█████████▉| 4.34GB / 4.36GB,  192MB/s  #033[A
[2026-05-31T05:10:36.765000+00:00] ...kpoint-1158/rng_state.pth:  77%|███████▋  | 11.3kB / 14.6kB            #033[A#033[A
[2026-05-31T05:10:36.765000+00:00] ...ckpoint-1158/optimizer.pt: 100%|█████████▉|  268MB /  269MB            #033[A#033[A#033[A
[2026-05-31T05:10:36.766000+00:00] ...ckpoint-1158/scheduler.pt: 100%|██████████| 1.47kB / 1.47kB            #033[A#033[A#033[A#033[A
[2026-05-31T05:10:36.766000+00:00] ...l/model/model.safetensors:  88%|████████▊ | 12.8GB / 14.6GB            #033[A#033[A#033[A#033[A#033[A
[2026-05-31T05:10:36.766000+00:00] ...adapter_model.safetensors: 100%|█████████▉|  134MB /  134MB            #033[A#033[A#033[A#033[A#033[A#033[A
[2026-05-31T05:10:36.766000+00:00] Processing Files (1 / 5)      :  88%|████████▊ | 13.2GB / 15.0GB,  537MB/s
[2026-05-31T05:10:36.766000+00:00] New Data Upload               :  98%|█████████▊| 4.36GB / 4.43GB,  188MB/s  #033[A
[2026-05-31T05:10:36.766000+00:00] ...kpoint-1158/rng_state.pth:  77%|███████▋  | 11.3kB / 14.6kB            #033[A#033[A
[2026-05-31T05:10:36.766000+00:00] #015  ...ckpoint-1158/optimizer.pt: 100%|█████████▉|  268MB /  269MB            #033[A#033[A#033[A
[2026-05-31T05:10:36.766000+00:00] ...ckpoint-1158/scheduler.pt: 100%|██████████| 1.47kB / 1.47kB            #033[A#033[A#033[A#033[A
[2026-05-31T05:10:36.766000+00:00] #015  ...l/model/model.safetensors:  88%|████████▊ | 12.9GB / 14.6GB            #033[A#033[A#033[A#033[A#033[A
[2026-05-31T05:10:36.766000+00:00] #015  ...adapter_model.safetensors: 100%|█████████▉|  134MB /  134MB            #033[A#033[A#033[A#033[A#033[A#033[A
[2026-05-31T05:10:36.766000+00:00] Processing Files (1 / 5)      :  88%|████████▊ | 13.3GB / 15.0GB,  521MB/s  
[2026-05-31T05:10:36.766000+00:00] #015New Data Upload               :  98%|█████████▊| 4.41GB / 4.49GB,  189MB/s  #033[A
[2026-05-31T05:10:37.766000+00:00] ...kpoint-1158/rng_state.pth:  77%|███████▋  | 11.3kB / 14.6kB            #033[A#033[A
[2026-05-31T05:10:37.766000+00:00] ...ckpoint-1158/optimizer.pt: 100%|█████████▉|  268MB /  269MB            #033[A#033[A#033[A
[2026-05-31T05:10:37.766000+00:00] ...ckpoint-1158/scheduler.pt: 100%|██████████| 1.47kB / 1.47kB            #033[A#033[A#033[A#033[A
[2026-05-31T05:10:37.766000+00:00] ...l/model/model.safetensors:  90%|████████▉ | 13.1GB / 14.6GB            #033[A#033[A#033[A#033[A#033[A
[2026-05-31T05:10:37.766000+00:00] ...adapter_model.safetensors: 100%|█████████▉|  134MB /  134MB            #033[A#033[A#033[A#033[A#033[A#033[A
[2026-05-31T05:10:37.766000+00:00] Processing Files (1 / 5)      :  90%|█████████ | 13.5GB / 15.0GB,  545MB/s  
[2026-05-31T05:10:37.766000+00:00] #015New Data Upload               :  99%|█████████▉| 4.47GB / 4.49GB,  194MB/s  #033[A
[2026-05-31T05:10:37.766000+00:00] ...kpoint-1158/rng_state.pth:  77%|███████▋  | 11.3kB / 14.6kB            #033[A#033[A
[2026-05-31T05:10:37.766000+00:00] ...ckpoint-1158/optimizer.pt: 100%|█████████▉|  268MB /  269MB            #033[A#033[A#033[A
[2026-05-31T05:10:37.766000+00:00] #015  ...ckpoint-1158/scheduler.pt: 100%|██████████| 1.47kB / 1.47kB            #033[A#033[A#033[A#033[A
[2026-05-31T05:10:37.766000+00:00] ...l/model/model.safetensors:  91%|█████████ | 13.2GB / 14.6GB            #033[A#033[A#033[A#033[A#033[A
[2026-05-31T05:10:37.766000+00:00] #015  ...adapter_model.safetensors: 100%|█████████▉|  134MB /  134MB            #033[A#033[A#033[A#033[A#033[A#033[A
[2026-05-31T05:10:37.766000+00:00] Processing Files (1 / 5)      :  91%|█████████ | 13.6GB / 15.0GB,  548MB/s
[2026-05-31T05:10:37.766000+00:00] New Data Upload               :  99%|█████████▊| 4.49GB / 4.56GB,  191MB/s  #033[A
[2026-05-31T05:10:37.766000+00:00] ...kpoint-1158/rng_state.pth:  77%|███████▋  | 11.3kB / 14.6kB            #033[A#033[A
[2026-05-31T05:10:37.766000+00:00] ...ckpoint-1158/optimizer.pt: 100%|█████████▉|  268MB /  269MB            #033[A#033[A#033[A
[2026-05-31T05:10:37.766000+00:00] ...ckpoint-1158/scheduler.pt: 100%|██████████| 1.47kB / 1.47kB            #033[A#033[A#033[A#033[A
[2026-05-31T05:10:37.766000+00:00] ...l/model/model.safetensors:  91%|█████████ | 13.3GB / 14.6GB            #033[A#033[A#033[A#033[A#033[A
[2026-05-31T05:10:37.766000+00:00] ...adapter_model.safetensors: 100%|█████████▉|  134MB /  134MB            #033[A#033[A#033[A#033[A#033[A#033[A
[2026-05-31T05:10:37.766000+00:00] Processing Files (1 / 5)      :  91%|█████████ | 13.7GB / 15.0GB,  522MB/s
[2026-05-31T05:10:37.766000+00:00] New Data Upload               :  98%|█████████▊| 4.54GB / 4.63GB,  189MB/s  #033[A
[2026-05-31T05:10:37.766000+00:00] ...kpoint-1158/rng_state.pth:  77%|███████▋  | 11.3kB / 14.6kB            #033[A#033[A
[2026-05-31T05:10:37.766000+00:00] ...ckpoint-1158/optimizer.pt: 100%|█████████▉|  268MB /  269MB            #033[A#033[A#033[A
[2026-05-31T05:10:37.766000+00:00] ...ckpoint-1158/scheduler.pt: 100%|██████████| 1.47kB / 1.47kB            #033[A#033[A#033[A#033[A
[2026-05-31T05:10:37.766000+00:00] ...l/model/model.safetensors:  92%|█████████▏| 13.4GB / 14.6GB            #033[A#033[A#033[A#033[A#033[A
[2026-05-31T05:10:37.766000+00:00] ...adapter_model.safetensors: 100%|█████████▉|  134MB /  134MB            #033[A#033[A#033[A#033[A#033[A#033[A
[2026-05-31T05:10:37.766000+00:00] Processing Files (1 / 5)      :  92%|█████████▏| 13.8GB / 15.0GB,  535MB/s
[2026-05-31T05:10:37.767000+00:00] New Data Upload               :  99%|█████████▉| 4.59GB / 4.63GB,  193MB/s  #033[A
[2026-05-31T05:10:37.767000+00:00] ...kpoint-1158/rng_state.pth:  77%|███████▋  | 11.3kB / 14.6kB            #033[A#033[A
[2026-05-31T05:10:37.767000+00:00] ...ckpoint-1158/optimizer.pt: 100%|█████████▉|  268MB /  269MB            #033[A#033[A#033[A
[2026-05-31T05:10:37.767000+00:00] ...ckpoint-1158/scheduler.pt: 100%|██████████| 1.47kB / 1.47kB            #033[A#033[A#033[A#033[A
[2026-05-31T05:10:37.767000+00:00] ...l/model/model.safetensors:  93%|█████████▎| 13.6GB / 14.6GB            #033[A#033[A#033[A#033[A#033[A
[2026-05-31T05:10:37.767000+00:00] ...adapter_model.safetensors: 100%|█████████▉|  134MB /  134MB            #033[A#033[A#033[A#033[A#033[A#033[A
[2026-05-31T05:10:37.767000+00:00] Processing Files (1 / 5)      :  93%|█████████▎| 14.0GB / 15.0GB,  551MB/s
[2026-05-31T05:10:37.767000+00:00] New Data Upload               :  99%|█████████▊| 4.63GB / 4.69GB,  192MB/s  #033[A
[2026-05-31T05:10:38.767000+00:00] ...kpoint-1158/rng_state.pth:  77%|███████▋  | 11.3kB / 14.6kB            #033[A#033[A
[2026-05-31T05:10:38.767000+00:00] ...ckpoint-1158/optimizer.pt: 100%|█████████▉|  268MB /  269MB            #033[A#033[A#033[A
[2026-05-31T05:10:38.767000+00:00] #015  ...ckpoint-1158/scheduler.pt: 100%|██████████| 1.47kB / 1.47kB            #033[A#033[A#033[A#033[A
[2026-05-31T05:10:38.767000+00:00] ...l/model/model.safetensors:  93%|█████████▎| 13.6GB / 14.6GB            #033[A#033[A#033[A#033[A#033[A
[2026-05-31T05:10:38.767000+00:00] #015  ...adapter_model.safetensors: 100%|█████████▉|  134MB /  134MB            #033[A#033[A#033[A#033[A#033[A#033[A
[2026-05-31T05:10:38.767000+00:00] Processing Files (1 / 5)      :  94%|█████████▎| 14.0GB / 15.0GB,  530MB/s  
[2026-05-31T05:10:38.767000+00:00] #015New Data Upload               :  97%|█████████▋| 4.63GB / 4.76GB,  188MB/s  #033[A
[2026-05-31T05:10:38.767000+00:00] ...kpoint-1158/rng_state.pth:  77%|███████▋  | 11.3kB / 14.6kB            #033[A#033[A
[2026-05-31T05:10:38.767000+00:00] #015  ...ckpoint-1158/optimizer.pt: 100%|█████████▉|  268MB /  269MB            #033[A#033[A#033[A
[2026-05-31T05:10:38.767000+00:00] ...ckpoint-1158/scheduler.pt: 100%|██████████| 1.47kB / 1.47kB            #033[A#033[A#033[A#033[A
[2026-05-31T05:10:38.767000+00:00] #015  ...l/model/model.safetensors:  94%|█████████▍| 13.7GB / 14.6GB            #033[A#033[A#033[A#033[A#033[A
[2026-05-31T05:10:38.767000+00:00] ...adapter_model.safetensors: 100%|█████████▉|  134MB /  134MB            #033[A#033[A#033[A#033[A#033[A#033[A#015Processing Files (1 / 5)      :  94%|█████████▍| 14.1GB / 15.0GB,  525MB/s
[2026-05-31T05:10:38.767000+00:00] New Data Upload               :  99%|█████████▊| 4.69GB / 4.76GB,  191MB/s  #033[A
[2026-05-31T05:10:38.767000+00:00] ...kpoint-1158/rng_state.pth:  77%|███████▋  | 11.3kB / 14.6kB            #033[A#033[A
[2026-05-31T05:10:38.767000+00:00] ...ckpoint-1158/optimizer.pt: 100%|█████████▉|  268MB /  269MB            #033[A#033[A#033[A
[2026-05-31T05:10:38.767000+00:00] #015  ...ckpoint-1158/scheduler.pt: 100%|██████████| 1.47kB / 1.47kB            #033[A#033[A#033[A#033[A
[2026-05-31T05:10:38.767000+00:00] ...l/model/model.safetensors:  96%|█████████▌| 14.0GB / 14.6GB            #033[A#033[A#033[A#033[A#033[A
[2026-05-31T05:10:38.767000+00:00] #015  ...adapter_model.safetensors: 100%|█████████▉|  134MB /  134MB            #033[A#033[A#033[A#033[A#033[A#033[A
[2026-05-31T05:10:38.768000+00:00] Processing Files (1 / 5)      :  96%|█████████▌| 14.4GB / 15.0GB,  552MB/s  
[2026-05-31T05:10:38.768000+00:00] #015New Data Upload               : 100%|█████████▉| 4.76GB / 4.76GB,  194MB/s  #033[A
[2026-05-31T05:10:38.768000+00:00] ...kpoint-1158/rng_state.pth:  77%|███████▋  | 11.3kB / 14.6kB            #033[A#033[A
[2026-05-31T05:10:38.768000+00:00] ...ckpoint-1158/optimizer.pt: 100%|█████████▉|  268MB /  269MB            #033[A#033[A#033[A
[2026-05-31T05:10:38.768000+00:00] ...ckpoint-1158/scheduler.pt: 100%|██████████| 1.47kB / 1.47kB            #033[A#033[A#033[A#033[A
[2026-05-31T05:10:38.768000+00:00] ...l/model/model.safetensors:  96%|█████████▌| 14.0GB / 14.6GB            #033[A#033[A#033[A#033[A#033[A
[2026-05-31T05:10:38.768000+00:00] ...adapter_model.safetensors: 100%|█████████▉|  134MB /  134MB            #033[A#033[A#033[A#033[A#033[A#033[A
[2026-05-31T05:10:38.768000+00:00] Processing Files (1 / 5)      :  96%|█████████▌| 14.4GB / 15.0GB,  546MB/s
[2026-05-31T05:10:38.768000+00:00] New Data Upload               :  99%|█████████▊| 4.76GB / 4.83GB,  191MB/s  #033[A
[2026-05-31T05:10:38.768000+00:00] ...kpoint-1158/rng_state.pth:  77%|███████▋  | 11.3kB / 14.6kB            #033[A#033[A
[2026-05-31T05:10:38.768000+00:00] ...ckpoint-1158/optimizer.pt: 100%|█████████▉|  268MB /  269MB            #033[A#033[A#033[A
[2026-05-31T05:10:38.768000+00:00] ...ckpoint-1158/scheduler.pt: 100%|██████████| 1.47kB / 1.47kB            #033[A#033[A#033[A#033[A
[2026-05-31T05:10:38.768000+00:00] ...l/model/model.safetensors:  96%|█████████▋| 14.1GB / 14.6GB            #033[A#033[A#033[A#033[A#033[A
[2026-05-31T05:10:38.768000+00:00] ...adapter_model.safetensors: 100%|█████████▉|  134MB /  134MB            #033[A#033[A#033[A#033[A#033[A#033[A
[2026-05-31T05:10:38.768000+00:00] Processing Files (1 / 5)      :  97%|█████████▋| 14.5GB / 15.0GB,  522MB/s
[2026-05-31T05:10:38.768000+00:00] New Data Upload               :  98%|█████████▊| 4.82GB / 4.90GB,  190MB/s  #033[A
[2026-05-31T05:10:39.768000+00:00] ...kpoint-1158/rng_state.pth:  77%|███████▋  | 11.3kB / 14.6kB            #033[A#033[A
[2026-05-31T05:10:39.768000+00:00] ...ckpoint-1158/optimizer.pt: 100%|█████████▉|  268MB /  269MB            #033[A#033[A#033[A
[2026-05-31T05:10:39.768000+00:00] ...ckpoint-1158/scheduler.pt: 100%|██████████| 1.47kB / 1.47kB            #033[A#033[A#033[A#033[A
[2026-05-31T05:10:39.768000+00:00] ...l/model/model.safetensors:  98%|█████████▊| 14.3GB / 14.6GB            #033[A#033[A#033[A#033[A#033[A
[2026-05-31T05:10:39.768000+00:00] ...adapter_model.safetensors: 100%|█████████▉|  134MB /  134MB            #033[A#033[A#033[A#033[A#033[A#033[A
[2026-05-31T05:10:39.768000+00:00] Processing Files (1 / 5)      :  98%|█████████▊| 14.7GB / 15.0GB,  546MB/s
[2026-05-31T05:10:39.768000+00:00] New Data Upload               :  99%|█████████▉| 4.86GB / 4.90GB,  194MB/s  #033[A
[2026-05-31T05:10:39.768000+00:00] ...kpoint-1158/rng_state.pth:  77%|███████▋  | 11.3kB / 14.6kB            #033[A#033[A
[2026-05-31T05:10:39.768000+00:00] ...ckpoint-1158/optimizer.pt: 100%|█████████▉|  268MB /  269MB            #033[A#033[A#033[A
[2026-05-31T05:10:39.768000+00:00] ...ckpoint-1158/scheduler.pt: 100%|██████████| 1.47kB / 1.47kB            #033[A#033[A#033[A#033[A
[2026-05-31T05:10:39.768000+00:00] ...l/model/model.safetensors:  99%|█████████▉| 14.4GB / 14.6GB            #033[A#033[A#033[A#033[A#033[A
[2026-05-31T05:10:39.768000+00:00] ...adapter_model.safetensors: 100%|█████████▉|  134MB /  134MB            #033[A#033[A#033[A#033[A#033[A#033[A
[2026-05-31T05:10:39.768000+00:00] Processing Files (1 / 5)      :  99%|█████████▉| 14.8GB / 15.0GB,  550MB/s
[2026-05-31T05:10:39.768000+00:00] New Data Upload               :  99%|█████████▊| 4.89GB / 4.96GB,  191MB/s  #033[A
[2026-05-31T05:10:39.768000+00:00] ...kpoint-1158/rng_state.pth:  77%|███████▋  | 11.3kB / 14.6kB            #033[A#033[A
[2026-05-31T05:10:39.768000+00:00] ...ckpoint-1158/optimizer.pt: 100%|█████████▉|  268MB /  269MB            #033[A#033[A#033[A
[2026-05-31T05:10:39.768000+00:00] ...ckpoint-1158/scheduler.pt: 100%|██████████| 1.47kB / 1.47kB            #033[A#033[A#033[A#033[A
[2026-05-31T05:10:39.769000+00:00] #015  ...l/model/model.safetensors:  99%|█████████▉| 14.5GB / 14.6GB            #033[A#033[A#033[A#033[A#033[A
[2026-05-31T05:10:39.769000+00:00] ...adapter_model.safetensors: 100%|█████████▉|  134MB /  134MB            #033[A#033[A#033[A#033[A#033[A#033[A#015Processing Files (1 / 5)      :  99%|█████████▉| 14.9GB / 15.0GB,  548MB/s
[2026-05-31T05:10:39.769000+00:00] New Data Upload               :  98%|█████████▊| 4.94GB / 5.03GB,  189MB/s  #033[A
[2026-05-31T05:10:39.769000+00:00] ...kpoint-1158/rng_state.pth:  77%|███████▋  | 11.3kB / 14.6kB            #033[A#033[A
[2026-05-31T05:10:39.769000+00:00] ...ckpoint-1158/optimizer.pt: 100%|█████████▉|  268MB /  269MB            #033[A#033[A#033[A
[2026-05-31T05:10:39.769000+00:00] ...ckpoint-1158/scheduler.pt: 100%|██████████| 1.47kB / 1.47kB            #033[A#033[A#033[A#033[A
[2026-05-31T05:10:39.769000+00:00] ...l/model/model.safetensors: 100%|█████████▉| 14.5GB / 14.6GB            #033[A#033[A#033[A#033[A#033[A
[2026-05-31T05:10:39.769000+00:00] ...adapter_model.safetensors: 100%|█████████▉|  134MB /  134MB            #033[A#033[A#033[A#033[A#033[A#033[A
[2026-05-31T05:10:39.769000+00:00] Processing Files (1 / 5)      : 100%|█████████▉| 14.9GB / 15.0GB,  546MB/s  
[2026-05-31T05:10:39.769000+00:00] #015New Data Upload               :  99%|█████████▉| 4.99GB / 5.03GB,  194MB/s
[2026-05-31T05:10:39.769000+00:00] #033[A
[2026-05-31T05:10:39.769000+00:00] ...nt-1158/training_args.bin: 100%|█████████▉| 5.56kB / 5.58kB            #033[A#033[A#033[A#033[A#033[A#033[A#033[A
[2026-05-31T05:10:39.769000+00:00] ...kpoint-1158/rng_state.pth: 100%|█████████▉| 14.6kB / 14.6kB            #033[A#033[A
[2026-05-31T05:10:39.769000+00:00] ...ckpoint-1158/optimizer.pt: 100%|█████████▉|  269MB /  269MB            #033[A#033[A#033[A
[2026-05-31T05:10:39.769000+00:00] ...ckpoint-1158/scheduler.pt: 100%|██████████| 1.47kB / 1.47kB            #033[A#033[A#033[A#033[A
[2026-05-31T05:10:39.769000+00:00] ...l/model/model.safetensors: 100%|█████████▉| 14.6GB / 14.6GB            #033[A#033[A#033[A#033[A#033[A
[2026-05-31T05:10:39.769000+00:00] ...adapter_model.safetensors: 100%|█████████▉|  134MB /  134MB            #033[A#033[A#033[A#033[A#033[A#033[A
[2026-05-31T05:10:39.769000+00:00] ...nt-1158/training_args.bin: 100%|█████████▉| 5.56kB / 5.58kB            #033[A#033[A#033[A#033[A#033[A#033[A#033[A
[2026-05-31T05:10:39.769000+00:00] Processing Files (1 / 6)      : 100%|█████████▉| 15.0GB / 15.0GB,  549MB/s
[2026-05-31T05:10:39.769000+00:00] New Data Upload               : 100%|█████████▉| 5.06GB / 5.06GB,  197MB/s  #033[A
[2026-05-31T05:10:40.769000+00:00] ...kpoint-1158/rng_state.pth: 100%|█████████▉| 14.6kB / 14.6kB            #033[A#033[A
[2026-05-31T05:10:40.769000+00:00] ...ckpoint-1158/optimizer.pt: 100%|█████████▉|  269MB /  269MB            #033[A#033[A#033[A
[2026-05-31T05:10:40.769000+00:00] ...ckpoint-1158/scheduler.pt: 100%|██████████| 1.47kB / 1.47kB            #033[A#033[A#033[A#033[A
[2026-05-31T05:10:40.769000+00:00] ...l/model/model.safetensors: 100%|█████████▉| 14.6GB / 14.6GB            #033[A#033[A#033[A#033[A#033[A
[2026-05-31T05:10:40.769000+00:00] ...adapter_model.safetensors: 100%|█████████▉|  134MB /  134MB            #033[A#033[A#033[A#033[A#033[A#033[A
[2026-05-31T05:10:40.769000+00:00] ...nt-1158/training_args.bin: 100%|█████████▉| 5.56kB / 5.58kB            #033[A#033[A#033[A#033[A#033[A#033[A#033[A
[2026-05-31T05:10:40.769000+00:00] Processing Files (1 / 6)      : 100%|█████████▉| 15.0GB / 15.0GB,  544MB/s
[2026-05-31T05:10:40.769000+00:00] New Data Upload               : 100%|█████████▉| 5.06GB / 5.06GB,  192MB/s  #033[A
[2026-05-31T05:10:40.769000+00:00] ...kpoint-1158/rng_state.pth: 100%|█████████▉| 14.6kB / 14.6kB            #033[A#033[A
[2026-05-31T05:10:40.769000+00:00] ...ckpoint-1158/optimizer.pt: 100%|█████████▉|  269MB /  269MB            #033[A#033[A#033[A
[2026-05-31T05:10:40.769000+00:00] ...ckpoint-1158/scheduler.pt: 100%|██████████| 1.47kB / 1.47kB            #033[A#033[A#033[A#033[A
[2026-05-31T05:10:40.769000+00:00] ...l/model/model.safetensors: 100%|█████████▉| 14.6GB / 14.6GB            #033[A#033[A#033[A#033[A#033[A
[2026-05-31T05:10:40.769000+00:00] ...adapter_model.safetensors: 100%|█████████▉|  134MB /  134MB            #033[A#033[A#033[A#033[A#033[A#033[A
[2026-05-31T05:10:40.769000+00:00] ...nt-1158/training_args.bin: 100%|█████████▉| 5.56kB / 5.58kB            #033[A#033[A#033[A#033[A#033[A#033[A#033[A
[2026-05-31T05:10:40.769000+00:00] ...kpoint-1158/rng_state.pth: 100%|██████████| 14.6kB / 14.6kB            #033[A#033[A
[2026-05-31T05:10:40.769000+00:00] ...ckpoint-1158/optimizer.pt: 100%|██████████|  269MB /  269MB            #033[A#033[A#033[A
[2026-05-31T05:10:40.769000+00:00] ...ckpoint-1158/scheduler.pt: 100%|██████████| 1.47kB / 1.47kB            #033[A#033[A#033[A#033[A
[2026-05-31T05:10:40.769000+00:00] ...l/model/model.safetensors: 100%|█████████▉| 14.6GB / 14.6GB            #033[A#033[A#033[A#033[A#033[A
[2026-05-31T05:10:40.769000+00:00] ...adapter_model.safetensors: 100%|██████████|  134MB /  134MB            #033[A#033[A#033[A#033[A#033[A#033[A
[2026-05-31T05:10:40.770000+00:00] ...nt-1158/training_args.bin: 100%|██████████| 5.58kB / 5.58kB            #033[A#033[A#033[A#033[A#033[A#033[A#033[A
[2026-05-31T05:10:40.770000+00:00] Processing Files (5 / 6)      : 100%|█████████▉| 15.0GB / 15.0GB,  530MB/s
[2026-05-31T05:10:40.770000+00:00] New Data Upload               : 100%|█████████▉| 5.06GB / 5.06GB,  188MB/s  #033[A
[2026-05-31T05:10:40.770000+00:00] ...kpoint-1158/rng_state.pth: 100%|██████████| 14.6kB / 14.6kB            #033[A#033[A
[2026-05-31T05:10:40.770000+00:00] ...ckpoint-1158/optimizer.pt: 100%|██████████|  269MB /  269MB            #033[A#033[A#033[A
[2026-05-31T05:10:40.770000+00:00] ...ckpoint-1158/scheduler.pt: 100%|██████████| 1.47kB / 1.47kB            #033[A#033[A#033[A#033[A
[2026-05-31T05:10:40.770000+00:00] ...l/model/model.safetensors: 100%|██████████| 14.6GB / 14.6GB            #033[A#033[A#033[A#033[A#033[A
[2026-05-31T05:10:40.770000+00:00] ...adapter_model.safetensors: 100%|██████████|  134MB /  134MB            #033[A#033[A#033[A#033[A#033[A#033[A
[2026-05-31T05:10:40.770000+00:00] ...nt-1158/training_args.bin: 100%|██████████| 5.58kB / 5.58kB            #033[A#033[A#033[A#033[A#033[A#033[A#033[A
[2026-05-31T05:10:40.770000+00:00] Processing Files (6 / 6)      : 100%|██████████| 15.0GB / 15.0GB,  527MB/s
[2026-05-31T05:10:40.770000+00:00] New Data Upload               : 100%|██████████| 5.06GB / 5.06GB,  185MB/s  #033[A
[2026-05-31T05:10:40.770000+00:00] ...kpoint-1158/rng_state.pth: 100%|██████████| 14.6kB / 14.6kB            #033[A#033[A
[2026-05-31T05:10:40.770000+00:00] ...ckpoint-1158/optimizer.pt: 100%|██████████|  269MB /  269MB            #033[A#033[A#033[A
[2026-05-31T05:10:40.770000+00:00] ...ckpoint-1158/scheduler.pt: 100%|██████████| 1.47kB / 1.47kB            #033[A#033[A#033[A#033[A
[2026-05-31T05:10:40.770000+00:00] ...l/model/model.safetensors: 100%|██████████| 14.6GB / 14.6GB            #033[A#033[A#033[A#033[A#033[A
[2026-05-31T05:10:40.770000+00:00] #015  ...adapter_model.safetensors: 100%|██████████|  134MB /  134MB            #033[A#033[A#033[A#033[A#033[A#033[A
[2026-05-31T05:10:40.770000+00:00] ...nt-1158/training_args.bin: 100%|██████████| 5.58kB / 5.58kB            #033[A#033[A#033[A#033[A#033[A#033[A#033[A
[2026-05-31T05:10:41.770000+00:00] ...kpoint-1158/rng_state.pth: 100%|██████████| 14.6kB / 14.6kB            #033[A#033[A
[2026-05-31T05:10:41.770000+00:00] ...ckpoint-1158/optimizer.pt: 100%|██████████|  269MB /  269MB            #033[A#033[A#033[A
[2026-05-31T05:10:41.770000+00:00] ...ckpoint-1158/scheduler.pt: 100%|██████████| 1.47kB / 1.47kB            #033[A#033[A#033[A#033[A
[2026-05-31T05:10:41.770000+00:00] ...l/model/model.safetensors: 100%|██████████| 14.6GB / 14.6GB            #033[A#033[A#033[A#033[A#033[A
[2026-05-31T05:10:41.770000+00:00] ...adapter_model.safetensors: 100%|██████████|  134MB /  134MB            #033[A#033[A#033[A#033[A#033[A#033[A
[2026-05-31T05:10:41.770000+00:00] ...nt-1158/training_args.bin: 100%|██████████| 5.58kB / 5.58kB            #033[A#033[A#033[A#033[A#033[A#033[A#033[A
[2026-05-31T05:10:41.770000+00:00] ...kpoint-1158/rng_state.pth: 100%|██████████| 14.6kB / 14.6kB            #033[A#033[A
[2026-05-31T05:10:41.770000+00:00] ...ckpoint-1158/optimizer.pt: 100%|██████████|  269MB /  269MB            #033[A#033[A#033[A
[2026-05-31T05:10:41.770000+00:00] ...ckpoint-1158/scheduler.pt: 100%|██████████| 1.47kB / 1.47kB            #033[A#033[A#033[A#033[A
[2026-05-31T05:10:41.770000+00:00] ...l/model/model.safetensors: 100%|██████████| 14.6GB / 14.6GB            #033[A#033[A#033[A#033[A#033[A
[2026-05-31T05:10:41.771000+00:00] ...adapter_model.safetensors: 100%|██████████|  134MB /  134MB            #033[A#033[A#033[A#033[A#033[A#033[A
[2026-05-31T05:10:41.771000+00:00] ...nt-1158/training_args.bin: 100%|██████████| 5.58kB / 5.58kB            #033[A#033[A#033[A#033[A#033[A#033[A#033[A
[2026-05-31T05:10:41.771000+00:00] ...kpoint-1158/rng_state.pth: 100%|██████████| 14.6kB / 14.6kB            #033[A#033[A
[2026-05-31T05:10:41.771000+00:00] ...ckpoint-1158/optimizer.pt: 100%|██████████|  269MB /  269MB            #033[A#033[A#033[A
[2026-05-31T05:10:41.771000+00:00] ...ckpoint-1158/scheduler.pt: 100%|██████████| 1.47kB / 1.47kB            #033[A#033[A#033[A#033[A
[2026-05-31T05:10:41.771000+00:00] ...l/model/model.safetensors: 100%|██████████| 14.6GB / 14.6GB            #033[A#033[A#033[A#033[A#033[A
[2026-05-31T05:10:41.771000+00:00] ...adapter_model.safetensors: 100%|██████████|  134MB /  134MB            #033[A#033[A#033[A#033[A#033[A#033[A
[2026-05-31T05:10:41.771000+00:00] ...nt-1158/training_args.bin: 100%|██████████| 5.58kB / 5.58kB            #033[A#033[A#033[A#033[A#033[A#033[A#033[A
[2026-05-31T05:10:41.771000+00:00] ...kpoint-1158/rng_state.pth: 100%|██████████| 14.6kB / 14.6kB            #033[A#033[A
[2026-05-31T05:10:41.771000+00:00] ...ckpoint-1158/optimizer.pt: 100%|██████████|  269MB /  269MB            #033[A#033[A#033[A
[2026-05-31T05:10:41.771000+00:00] ...ckpoint-1158/scheduler.pt: 100%|██████████| 1.47kB / 1.47kB            #033[A#033[A#033[A#033[A
[2026-05-31T05:10:41.771000+00:00] ...l/model/model.safetensors: 100%|██████████| 14.6GB / 14.6GB            #033[A#033[A#033[A#033[A#033[A
[2026-05-31T05:10:41.771000+00:00] ...adapter_model.safetensors: 100%|██████████|  134MB /  134MB            #033[A#033[A#033[A#033[A#033[A#033[A
[2026-05-31T05:10:41.771000+00:00] ...nt-1158/training_args.bin: 100%|██████████| 5.58kB / 5.58kB            #033[A#033[A#033[A#033[A#033[A#033[A#033[A
[2026-05-31T05:10:41.771000+00:00] Processing Files (6 / 6)      : 100%|██████████| 15.0GB / 15.0GB,  461MB/s
[2026-05-31T05:10:41.771000+00:00] New Data Upload               : 100%|██████████| 5.06GB / 5.06GB,  165MB/s
[2026-05-31T05:10:41.771000+00:00] ...kpoint-1158/rng_state.pth: 100%|██████████| 14.6kB / 14.6kB
[2026-05-31T05:10:41.771000+00:00] ...ckpoint-1158/optimizer.pt: 100%|██████████|  269MB /  269MB
[2026-05-31T05:10:41.771000+00:00] ...ckpoint-1158/scheduler.pt: 100%|██████████| 1.47kB / 1.47kB
[2026-05-31T05:10:41.771000+00:00] ...l/model/model.safetensors: 100%|██████████| 14.6GB / 14.6GB
[2026-05-31T05:10:41.771000+00:00] ...adapter_model.safetensors: 100%|██████████|  134MB /  134MB
[2026-05-31T05:10:41.771000+00:00] ...nt-1158/training_args.bin: 100%|██████████| 5.58kB / 5.58kB
[2026-05-31T05:10:45.772000+00:00] 2026-05-31 05:10:45,414 sagemaker-training-toolkit INFO     Waiting for the process to finish and give a return code.
[2026-05-31T05:10:45.772000+00:00] 2026-05-31 05:10:45,414 sagemaker-training-toolkit INFO     Done waiting for a return code. Received 0 from exiting process.
[2026-05-31T05:10:45.772000+00:00] 2026-05-31 05:10:45,414 sagemaker-training-toolkit INFO     Reporting training SUCCESS
